coffee_H_mean,coffee_H_std,coffee_S_mean,coffee_S_std,coffee_V_mean,coffee_V_std,coffee_L_mean,coffee_L_std,coffee_A_mean,coffee_A_std,coffee_Bl_mean,coffee_Bl_std,coffee_grey_mean,coffee_grey_std,flash,agtron
25.143,56.881,16.762,35.339,13.151,30.731,11.144,28.383,129.253,3.175,128.207,3.348,11.143,27.337,0,Agtron 25
21.351,51.806,15.935,34.434,12.752,30.099,10.903,28.002,129.072,2.906,128.27,3.383,10.914,26.962,0,Agtron 25
22.766,54.23,16.432,34.738,13.293,30.686,11.405,28.644,129.167,3.009,128.277,3.204,11.386,27.579,0,Agtron 25
23.935,55.379,16.323,34.582,13.249,30.569,11.352,28.51,129.162,3.014,128.258,3.254,11.35,27.44,0,Agtron 25
23.961,55.835,16.113,34.378,12.975,30.317,11.108,28.299,129.125,2.987,128.273,3.176,11.138,27.252,0,Agtron 25
29.33,58.724,15.568,32.153,12.244,29.483,10.439,27.737,128.984,2.794,127.845,2.952,10.591,26.774,0,Agtron 25
27.21,57.136,14.427,31.045,12.15,29.442,10.494,27.844,128.865,2.659,128.017,3.0,10.615,26.853,0,Agtron 25
28.435,58.082,14.278,30.272,12.216,29.485,10.572,27.948,128.85,2.612,127.956,2.987,10.7,26.962,0,Agtron 25
27.485,56.996,15.048,32.214,12.534,29.904,10.807,28.266,128.895,2.712,128.009,3.076,10.914,27.242,0,Agtron 25
28.392,58.501,14.969,31.633,12.596,30.15,10.843,28.35,128.932,2.751,128.06,3.258,10.95,27.291,0,Agtron 25
27.248,57.552,15.291,32.24,12.739,30.275,10.976,28.492,128.966,2.766,128.096,3.244,11.058,27.421,0,Agtron 25
26.144,55.949,14.404,31.244,11.971,29.073,10.318,27.526,128.851,2.64,128.023,2.97,10.444,26.543,0,Agtron 25
27.172,57.22,15.023,31.897,12.331,29.622,10.621,28.066,128.907,2.694,128.005,2.946,10.734,27.049,0,Agtron 25
17.847,48.775,20.092,42.043,14.734,32.441,12.341,29.493,129.465,3.486,128.916,3.872,12.167,28.223,0,Agtron 35
17.947,48.56,20.355,42.672,14.71,32.56,12.294,29.582,129.47,3.485,128.923,3.951,12.131,28.3,0,Agtron 35
16.605,46.964,19.555,42.348,13.811,31.512,11.527,28.719,129.356,3.396,128.875,3.835,11.416,27.536,0,Agtron 35
16.709,46.772,19.898,42.827,14.214,32.07,11.856,29.123,129.411,3.494,128.922,3.982,11.716,27.899,0,Agtron 35
16.871,46.916,19.775,41.977,14.134,31.901,11.8,29.011,129.408,3.421,128.849,3.855,11.665,27.809,0,Agtron 35
16.636,46.415,21.381,45.303,14.884,33.259,12.262,29.83,129.583,3.821,129.055,4.302,12.068,28.511,0,Agtron 35
16.228,46.079,21.034,45.253,14.713,32.985,12.153,29.654,129.529,3.746,129.1,4.27,11.972,28.365,0,Agtron 35
16.083,45.678,21.544,46.089,15.166,33.645,12.523,30.152,129.584,3.867,129.166,4.442,12.301,28.804,0,Agtron 35
15.397,44.541,21.465,46.349,14.802,33.18,12.195,29.685,129.556,3.803,129.154,4.41,11.989,28.367,0,Agtron 35
15.606,44.725,21.191,45.785,14.842,33.231,12.246,29.788,129.528,3.801,129.144,4.394,12.061,28.466,0,Agtron 35
15.731,45.341,21.338,46.087,14.904,33.21,12.334,29.882,129.532,3.769,129.156,4.312,12.133,28.552,0,Agtron 35
14.403,42.167,24.221,51.941,17.155,36.728,14.122,32.228,129.829,4.364,129.788,5.832,13.634,30.554,0,Agtron 45
14.648,42.143,24.476,51.643,17.162,36.492,14.09,32.019,129.856,4.363,129.7,5.751,13.63,30.37,0,Agtron 45
14.218,41.773,24.896,52.818,17.473,37.092,14.318,32.375,129.916,4.489,129.854,5.958,13.804,30.679,0,Agtron 45
14.088,40.893,24.926,52.449,17.214,36.442,14.117,31.946,129.845,4.356,129.745,5.765,13.66,30.28,0,Agtron 45
13.828,40.749,24.888,52.623,17.539,36.985,14.417,32.405,129.886,4.416,129.819,5.875,13.909,30.717,0,Agtron 45
14.018,40.825,24.352,52.025,17.225,36.963,14.151,32.361,129.837,4.391,129.724,5.866,13.665,30.663,0,Agtron 45
13.31,40.09,24.502,52.486,17.734,37.806,14.599,33.067,129.902,4.49,129.868,5.982,14.05,31.325,0,Agtron 45
13.952,41.538,24.175,51.814,17.428,37.6,14.341,32.913,129.869,4.435,129.802,5.971,13.826,31.186,0,Agtron 45
13.3,40.195,24.249,52.153,16.97,36.911,13.9,32.28,129.871,4.42,129.757,5.845,13.402,30.613,0,Agtron 45
13.24,40.356,24.769,52.877,17.002,36.857,13.858,32.145,129.924,4.514,129.8,5.89,13.373,30.503,0,Agtron 45
13.304,39.901,26.495,56.011,19.246,40.405,15.717,34.905,130.164,4.913,130.31,6.985,15.004,32.947,0,Agtron 55
13.244,39.873,26.037,55.357,18.726,39.569,15.273,34.228,130.13,4.852,130.194,6.749,14.615,32.339,0,Agtron 55
13.046,39.6,25.753,55.393,18.619,39.705,15.194,34.329,130.092,4.851,130.213,6.82,14.533,32.421,0,Agtron 55
13.01,38.895,25.684,55.04,18.566,39.54,15.194,34.267,130.05,4.764,130.16,6.778,14.531,32.359,0,Agtron 55
13.499,40.638,26.265,55.664,19.118,40.254,15.638,34.87,130.142,4.859,130.272,6.879,14.945,32.922,0,Agtron 55
12.589,37.757,26.069,55.387,19.183,40.208,15.76,34.903,130.052,4.739,130.3,6.936,15.05,32.922,0,Agtron 55
12.994,38.211,26.39,55.68,19.545,40.573,16.024,35.095,130.12,4.845,130.345,7.009,15.288,33.074,0,Agtron 55
13.383,39.276,26.654,55.502,19.673,40.63,16.161,35.215,130.112,4.769,130.374,7.038,15.422,33.183,0,Agtron 55
13.028,38.307,26.83,56.437,19.932,41.291,16.379,35.728,130.114,4.832,130.473,7.277,15.612,33.642,0,Agtron 55
13.438,38.622,27.795,58.544,20.744,42.752,16.986,36.572,130.186,5.041,130.855,8.219,16.104,34.318,0,Agtron 65
13.41,38.118,27.644,57.765,21.08,43.075,17.413,37.153,130.1,4.854,130.835,8.116,16.516,34.873,0,Agtron 65
12.09,35.372,26.216,56.715,19.892,42.667,16.41,36.894,129.935,4.74,130.642,8.071,15.582,34.653,0,Agtron 65
12.29,36.307,26.165,56.832,19.827,42.316,16.36,36.522,129.98,4.76,130.658,7.97,15.527,34.324,0,Agtron 65
12.006,35.778,25.954,56.616,19.466,41.629,16.011,35.86,129.976,4.77,130.594,7.825,15.208,33.694,0,Agtron 65
12.193,35.921,26.361,56.813,19.876,42.086,16.39,36.372,129.999,4.774,130.618,7.852,15.561,34.196,0,Agtron 65
11.812,35.059,26.068,57.215,20.097,43.036,16.62,37.191,129.948,4.786,130.758,8.119,15.766,34.933,0,Agtron 65
12.316,36.766,25.99,56.373,19.487,41.474,16.089,35.909,129.96,4.706,130.553,7.637,15.302,33.783,0,Agtron 65
12.496,36.944,25.747,56.3,19.735,42.193,16.343,36.528,129.942,4.72,130.634,7.896,15.509,34.333,0,Agtron 65
12.397,36.86,26.091,56.619,19.884,42.201,16.468,36.565,129.961,4.709,130.638,7.847,15.642,34.384,0,Agtron 65
12.541,37.196,25.821,56.396,19.528,41.849,16.135,36.193,129.949,4.737,130.594,7.771,15.326,34.037,0,Agtron 65
13.363,40.229,27.293,58.365,20.245,42.991,16.602,36.958,130.137,4.958,130.829,8.114,15.747,34.735,0,Agtron 65
13.182,39.963,26.036,56.745,19.039,41.293,15.61,35.529,130.024,4.831,130.59,7.722,14.821,33.406,0,Agtron 65
12.656,38.46,26.406,57.407,19.256,41.615,15.844,35.994,129.975,4.717,130.626,7.809,15.06,33.842,0,Agtron 65
12.826,38.866,26.813,58.019,19.678,42.327,16.191,36.532,130.017,4.793,130.743,8.064,15.361,34.322,0,Agtron 65
12.617,38.525,26.602,58.087,19.453,42.022,15.932,36.126,130.055,4.893,130.703,7.955,15.122,33.965,0,Agtron 65
12.696,39.214,25.977,57.039,18.955,41.339,15.548,35.674,130.004,4.835,130.554,7.657,14.784,33.575,0,Agtron 65
12.961,39.645,26.901,58.242,19.664,42.288,16.113,36.384,130.093,4.925,130.725,7.966,15.285,34.212,0,Agtron 65
13.03,39.706,26.521,57.576,19.39,41.655,15.942,35.982,130.033,4.814,130.634,7.755,15.135,33.842,0,Agtron 65
12.99,40.01,26.26,57.295,19.352,41.709,15.907,35.946,130.036,4.831,130.659,7.778,15.092,33.812,0,Agtron 65
12.637,38.614,26.685,57.856,19.742,42.196,16.245,36.385,130.048,4.856,130.721,7.871,15.405,34.209,0,Agtron 65
11.92,36.121,25.596,56.981,19.523,42.13,16.142,36.355,129.954,4.811,130.707,8.004,15.276,34.137,0,Agtron 65
12.19,36.769,26.249,57.526,19.734,42.088,16.324,36.379,129.98,4.793,130.729,7.971,15.452,34.164,0,Agtron 65
11.85,35.485,25.823,56.973,19.66,42.334,16.269,36.57,129.922,4.751,130.728,8.047,15.408,34.327,0,Agtron 65
11.978,34.866,26.911,58.765,21.1,45.048,17.418,38.641,129.988,4.865,131.132,8.99,16.449,36.143,0,Agtron 75
12.477,36.58,26.893,58.875,21.525,46.228,17.742,39.539,130.067,4.981,131.189,9.142,16.766,37.018,0,Agtron 75
12.847,38.166,26.987,59.071,20.718,44.587,16.96,38.044,130.117,5.063,131.063,8.805,16.05,35.643,0,Agtron 75
12.316,36.657,26.571,58.775,20.418,44.359,16.708,37.817,130.055,5.016,131.032,8.793,15.813,35.393,0,Agtron 75
12.21,35.897,26.751,58.904,20.138,43.913,16.457,37.483,130.015,4.94,130.961,8.735,15.594,35.103,0,Agtron 75
12.419,36.263,26.467,58.297,20.874,45.423,17.17,38.915,130.016,4.95,131.019,8.924,16.254,36.45,0,Agtron 75
11.909,35.121,26.136,58.191,20.066,43.918,16.453,37.599,129.965,4.913,130.905,8.644,15.595,35.204,0,Agtron 75
12.141,35.419,26.623,58.369,20.727,45.076,17.003,38.525,130.003,4.923,131.036,8.915,16.096,36.059,0,Agtron 75
12.091,35.446,26.779,58.787,20.344,44.208,16.615,37.706,130.046,4.999,130.977,8.813,15.732,35.299,0,Agtron 75
11.398,33.216,26.169,57.835,20.453,44.586,16.883,38.285,129.863,4.741,131.05,8.975,15.956,35.786,0,Agtron 75
11.786,34.154,26.54,58.296,20.653,44.663,17.054,38.328,129.882,4.743,131.127,9.093,16.099,35.793,0,Agtron 75
11.596,33.74,27.399,58.921,20.698,44.356,16.926,37.924,130.012,4.949,130.999,8.813,16.013,35.491,0,Agtron 75
19.358,48.616,24.776,52.495,14.275,34.498,12.087,32.0,129.094,3.496,128.528,3.767,11.948,30.529,1,Agtron 25
11.9,37.292,28.915,60.239,14.449,34.441,11.896,31.642,129.283,3.691,128.935,4.051,11.726,30.177,1,Agtron 25
18.107,46.819,24.866,53.394,14.001,34.103,11.829,31.613,129.068,3.505,128.568,3.785,11.699,30.158,1,Agtron 25
12.233,37.831,29.628,60.816,14.78,34.74,12.138,31.874,129.337,3.727,128.967,4.088,11.962,30.391,1,Agtron 25
18.591,47.684,25.017,53.396,14.036,34.211,11.859,31.741,129.078,3.482,128.556,3.78,11.732,30.272,1,Agtron 25
11.666,36.813,29.377,60.475,14.666,34.599,12.065,31.776,129.314,3.703,128.982,4.072,11.887,30.3,1,Agtron 25
18.323,47.318,25.543,53.752,14.306,34.394,12.06,31.88,129.13,3.527,128.59,3.768,11.923,30.411,1,Agtron 25
11.958,37.327,29.652,60.971,14.709,34.698,12.097,31.868,129.311,3.701,128.978,4.076,11.92,30.386,1,Agtron 25
18.628,47.483,25.672,54.016,14.555,34.598,12.326,32.128,129.103,3.52,128.566,3.772,12.179,30.634,1,Agtron 25
11.997,37.353,29.131,59.669,15.099,35.145,12.464,32.283,129.34,3.715,129.014,4.142,12.26,30.785,1,Agtron 25
18.961,48.22,25.24,53.562,14.412,34.569,12.214,32.168,129.101,3.495,128.538,3.726,12.077,30.681,1,Agtron 25
11.834,37.126,28.48,59.181,14.543,34.593,12.001,31.779,129.285,3.67,128.955,4.02,11.823,30.311,1,Agtron 25
18.768,47.995,24.133,52.34,13.77,33.742,11.662,31.322,129.05,3.442,128.491,3.659,11.541,29.897,1,Agtron 25
12.138,37.74,28.991,59.641,14.806,34.731,12.198,31.869,129.321,3.693,128.9,3.974,12.022,30.403,1,Agtron 25
18.742,47.884,24.434,52.724,13.948,34.056,11.805,31.598,129.069,3.481,128.505,3.736,11.674,30.14,1,Agtron 25
11.879,37.011,29.43,60.303,15.029,35.033,12.387,32.11,129.338,3.74,129.01,4.111,12.182,30.609,1,Agtron 25
19.625,49.059,24.349,52.566,13.745,33.795,11.6,31.315,129.066,3.466,128.471,3.702,11.496,29.897,1,Agtron 25
12.518,38.497,29.491,60.621,14.849,34.782,12.179,31.894,129.359,3.754,128.914,4.02,12.012,30.422,1,Agtron 25
18.844,47.905,24.593,52.641,14.415,34.675,12.217,32.161,129.116,3.515,128.532,3.764,12.056,30.669,1,Agtron 25
12.385,38.213,28.911,59.746,14.753,34.7,12.122,31.755,129.343,3.743,128.913,4.04,11.938,30.281,1,Agtron 25
19.282,48.454,24.333,52.271,14.477,34.907,12.311,32.39,129.098,3.504,128.527,3.846,12.147,30.891,1,Agtron 25
12.201,37.842,28.572,59.311,14.782,34.984,12.207,32.099,129.308,3.689,128.959,4.129,12.02,30.612,1,Agtron 25
18.689,47.752,24.302,52.61,13.912,34.267,11.765,31.791,129.071,3.482,128.525,3.813,11.645,30.341,1,Agtron 25
12.366,38.036,28.94,59.913,14.771,34.979,12.147,32.069,129.333,3.722,128.936,4.141,11.975,30.594,1,Agtron 25
10.543,34.766,33.48,66.727,16.286,36.143,12.848,32.074,129.889,4.428,129.847,5.373,12.541,30.466,1,Agtron 35
10.858,35.273,34.754,69.193,16.885,36.885,13.249,32.607,130.022,4.617,130.078,5.751,12.883,30.933,1,Agtron 35
10.295,34.668,32.936,66.758,15.83,35.579,12.448,31.563,129.876,4.421,129.792,5.251,12.159,29.996,1,Agtron 35
10.195,34.095,33.862,68.743,16.232,36.189,12.731,31.961,129.931,4.538,130.028,5.683,12.378,30.31,1,Agtron 35
10.144,34.196,32.802,66.436,15.896,35.754,12.521,31.673,129.864,4.419,129.831,5.326,12.217,30.085,1,Agtron 35
10.15,34.113,33.296,68.167,16.084,36.083,12.631,31.89,129.914,4.529,130.003,5.666,12.273,30.239,1,Agtron 35
10.501,34.138,30.322,61.454,16.465,36.833,13.314,32.765,129.671,4.066,129.471,5.14,12.962,31.139,1,Agtron 35
11.078,34.723,31.538,63.611,17.082,37.533,13.752,33.198,129.762,4.198,129.71,5.594,13.339,31.502,1,Agtron 35
12.172,37.716,34.376,67.988,16.982,36.499,13.398,32.25,129.98,4.536,130.149,5.844,13.029,30.538,1,Agtron 35
10.96,36.121,33.351,66.833,16.29,35.583,13.029,31.881,129.742,4.221,130.102,5.555,12.716,30.234,1,Agtron 35
11.849,37.487,33.975,67.835,17.172,36.88,13.687,32.907,129.919,4.447,130.18,5.815,13.303,31.183,1,Agtron 35
11.836,37.695,32.78,65.417,16.506,35.781,13.166,31.868,129.837,4.315,129.963,5.419,12.839,30.225,1,Agtron 35
12.069,37.927,34.015,68.006,16.975,36.473,13.456,32.301,129.94,4.476,130.231,5.949,13.065,30.583,1,Agtron 35
11.885,37.83,33.172,65.985,16.411,35.681,13.043,31.779,129.856,4.317,129.954,5.382,12.729,30.156,1,Agtron 35
11.783,37.341,33.515,67.615,16.607,36.203,13.152,32.111,129.909,4.451,130.128,5.798,12.783,30.412,1,Agtron 35
11.768,37.508,33.788,66.618,16.792,36.038,13.344,32.043,129.905,4.374,130.035,5.498,13.002,30.394,1,Agtron 35
11.683,37.195,34.047,67.863,17.039,36.63,13.544,32.543,129.929,4.447,130.205,5.832,13.148,30.813,1,Agtron 35
11.442,36.756,33.232,66.37,16.591,35.995,13.238,32.084,129.833,4.295,130.053,5.535,12.897,30.424,1,Agtron 35
11.73,37.244,34.051,67.969,17.405,37.275,13.87,33.147,129.96,4.488,130.247,5.949,13.449,31.371,1,Agtron 35
11.613,37.299,33.149,66.366,16.293,35.653,12.953,31.788,129.828,4.3,129.971,5.437,12.64,30.159,1,Agtron 35
11.742,37.205,34.914,69.017,17.313,36.87,13.72,32.742,129.986,4.515,130.276,5.949,13.325,31.014,1,Agtron 35
11.809,37.564,33.55,66.463,16.818,36.373,13.421,32.449,129.861,4.335,130.056,5.573,13.069,30.762,1,Agtron 35
11.738,37.513,34.13,68.006,17.259,36.958,13.721,32.793,129.96,4.499,130.276,5.967,13.308,31.049,1,Agtron 35
11.387,36.855,33.38,66.339,16.608,35.889,13.266,32.078,129.826,4.296,130.008,5.435,12.934,30.432,1,Agtron 35
11.773,37.402,34.788,68.544,17.534,37.195,13.949,33.058,129.976,4.516,130.295,5.981,13.529,31.287,1,Agtron 35
11.592,37.448,33.297,66.346,16.707,36.231,13.327,32.329,129.856,4.348,130.037,5.533,12.988,30.669,1,Agtron 35
10.978,34.669,36.856,72.652,17.562,38.19,13.671,33.079,130.126,4.868,130.663,7.16,13.117,31.157,1,Agtron 45
11.14,34.997,37.497,73.127,17.802,38.304,13.856,33.21,130.161,4.888,130.704,7.177,13.293,31.289,1,Agtron 45
11.083,34.844,36.994,72.787,17.436,37.891,13.578,32.944,130.106,4.833,130.611,7.053,13.053,31.064,1,Agtron 45
10.949,34.603,37.536,72.918,18.184,38.831,14.191,33.654,130.186,4.909,130.795,7.276,13.603,31.69,1,Agtron 45
10.881,34.519,36.802,72.617,17.63,38.299,13.79,33.362,130.093,4.811,130.673,7.131,13.235,31.43,1,Agtron 45
10.786,34.482,37.186,73.058,17.684,38.204,13.758,33.068,130.154,4.888,130.725,7.195,13.189,31.139,1,Agtron 45
10.527,34.071,35.9,71.97,16.862,37.24,13.115,32.273,130.054,4.8,130.557,6.956,12.591,30.405,1,Agtron 45
10.75,34.423,37.531,73.462,17.446,37.706,13.46,32.456,130.196,4.934,130.67,7.115,12.926,30.565,1,Agtron 45
10.645,34.299,36.12,71.957,17.098,37.517,13.305,32.519,130.089,4.819,130.554,6.923,12.775,30.639,1,Agtron 45
10.806,33.071,35.772,69.159,19.212,40.268,15.377,35.221,129.99,4.486,130.534,7.148,14.731,33.215,1,Agtron 45
10.668,33.004,34.105,67.407,18.507,39.682,14.88,34.755,129.87,4.357,130.404,6.989,14.253,32.765,1,Agtron 45
10.458,32.541,34.44,68.243,18.195,39.111,14.522,34.117,129.897,4.418,130.396,6.976,13.922,32.183,1,Agtron 45
11.089,34.562,37.293,73.056,18.816,39.793,14.836,34.415,130.196,4.928,131.167,7.942,14.089,32.315,1,Agtron 55
11.259,34.349,40.043,75.028,20.543,41.71,16.198,36.118,130.381,5.072,131.45,8.253,15.386,33.918,1,Agtron 55
11.314,33.795,35.645,69.094,20.184,41.688,16.286,36.377,130.035,4.545,130.924,7.864,15.482,34.214,1,Agtron 55
11.219,33.843,34.988,68.457,19.441,40.914,15.606,35.662,130.003,4.501,130.695,7.583,14.881,33.584,1,Agtron 55
11.108,33.569,34.825,68.572,19.407,40.963,15.614,35.7,129.97,4.494,130.779,7.71,14.859,33.587,1,Agtron 55
11.022,33.581,35.26,69.278,19.227,40.639,15.399,35.399,130.001,4.534,130.776,7.631,14.681,33.334,1,Agtron 55
11.082,33.483,35.141,68.886,19.732,41.254,15.915,36.016,129.989,4.497,130.86,7.766,15.135,33.877,1,Agtron 55
10.881,34.143,37.931,73.357,19.483,40.672,15.38,35.178,130.263,4.998,131.268,8.065,14.599,33.01,1,Agtron 55
10.727,33.931,37.072,73.183,18.862,39.872,14.883,34.486,130.217,4.972,131.184,7.985,14.112,32.382,1,Agtron 55
10.848,34.374,37.143,73.092,18.497,39.473,14.489,34.059,130.23,4.988,131.028,7.746,13.787,32.016,1,Agtron 55
10.767,34.184,37.202,73.457,18.742,39.737,14.738,34.291,130.233,5.01,131.171,7.982,13.979,32.198,1,Agtron 55
10.625,33.469,38.378,73.891,19.815,40.969,15.622,35.417,130.326,5.068,131.301,8.079,14.831,33.257,1,Agtron 55
10.685,33.761,37.802,73.696,19.459,40.642,15.374,35.208,130.27,5.01,131.249,8.03,14.585,33.055,1,Agtron 55
10.617,33.74,37.702,73.472,19.198,40.295,15.117,34.891,130.271,5.015,131.154,7.856,14.371,32.786,1,Agtron 55
10.431,33.549,36.208,72.639,18.464,39.574,14.621,34.356,130.136,4.883,131.093,7.868,13.87,32.258,1,Agtron 55
10.421,33.354,37.644,73.639,19.092,40.136,15.039,34.736,130.252,4.997,131.207,7.945,14.285,32.632,1,Agtron 55
10.419,33.55,35.959,72.578,18.333,39.575,14.515,34.355,130.119,4.881,131.087,7.892,13.77,32.26,1,Agtron 55
10.186,32.948,37.177,73.655,18.573,39.6,14.623,34.339,130.187,4.934,131.107,7.836,13.902,32.262,1,Agtron 55
10.234,32.853,36.856,73.202,19.026,40.206,15.103,34.955,130.182,4.934,131.214,7.997,14.312,32.811,1,Agtron 55
10.169,32.753,37.634,73.966,19.131,40.371,15.09,34.998,130.244,5.004,131.226,7.989,14.323,32.877,1,Agtron 55
10.541,33.333,35.619,71.259,20.675,43.435,16.87,37.803,130.03,4.776,131.818,9.242,15.823,35.297,1,Agtron 65
10.724,33.352,37.086,72.369,21.444,44.037,17.464,38.289,130.125,4.861,131.974,9.375,16.381,35.748,1,Agtron 65
10.743,33.059,37.534,72.547,22.191,44.848,18.142,39.059,130.159,4.879,132.115,9.536,17.0,36.462,1,Agtron 65
10.724,33.218,38.035,73.367,22.107,44.799,18.004,38.956,130.188,4.918,132.125,9.55,16.881,36.382,1,Agtron 65
10.708,33.314,36.706,71.979,21.508,44.244,17.575,38.551,130.092,4.821,131.954,9.372,16.481,35.992,1,Agtron 65
10.765,33.428,36.973,72.332,21.379,44.068,17.416,38.311,130.106,4.827,131.963,9.396,16.335,35.775,1,Agtron 65
10.976,33.638,38.16,73.394,21.991,44.475,17.843,38.567,130.23,4.972,132.055,9.474,16.733,36.019,1,Agtron 65
10.639,33.074,37.402,72.755,21.748,44.398,17.739,38.663,130.139,4.856,132.025,9.43,16.635,36.119,1,Agtron 65
10.709,33.19,37.066,72.251,21.882,44.708,17.888,38.951,130.128,4.853,132.026,9.481,16.765,36.368,1,Agtron 65
10.69,33.279,36.675,72.087,21.3,44.122,17.348,38.384,130.113,4.849,131.896,9.309,16.277,35.873,1,Agtron 65
10.607,33.264,36.153,71.686,21.136,43.876,17.257,38.247,130.081,4.814,131.841,9.262,16.187,35.724,1,Agtron 65
10.729,33.362,36.667,72.186,21.276,43.968,17.351,38.301,130.1,4.831,131.897,9.324,16.274,35.784,1,Agtron 65
10.404,33.073,34.921,70.36,20.499,43.277,16.755,37.718,130.012,4.763,131.699,9.066,15.717,35.24,1,Agtron 65
10.578,33.251,35.674,71.119,20.792,43.609,16.972,37.992,130.045,4.784,131.781,9.184,15.922,35.508,1,Agtron 65
10.521,33.049,34.905,69.915,20.819,43.738,17.156,38.288,129.931,4.613,131.77,9.186,16.084,35.769,1,Agtron 65
10.568,33.155,35.289,70.549,20.301,42.667,16.677,37.361,129.919,4.578,131.691,9.002,15.647,34.92,1,Agtron 65
10.668,33.062,35.562,70.336,21.305,44.079,17.589,38.628,129.952,4.616,131.874,9.269,16.48,36.078,1,Agtron 65
10.756,33.155,36.626,71.27,21.564,43.967,17.778,38.544,129.995,4.631,131.964,9.306,16.66,36.011,1,Agtron 65
10.705,33.232,35.613,70.547,21.276,44.177,17.534,38.676,129.976,4.652,131.866,9.287,16.432,36.13,1,Agtron 65
10.699,33.454,35.545,70.723,20.475,42.871,16.81,37.53,129.946,4.614,131.727,9.041,15.771,35.085,1,Agtron 65
10.546,33.056,35.053,70.134,20.837,43.699,17.16,38.224,129.943,4.626,131.787,9.192,16.086,35.715,1,Agtron 65
10.726,33.5,35.591,70.596,20.647,43.093,16.982,37.748,129.935,4.594,131.759,9.079,15.928,35.283,1,Agtron 65
10.535,33.149,35.31,70.511,20.696,43.445,17.007,38.009,129.956,4.651,131.746,9.138,15.949,35.52,1,Agtron 65
10.541,33.025,35.602,70.608,20.716,43.175,17.008,37.754,129.968,4.638,131.757,9.087,15.953,35.278,1,Agtron 65
10.578,33.075,35.232,70.25,20.848,43.661,17.174,38.204,129.934,4.604,131.799,9.216,16.095,35.683,1,Agtron 65
11.151,33.859,36.394,71.065,21.088,43.325,17.321,37.952,129.987,4.621,131.812,9.179,16.256,35.468,1,Agtron 65
10.901,33.36,35.332,69.914,21.019,43.747,17.347,38.312,129.9,4.525,131.812,9.266,16.268,35.764,1,Agtron 65
10.899,33.608,35.184,69.891,20.324,42.55,16.71,37.254,129.895,4.523,131.658,8.994,15.684,34.79,1,Agtron 65
10.53,33.082,34.115,68.841,22.534,47.425,18.663,41.294,130.004,4.787,132.141,10.051,17.445,38.498,1,Agtron 75
10.082,32.108,33.898,68.828,22.133,46.83,18.298,40.696,129.979,4.788,132.12,10.021,17.1,37.917,1,Agtron 75
10.283,32.647,33.311,67.917,22.025,46.831,18.24,40.715,129.96,4.755,132.039,9.919,17.047,37.934,1,Agtron 75
10.566,33.187,33.97,68.6,22.168,46.849,18.293,40.656,130.021,4.821,132.03,9.887,17.106,37.902,1,Agtron 75
10.697,33.34,34.574,69.286,22.319,46.857,18.37,40.619,130.064,4.876,132.081,9.936,17.177,37.864,1,Agtron 75
10.729,33.439,34.327,68.806,22.62,47.498,18.641,41.166,130.078,4.893,132.101,9.991,17.434,38.382,1,Agtron 75
10.43,32.932,34.406,69.205,22.317,46.878,18.376,40.632,130.064,4.878,132.085,9.914,17.184,37.883,1,Agtron 75
10.574,33.215,33.703,68.456,21.928,46.573,18.079,40.378,130.018,4.844,131.986,9.885,16.897,37.632,1,Agtron 75
10.584,33.194,34.296,68.905,22.314,46.883,18.398,40.634,130.046,4.859,132.077,9.926,17.2,37.87,1,Agtron 75
10.481,33.003,34.087,68.648,22.391,47.009,18.511,40.838,130.024,4.826,132.084,9.941,17.3,38.056,1,Agtron 75
10.549,33.147,34.433,69.414,21.927,46.423,18.003,40.156,130.061,4.887,132.024,9.873,16.832,37.431,1,Agtron 75
10.086,32.121,33.825,68.629,22.323,47.187,18.519,41.134,129.961,4.748,132.119,9.989,17.304,38.342,1,Agtron 75
10.317,32.471,34.613,69.367,22.652,47.219,18.794,41.191,129.996,4.76,132.188,10.034,17.558,38.375,1,Agtron 75
10.224,32.354,34.05,68.696,22.561,47.29,18.7,41.136,130.004,4.802,132.159,10.053,17.463,38.32,1,Agtron 75
13.794,40.92,22.075,48.786,11.909,32.011,10.103,29.39,128.804,3.088,128.367,3.517,10.017,28.032,0,Agtron 25
15.416,43.697,21.873,48.383,11.501,31.559,9.673,28.786,128.813,3.088,128.258,3.46,9.632,27.491,0,Agtron 25
14.699,42.412,21.679,48.062,11.194,31.048,9.407,28.26,128.769,3.033,128.268,3.478,9.376,26.981,0,Agtron 25
15.544,43.667,22.077,48.469,11.862,32.061,10.006,29.221,128.815,3.072,128.259,3.556,9.94,27.871,0,Agtron 25
15.465,43.631,21.5,47.69,11.62,31.708,9.788,28.82,128.805,3.056,128.256,3.597,9.722,27.5,0,Agtron 25
15.749,44.056,21.909,48.205,11.321,31.4,9.478,28.529,128.792,3.036,128.225,3.486,9.462,27.244,0,Agtron 25
5.464,20.852,30.789,64.286,12.983,33.049,10.782,30.711,129.009,3.434,129.521,4.63,10.607,29.316,0,Agtron 25
5.451,20.805,31.025,64.585,13.276,33.641,11.036,31.269,129.039,3.471,129.593,4.735,10.838,29.86,0,Agtron 25
5.493,20.798,31.039,64.459,13.392,33.554,11.161,31.146,129.033,3.451,129.628,4.786,10.941,29.717,0,Agtron 25
7.213,25.475,28.076,60.161,12.992,33.563,11.104,31.534,128.849,3.37,129.396,4.518,10.89,30.09,0,Agtron 25
7.709,27.076,27.108,58.67,12.409,32.951,10.584,30.972,128.817,3.361,129.259,4.293,10.422,29.6,0,Agtron 25
7.674,26.761,27.752,59.347,12.559,33.022,10.684,31.02,128.83,3.351,129.317,4.389,10.523,29.633,0,Agtron 25
7.077,25.257,27.545,59.829,12.342,32.999,10.501,30.946,128.806,3.352,129.339,4.44,10.332,29.562,0,Agtron 25
7.422,25.977,27.859,59.886,12.837,33.546,10.957,31.541,128.835,3.375,129.372,4.494,10.765,30.12,0,Agtron 25
8.189,28.449,26.401,57.372,12.768,33.67,10.919,31.559,128.843,3.386,129.225,4.321,10.737,30.188,0,Agtron 25
9.549,31.298,24.63,55.004,11.693,31.989,10.046,30.201,128.71,3.173,128.949,3.952,9.935,28.859,0,Agtron 25
7.704,27.04,30.201,61.785,15.02,35.726,12.6,32.782,129.155,3.519,129.602,5.009,12.242,31.158,0,Agtron 35
4.819,17.418,34.031,69.438,14.716,35.077,12.05,31.906,129.265,3.733,130.252,5.855,11.668,30.291,0,Agtron 35
5.659,20.639,33.106,67.636,14.595,34.796,12.04,31.877,129.208,3.621,130.039,5.541,11.68,30.261,0,Agtron 35
4.992,17.851,34.378,69.613,14.824,34.987,12.156,31.959,129.266,3.711,130.208,5.715,11.787,30.358,0,Agtron 35
5.925,21.424,32.554,66.714,14.555,34.735,12.083,31.962,129.164,3.553,129.902,5.328,11.731,30.346,0,Agtron 35
6.692,24.266,31.188,64.824,15.484,35.85,13.031,32.944,129.221,3.63,129.975,5.487,12.561,31.273,0,Agtron 35
12.494,38.039,25.26,53.962,13.991,34.309,11.842,31.067,129.036,3.304,128.682,4.21,11.537,29.491,0,Agtron 35
13.005,39.147,24.34,52.845,14.177,34.366,12.027,31.029,129.091,3.307,128.56,4.094,11.712,29.481,0,Agtron 35
12.53,37.783,25.557,54.439,14.674,34.514,12.505,31.317,129.092,3.294,128.77,4.256,12.138,29.717,0,Agtron 35
11.703,36.499,25.35,54.957,14.232,33.954,12.105,30.85,129.074,3.295,128.85,4.209,11.761,29.305,0,Agtron 35
12.137,37.098,25.588,54.501,15.123,35.05,12.944,31.931,129.122,3.337,128.812,4.239,12.547,30.302,0,Agtron 35
10.957,34.812,27.566,59.274,15.378,35.579,13.093,32.486,129.179,3.453,129.25,4.742,12.629,30.784,0,Agtron 35
10.919,34.68,27.159,58.456,15.044,35.107,12.772,31.917,129.154,3.422,129.177,4.663,12.341,30.264,0,Agtron 35
11.375,35.981,27.888,59.332,15.063,35.057,12.751,31.895,129.201,3.494,129.21,4.619,12.33,30.27,0,Agtron 35
10.522,34.579,28.916,61.257,15.401,35.443,13.013,32.364,129.264,3.58,129.491,4.875,12.557,30.713,0,Agtron 35
7.168,26.571,31.426,65.622,16.194,36.298,13.684,33.326,129.306,3.697,130.132,5.659,13.126,31.548,0,Agtron 35
5.526,21.177,31.509,66.31,15.903,36.495,13.366,33.511,129.3,3.724,130.197,5.785,12.836,31.779,0,Agtron 35
6.761,25.681,31.794,66.268,15.888,36.228,13.316,33.179,129.331,3.734,130.08,5.618,12.809,31.457,0,Agtron 35
8.695,31.146,29.967,63.681,15.389,35.795,12.942,32.767,129.269,3.645,129.798,5.27,12.478,31.081,0,Agtron 35
7.935,29.108,31.126,64.88,15.785,36.235,13.274,33.278,129.308,3.67,129.857,5.251,12.805,31.588,0,Agtron 35
5.632,21.013,31.925,67.697,17.17,39.723,14.548,36.55,129.321,3.791,130.438,6.46,13.899,34.569,0,Agtron 45
5.649,20.039,35.181,70.369,18.987,41.476,16.034,37.916,129.481,3.954,130.859,7.004,15.271,35.785,0,Agtron 45
5.439,20.266,31.928,67.753,16.998,39.409,14.348,36.198,129.342,3.823,130.403,6.38,13.718,34.25,0,Agtron 45
5.963,22.018,33.079,68.551,17.6,40.089,14.874,36.769,129.375,3.833,130.476,6.506,14.213,34.755,0,Agtron 45
5.724,20.938,32.863,68.404,17.534,39.698,14.825,36.405,129.364,3.834,130.529,6.533,14.146,34.39,0,Agtron 45
5.887,21.67,32.829,68.192,17.178,39.097,14.501,35.829,129.342,3.782,130.439,6.371,13.862,33.86,0,Agtron 45
6.029,22.531,31.251,66.744,16.667,38.822,14.117,35.654,129.282,3.725,130.269,6.192,13.498,33.706,0,Agtron 45
6.726,24.417,33.203,68.196,17.638,39.721,14.907,36.417,129.372,3.796,130.434,6.394,14.253,34.414,0,Agtron 45
6.554,24.096,31.409,66.634,16.945,39.111,14.367,35.956,129.299,3.742,130.274,6.2,13.741,34.0,0,Agtron 45
6.969,25.372,31.869,67.398,17.054,39.387,14.416,36.102,129.315,3.754,130.316,6.377,13.784,34.111,0,Agtron 45
7.003,25.511,31.259,66.497,16.772,39.003,14.218,35.837,129.272,3.704,130.193,6.141,13.611,33.872,0,Agtron 45
7.194,26.124,31.687,67.163,16.731,38.882,14.151,35.685,129.284,3.703,130.247,6.242,13.547,33.73,0,Agtron 45
7.451,26.919,30.748,65.94,16.609,38.874,14.092,35.704,129.247,3.665,130.152,6.143,13.493,33.735,0,Agtron 45
4.234,14.552,36.811,74.419,18.584,41.275,15.272,36.97,129.641,4.117,131.422,8.078,14.49,34.789,0,Agtron 55
4.155,13.824,36.839,74.028,18.833,41.218,15.504,36.928,129.664,4.134,131.482,8.036,14.691,34.748,0,Agtron 55
4.191,13.354,38.118,74.836,19.809,42.536,16.342,38.08,129.71,4.165,131.661,8.306,15.479,35.792,0,Agtron 55
4.364,14.46,37.866,74.422,19.607,42.15,16.155,37.764,129.721,4.194,131.562,8.156,15.322,35.539,0,Agtron 55
4.354,14.416,37.407,73.917,19.604,42.311,16.194,37.914,129.696,4.182,131.549,8.177,15.352,35.671,0,Agtron 55
4.298,13.911,38.047,74.632,19.597,41.993,16.145,37.564,129.724,4.214,131.603,8.189,15.298,35.341,0,Agtron 55
4.363,14.345,38.165,74.708,19.569,41.933,16.129,37.57,129.714,4.18,131.548,8.11,15.296,35.357,0,Agtron 55
4.306,13.685,38.824,75.438,19.773,41.942,16.238,37.484,129.766,4.254,131.679,8.241,15.386,35.267,0,Agtron 55
4.155,13.668,36.745,74.022,18.7,41.073,15.318,36.597,129.685,4.213,131.547,8.22,14.507,34.419,0,Agtron 55
4.21,13.815,36.192,73.297,18.783,41.344,15.475,36.937,129.636,4.162,131.542,8.243,14.645,34.721,0,Agtron 55
7.918,27.712,35.363,69.894,19.485,40.906,16.15,36.722,129.666,4.11,131.18,7.725,15.405,34.569,0,Agtron 55
9.134,30.606,34.695,68.694,19.003,40.336,15.785,36.265,129.567,3.94,130.973,7.449,15.082,34.111,0,Agtron 55
4.847,16.345,37.708,72.456,19.788,41.422,16.177,36.845,129.799,4.307,131.581,8.198,15.409,34.659,0,Agtron 55
4.663,15.039,38.456,73.207,20.143,41.81,16.459,37.129,129.829,4.382,131.744,8.429,15.654,34.877,0,Agtron 55
4.659,15.468,37.259,71.347,20.172,41.659,16.532,37.041,129.831,4.368,131.667,8.293,15.736,34.809,0,Agtron 55
4.614,15.185,37.664,71.743,20.271,41.632,16.609,37.013,129.84,4.362,131.729,8.33,15.801,34.78,0,Agtron 55
4.713,15.723,37.089,71.066,20.083,41.522,16.497,37.013,129.797,4.304,131.586,8.125,15.716,34.787,0,Agtron 55
4.85,16.451,36.901,70.897,20.208,41.632,16.631,37.124,129.796,4.302,131.666,8.283,15.817,34.873,0,Agtron 55
4.767,16.021,37.119,71.235,20.069,41.352,16.461,36.745,129.814,4.339,131.677,8.312,15.653,34.503,0,Agtron 55
4.619,15.197,37.564,71.842,20.217,41.674,16.553,36.992,129.834,4.379,131.78,8.505,15.732,34.72,0,Agtron 55
4.895,16.664,37.125,71.232,19.968,41.239,16.38,36.724,129.801,4.317,131.635,8.208,15.592,34.51,0,Agtron 55
4.926,16.655,37.672,71.641,20.361,41.714,16.697,37.093,129.829,4.338,131.727,8.377,15.889,34.826,0,Agtron 55
6.305,22.494,35.909,69.611,20.106,41.562,16.638,37.287,129.736,4.212,131.413,7.94,15.861,35.054,0,Agtron 55
4.67,15.573,37.255,71.674,19.959,41.459,16.327,36.812,129.821,4.384,131.705,8.393,15.531,34.581,0,Agtron 55
4.825,16.216,37.191,71.325,19.985,41.362,16.397,36.835,129.788,4.318,131.638,8.236,15.611,34.6,0,Agtron 55
5.154,17.841,36.883,71.013,19.97,41.241,16.41,36.795,129.789,4.3,131.586,8.154,15.624,34.581,0,Agtron 55
4.931,17.009,37.062,71.047,20.229,41.669,16.606,37.089,129.823,4.348,131.659,8.279,15.8,34.832,0,Agtron 55
4.649,15.444,37.352,71.492,20.284,41.867,16.636,37.233,129.827,4.357,131.714,8.38,15.825,34.968,0,Agtron 55
4.799,16.211,37.117,71.126,20.247,41.91,16.636,37.35,129.798,4.319,131.667,8.32,15.835,35.083,0,Agtron 55
10.893,33.9,34.039,68.785,21.219,43.764,17.897,39.234,129.647,4.128,131.473,8.531,16.925,36.806,0,Agtron 65
7.189,25.187,35.652,71.169,21.727,44.454,18.25,39.734,129.713,4.267,132.023,9.212,17.202,37.235,0,Agtron 65
6.947,24.405,35.111,70.668,21.51,44.373,18.06,39.613,129.708,4.275,131.965,9.157,17.021,37.139,0,Agtron 65
6.455,22.645,35.881,71.179,22.002,44.877,18.473,40.064,129.736,4.305,132.089,9.261,17.409,37.541,0,Agtron 65
6.129,21.267,36.599,71.972,22.2,45.084,18.634,40.268,129.749,4.3,132.122,9.256,17.569,37.746,0,Agtron 65
6.03,20.889,35.962,71.13,22.183,45.071,18.628,40.189,129.749,4.307,132.161,9.376,17.538,37.645,0,Agtron 65
9.59,31.241,34.875,69.588,21.972,44.733,18.593,40.227,129.66,4.129,131.753,8.852,17.558,37.719,0,Agtron 65
5.793,20.359,36.157,71.421,21.748,44.39,18.207,39.551,129.753,4.291,132.077,9.205,17.156,37.052,0,Agtron 65
6.27,22.096,35.434,70.658,21.528,44.183,18.089,39.527,129.705,4.232,131.913,8.973,17.059,37.066,0,Agtron 65
4.826,15.453,37.049,72.208,22.49,45.691,18.849,40.739,129.78,4.323,132.289,9.449,17.754,38.19,0,Agtron 65
4.503,13.924,37.702,73.034,22.475,45.527,18.712,40.293,129.861,4.435,132.436,9.688,17.587,37.733,0,Agtron 65
4.506,13.768,38.199,73.547,22.456,45.34,18.657,40.105,129.88,4.461,132.45,9.656,17.546,37.566,0,Agtron 65
4.509,13.568,38.133,73.163,22.946,46.214,19.156,41.019,129.848,4.406,132.494,9.739,18.018,38.412,0,Agtron 65
4.379,13.341,37.566,72.785,22.318,45.358,18.554,40.162,129.865,4.453,132.386,9.569,17.457,37.625,0,Agtron 65
4.475,13.428,37.941,72.883,22.961,46.24,19.157,41.016,129.866,4.425,132.488,9.711,18.019,38.421,0,Agtron 65
4.373,13.554,37.62,73.06,21.854,44.903,18.122,39.734,129.84,4.394,132.253,9.391,17.081,37.24,0,Agtron 65
4.439,13.669,37.559,72.905,22.261,45.486,18.525,40.314,129.838,4.412,132.361,9.572,17.436,37.776,0,Agtron 65
4.263,12.937,37.51,72.842,21.855,44.844,18.143,39.713,129.834,4.397,132.269,9.372,17.09,37.225,0,Agtron 65
4.302,12.315,38.169,73.248,22.65,45.84,18.86,40.615,129.86,4.44,132.443,9.605,17.743,38.054,0,Agtron 65
4.298,12.683,37.942,73.018,22.452,45.578,18.677,40.396,129.872,4.457,132.345,9.463,17.586,37.871,0,Agtron 65
4.25,12.142,37.707,73.119,21.865,44.814,18.222,39.796,129.784,4.368,132.289,9.384,17.154,37.312,0,Agtron 65
4.27,11.997,37.673,72.717,22.62,46.175,18.922,41.035,129.789,4.379,132.438,9.632,17.798,38.459,0,Agtron 65
4.324,12.185,38.519,73.833,22.496,45.544,18.751,40.484,129.827,4.408,132.438,9.568,17.644,37.944,0,Agtron 65
4.285,12.173,37.894,73.306,22.294,45.718,18.591,40.607,129.802,4.405,132.38,9.579,17.5,38.073,0,Agtron 65
4.234,12.1,37.544,72.707,22.23,45.405,18.572,40.369,129.795,4.378,132.313,9.414,17.478,37.849,0,Agtron 65
4.252,12.097,36.992,72.538,22.17,45.865,18.598,40.993,129.728,4.279,132.349,9.523,17.492,38.433,0,Agtron 65
4.228,12.143,37.554,73.256,21.752,45.134,18.146,40.215,129.745,4.293,132.285,9.349,17.089,37.702,0,Agtron 65
4.232,12.183,36.898,72.599,21.889,45.594,18.324,40.657,129.718,4.272,132.325,9.512,17.238,38.1,0,Agtron 65
4.266,11.99,37.8,73.756,21.767,45.245,18.148,40.258,129.737,4.293,132.375,9.531,17.074,37.73,0,Agtron 65
4.394,12.301,39.163,74.261,23.454,47.146,19.563,41.881,129.887,4.443,132.648,9.838,18.393,39.248,0,Agtron 65
4.258,12.112,36.857,72.518,22.033,45.814,18.494,40.992,129.706,4.271,132.316,9.453,17.401,38.453,0,Agtron 65
4.37,12.428,37.911,73.365,22.468,45.967,18.84,41.084,129.75,4.288,132.416,9.532,17.722,38.529,0,Agtron 65
4.272,11.924,37.687,73.319,22.282,45.935,18.666,41.027,129.74,4.307,132.421,9.592,17.553,38.466,0,Agtron 65
4.297,12.969,37.088,73.143,21.525,45.028,17.939,40.081,129.749,4.319,132.26,9.409,16.884,37.6,0,Agtron 65
4.213,12.494,36.511,73.18,22.744,47.743,18.895,42.046,129.87,4.543,132.701,10.51,17.704,39.324,0,Agtron 75
4.342,12.751,37.296,72.977,23.523,48.38,19.623,42.741,129.881,4.488,132.758,10.375,18.407,40.013,0,Agtron 75
4.325,12.575,37.436,73.362,23.941,49.132,19.932,43.247,129.925,4.565,132.935,10.766,18.67,40.422,0,Agtron 75
4.412,13.155,36.928,72.893,23.018,47.595,19.224,42.129,129.824,4.43,132.686,10.333,18.026,39.41,0,Agtron 75
4.319,12.761,37.179,73.204,23.06,47.679,19.212,42.087,129.849,4.466,132.749,10.447,18.007,39.349,0,Agtron 75
4.611,14.4,36.012,71.802,23.456,48.586,19.67,43.117,129.814,4.411,132.67,10.432,18.449,40.344,0,Agtron 75
9.539,31.555,32.845,67.662,21.069,44.809,17.873,40.309,129.523,3.892,131.451,8.61,16.897,37.8,0,Agtron 75
10.401,33.276,32.645,66.954,21.961,46.049,18.656,41.318,129.575,3.942,131.578,8.909,17.605,38.718,0,Agtron 75
11.116,34.803,31.915,66.396,20.339,43.688,17.237,39.227,129.468,3.821,131.155,8.245,16.31,36.796,0,Agtron 75
11.64,35.565,31.504,65.193,21.722,46.127,18.527,41.483,129.494,3.809,131.246,8.534,17.52,38.907,0,Agtron 75
11.855,35.99,31.506,65.487,20.259,43.567,17.204,39.132,129.436,3.751,131.028,8.081,16.289,36.706,0,Agtron 75
12.195,36.277,31.485,65.087,21.546,45.647,18.376,41.067,129.474,3.765,131.189,8.492,17.378,38.509,0,Agtron 75
12.312,36.595,31.309,64.944,20.363,43.759,17.299,39.32,129.438,3.743,130.928,8.015,16.392,36.889,0,Agtron 75
12.419,36.459,31.812,65.094,21.568,45.605,18.366,40.952,129.477,3.749,131.187,8.533,17.367,38.372,0,Agtron 75
12.459,36.468,31.352,65.016,20.181,43.527,17.144,39.133,129.393,3.674,130.876,8.042,16.245,36.688,0,Agtron 75
12.462,36.176,31.568,64.888,21.39,45.269,18.198,40.612,129.466,3.74,131.094,8.437,17.211,38.063,0,Agtron 75
12.594,36.371,32.108,65.619,20.093,43.135,17.005,38.749,129.415,3.672,130.716,7.786,16.145,36.34,0,Agtron 75
12.303,35.734,31.839,65.414,21.154,45.024,17.895,40.241,129.514,3.826,131.12,8.56,16.92,37.697,0,Agtron 75
10.116,33.903,20.401,49.678,11.695,33.421,10.1,30.708,128.713,3.452,128.432,3.41,9.942,29.299,0,Agtron 25
9.9,33.509,21.223,51.025,11.806,33.636,10.177,30.969,128.748,3.524,128.477,3.423,10.017,29.559,0,Agtron 25
7.609,27.052,25.132,58.006,12.255,34.07,10.561,31.748,128.764,3.648,128.919,3.891,10.357,30.3,0,Agtron 25
8.622,29.723,23.777,55.385,12.939,35.02,11.276,32.617,128.778,3.669,128.801,3.901,11.009,31.071,0,Agtron 25
9.999,31.645,20.412,49.886,12.285,34.147,10.767,31.553,128.676,3.663,128.708,3.888,10.516,30.058,0,Agtron 25
10.647,33.374,19.727,48.808,11.958,33.779,10.463,31.15,128.659,3.607,128.574,3.728,10.23,29.652,0,Agtron 25
18.885,46.114,19.417,46.769,11.798,33.812,10.059,30.034,128.701,3.527,127.916,3.718,9.879,28.546,0,Agtron 25
20.214,47.86,19.546,45.937,12.111,34.11,10.281,30.144,128.748,3.555,127.859,3.761,10.112,28.664,0,Agtron 25
10.165,32.897,27.857,57.493,16.663,38.401,14.135,34.255,129.276,4.194,129.08,4.726,13.62,32.443,0,Agtron 35
8.432,28.363,32.258,65.35,16.905,38.307,14.263,34.618,129.329,4.356,129.832,5.395,13.7,32.806,0,Agtron 35
9.397,30.515,31.094,62.315,16.791,38.217,14.156,34.307,129.29,4.257,129.428,4.948,13.661,32.517,0,Agtron 35
11.087,35.284,24.317,52.468,14.814,36.244,12.57,32.11,129.081,3.952,128.755,4.43,12.162,30.412,0,Agtron 35
10.86,34.861,23.414,51.441,13.956,35.158,11.882,31.275,128.968,3.849,128.65,4.171,11.531,29.606,0,Agtron 35
11.228,35.89,22.86,50.419,13.886,34.928,11.815,31.014,128.997,3.871,128.567,4.079,11.481,29.386,0,Agtron 35
10.321,33.93,24.156,52.491,14.03,35.032,11.885,31.122,129.035,3.906,128.746,4.197,11.539,29.505,0,Agtron 35
9.02,30.052,29.555,62.322,16.365,38.441,13.841,34.37,129.189,3.889,129.586,5.5,13.26,32.442,0,Agtron 45
9.381,30.897,30.865,63.571,16.53,38.326,13.91,34.225,129.248,4.123,129.666,5.542,13.339,32.294,0,Agtron 45
9.101,30.256,30.679,63.501,16.615,38.537,14.008,34.453,129.246,4.141,129.745,5.651,13.415,32.516,0,Agtron 45
8.961,30.203,31.512,64.991,17.124,39.391,14.429,35.293,129.299,4.234,129.903,5.865,13.795,33.324,0,Agtron 45
7.981,27.745,31.259,64.838,16.627,38.588,14.003,34.634,129.273,4.234,129.95,5.829,13.395,32.708,0,Agtron 45
7.691,26.932,32.129,65.99,16.783,38.852,14.123,34.953,129.298,4.274,129.976,5.799,13.523,33.017,0,Agtron 45
6.954,24.659,32.11,66.338,16.946,39.189,14.272,35.337,129.316,4.298,130.042,5.898,13.65,33.381,0,Agtron 45
5.733,19.505,34.888,71.522,19.256,42.306,16.242,38.244,129.494,4.494,131.026,7.585,15.344,35.971,0,Agtron 55
5.743,19.289,35.335,71.725,19.432,42.454,16.423,38.429,129.48,4.466,131.046,7.593,15.52,36.131,0,Agtron 55
5.588,18.999,35.055,71.913,19.015,41.976,16.015,37.956,129.494,4.499,131.015,7.559,15.134,35.704,0,Agtron 55
5.011,17.361,36.592,74.128,18.721,41.53,15.462,37.302,129.68,4.751,131.115,7.625,14.65,35.151,0,Agtron 55
5.142,17.736,36.838,73.747,18.85,41.51,15.584,37.24,129.678,4.707,131.035,7.45,14.782,35.066,0,Agtron 55
5.25,17.608,36.736,73.466,19.382,42.134,16.174,37.967,129.625,4.619,131.216,7.702,15.299,35.739,0,Agtron 55
5.36,16.932,41.29,77.389,21.403,43.887,17.747,39.474,129.849,4.773,131.724,8.251,16.788,37.152,0,Agtron 55
4.926,16.113,38.545,75.612,20.493,43.494,17.021,39.104,129.777,4.776,131.612,8.268,16.07,36.79,0,Agtron 55
5.791,18.407,38.948,75.618,21.684,45.063,18.25,40.665,129.685,4.589,131.783,8.723,17.192,38.214,0,Agtron 65
6.019,17.801,43.37,78.839,24.989,48.527,20.985,43.602,129.944,4.786,132.565,9.632,19.729,40.931,0,Agtron 65
6.07,17.761,44.536,79.211,26.157,49.611,21.989,44.604,130.048,4.887,132.787,9.805,20.668,41.908,0,Agtron 65
5.758,17.595,40.894,77.517,23.386,47.0,19.687,42.388,129.821,4.731,132.273,9.386,18.497,39.799,0,Agtron 65
5.628,16.927,42.468,78.928,24.312,48.261,20.422,43.415,129.901,4.833,132.543,9.719,19.181,40.767,0,Agtron 65
5.344,16.182,41.679,78.304,23.953,48.071,20.135,43.22,129.866,4.8,132.467,9.684,18.907,40.553,0,Agtron 65
5.371,16.225,42.401,79.217,24.089,47.904,20.164,43.007,129.94,4.885,132.585,9.781,18.927,40.384,0,Agtron 65
5.267,15.796,41.827,79.235,25.504,50.938,21.327,45.267,130.012,4.956,133.096,10.858,19.933,42.407,0,Agtron 75
5.08,14.849,42.147,79.799,25.06,49.863,20.891,44.264,130.026,4.966,133.13,10.869,19.499,41.416,0,Agtron 75
4.927,14.618,40.966,78.861,24.547,49.585,20.475,43.992,129.98,4.945,133.004,10.796,19.105,41.147,0,Agtron 75
5.119,15.91,39.467,77.624,24.183,49.724,20.267,44.299,129.905,4.888,132.769,10.612,18.931,41.478,0,Agtron 75
15.604,43.955,23.266,54.787,12.954,34.14,10.849,31.047,129.126,3.914,128.405,3.764,10.658,29.532,1,Agtron 25
16.557,45.73,22.294,53.743,12.239,33.023,10.224,29.983,129.099,3.942,128.345,3.661,10.062,28.521,1,Agtron 25
16.145,44.786,23.248,54.767,12.69,33.645,10.581,30.537,129.123,3.951,128.387,3.782,10.412,29.047,1,Agtron 25
17.206,46.454,22.099,53.477,12.039,32.775,10.07,29.803,129.055,3.882,128.291,3.635,9.925,28.34,1,Agtron 25
10.351,35.336,25.964,58.082,14.605,35.727,12.118,32.472,129.365,4.073,128.688,4.004,11.855,30.872,1,Agtron 25
10.059,34.865,25.817,57.919,14.381,35.336,11.871,32.033,129.385,4.103,128.724,4.037,11.619,30.462,1,Agtron 25
9.95,34.817,25.825,57.867,14.071,34.811,11.553,31.405,129.378,4.076,128.683,3.977,11.329,29.875,1,Agtron 25
9.327,31.68,30.62,62.822,17.327,38.114,14.065,33.771,129.827,4.692,129.647,5.375,13.557,32.012,1,Agtron 35
9.258,31.72,30.233,62.945,16.96,37.938,13.788,33.758,129.779,4.664,129.635,5.318,13.3,32.02,1,Agtron 35
9.575,32.365,31.022,63.01,17.852,38.613,14.562,34.408,129.878,4.732,129.69,5.331,14.029,32.616,1,Agtron 35
9.715,32.396,31.489,64.551,18.483,40.063,15.043,35.576,129.953,4.847,129.887,5.835,14.419,33.681,1,Agtron 35
9.571,31.993,32.667,65.943,18.117,39.046,14.608,34.528,129.966,4.818,129.887,5.734,14.052,32.704,1,Agtron 35
9.234,31.324,31.051,64.4,17.474,38.496,14.171,34.142,129.849,4.713,129.779,5.589,13.627,32.341,1,Agtron 35
9.533,32.095,31.574,64.714,17.684,38.622,14.301,34.208,129.905,4.768,129.807,5.632,13.746,32.385,1,Agtron 35
10.127,32.118,36.344,69.154,21.921,43.625,17.804,38.301,130.308,5.186,130.949,7.428,16.888,36.111,1,Agtron 45
10.218,31.948,36.61,68.572,23.123,44.971,18.903,39.526,130.358,5.198,131.016,7.571,17.909,37.243,1,Agtron 45
10.114,31.674,37.518,69.043,23.621,45.388,19.233,39.712,130.449,5.261,131.125,7.677,18.22,37.411,1,Agtron 45
10.312,31.878,37.998,69.583,23.987,45.72,19.582,40.137,130.453,5.261,131.187,7.736,18.548,37.824,1,Agtron 45
9.995,31.381,37.772,71.704,23.505,45.591,19.167,39.886,130.43,5.358,131.586,8.456,18.042,37.486,1,Agtron 55
10.496,32.038,39.273,72.364,25.372,47.678,20.777,41.785,130.56,5.454,131.854,8.819,19.538,39.277,1,Agtron 55
10.507,31.876,39.946,72.715,25.893,47.927,21.19,41.946,130.63,5.513,131.95,8.88,19.919,39.426,1,Agtron 55
10.228,31.215,39.915,73.035,25.782,48.039,21.092,42.027,130.604,5.493,131.969,8.958,19.824,39.485,1,Agtron 55
9.055,28.667,37.078,72.193,23.808,46.959,19.73,41.164,130.166,4.976,132.041,9.377,18.45,38.565,1,Agtron 65
9.264,29.119,37.491,72.673,24.085,47.12,19.982,41.343,130.186,4.994,132.128,9.522,18.66,38.738,1,Agtron 65
9.175,28.485,37.518,72.136,24.515,47.48,20.433,41.751,130.153,4.923,132.186,9.539,19.08,39.126,1,Agtron 65
8.723,28.225,35.286,70.261,23.153,46.728,19.199,41.021,130.105,4.914,131.752,9.088,17.991,38.465,1,Agtron 65
9.141,29.197,36.332,71.246,23.57,46.854,19.478,41.066,130.202,5.019,131.843,9.176,18.24,38.504,1,Agtron 65
9.126,29.041,36.7,71.557,23.751,47.022,19.649,41.294,130.195,4.988,131.856,9.138,18.417,38.737,1,Agtron 65
8.878,28.45,35.53,70.255,23.377,46.754,19.394,41.01,130.123,4.924,131.782,9.133,18.161,38.435,1,Agtron 65
8.878,28.45,35.53,70.255,23.377,46.754,19.394,41.01,130.123,4.924,131.782,9.133,18.161,38.435,1,Agtron 65
10.042,30.992,36.188,70.428,26.518,51.607,22.137,45.084,130.301,5.234,132.479,10.413,20.642,42.193,1,Agtron 75
9.838,29.896,37.539,71.198,27.713,52.225,23.223,45.701,130.344,5.214,132.813,10.662,21.629,42.749,1,Agtron 75
9.935,30.515,36.052,70.016,27.097,52.132,22.718,45.576,130.292,5.218,132.603,10.571,21.158,42.629,1,Agtron 75
10.597,31.329,40.121,73.284,29.809,54.311,24.821,47.296,130.608,5.472,133.149,11.093,23.125,44.269,1,Agtron 75
9.09,27.579,20.576,47.874,30.055,53.388,27.449,49.674,129.923,5.463,130.705,7.685,25.537,46.413,1,Agtron 65
10.181,30.731,19.874,46.446,31.286,54.618,28.649,50.93,130.039,5.629,130.525,7.396,26.689,47.65,1,Agtron 65
9.043,27.683,20.338,47.587,30.841,54.376,28.258,50.713,129.934,5.481,130.729,7.761,26.304,47.413,1,Agtron 65
7.454,25.654,24.258,49.714,29.807,52.839,26.435,47.962,130.266,5.423,131.165,7.77,24.636,44.874,1,Agtron 65
7.8,26.225,24.167,49.908,29.542,52.258,26.252,47.582,130.235,5.431,131.098,7.715,24.452,44.492,1,Agtron 65
8.813,28.439,28.698,52.894,35.199,55.236,30.754,49.337,131.108,6.574,131.547,7.855,28.632,46.111,1,Agtron 65
8.877,27.408,21.573,47.676,29.122,51.501,26.52,47.947,129.881,5.151,130.717,7.38,24.655,44.752,1,Agtron 65
9.187,28.894,21.065,47.174,28.592,51.374,25.991,47.749,129.887,5.141,130.628,7.302,24.176,44.601,1,Agtron 65
8.848,28.124,21.132,46.847,28.727,51.743,26.125,48.094,129.852,5.048,130.684,7.304,24.31,44.944,1,Agtron 65
7.197,25.398,21.369,48.306,25.555,49.094,22.821,44.974,129.875,5.024,130.654,7.142,21.246,42.071,1,Agtron 65
7.601,25.235,21.712,49.264,29.494,53.543,26.531,49.208,130.087,5.55,130.914,7.773,24.705,46.041,1,Agtron 65
7.103,24.445,21.735,49.592,27.833,51.772,24.878,47.338,130.068,5.484,130.85,7.619,23.152,44.256,1,Agtron 65
7.908,26.63,22.2,50.019,29.357,53.408,26.243,48.798,130.182,5.643,130.954,7.836,24.436,45.653,1,Agtron 65
7.383,24.641,22.507,50.366,30.116,53.994,26.983,49.425,130.197,5.694,131.055,7.974,25.118,46.234,1,Agtron 65
7.03,24.957,22.885,51.008,28.051,51.872,24.817,47.055,130.24,5.673,130.981,7.749,23.099,44.015,1,Agtron 65
8.239,27.599,17.503,41.812,25.032,48.69,23.066,45.831,129.48,4.54,130.012,6.282,21.508,42.912,1,Agtron 65
8.027,27.133,17.715,42.316,25.342,49.136,23.324,46.2,129.516,4.584,130.079,6.362,21.75,43.26,1,Agtron 65
8.147,27.485,17.893,42.376,25.218,48.83,23.183,45.846,129.516,4.58,130.094,6.378,21.612,42.916,1,Agtron 65
7.636,26.664,18.4,43.169,24.767,48.627,22.578,45.41,129.59,4.651,130.123,6.332,21.071,42.567,1,Agtron 65
8.5,28.618,17.943,42.294,24.914,48.842,22.827,45.79,129.523,4.56,130.048,6.259,21.305,42.927,1,Agtron 65
6.732,24.974,18.425,41.974,23.443,46.166,21.215,42.927,129.643,4.665,129.988,5.951,19.804,40.173,1,Agtron 55
6.708,25.368,18.214,41.923,23.003,45.878,20.762,42.535,129.647,4.679,129.977,5.942,19.381,39.805,1,Agtron 55
6.668,25.295,18.527,43.092,21.661,44.463,19.43,41.119,129.589,4.562,129.924,5.822,18.165,38.53,1,Agtron 55
6.563,24.582,18.661,42.288,23.788,46.845,21.452,43.424,129.702,4.762,130.047,5.997,20.031,40.663,1,Agtron 55
6.034,23.795,17.978,43.233,21.098,44.371,18.856,40.929,129.608,4.69,129.895,5.831,17.622,38.36,1,Agtron 55
5.911,23.497,17.954,43.278,21.632,45.406,19.344,41.871,129.64,4.766,129.956,5.978,18.077,39.272,1,Agtron 55
5.985,23.954,18.635,44.324,21.935,45.557,19.479,41.773,129.764,4.943,130.012,6.047,18.204,39.175,1,Agtron 55
5.599,22.502,17.92,43.356,21.311,44.992,19.03,41.45,129.632,4.76,129.946,5.917,17.782,38.87,1,Agtron 55
8.234,27.725,20.269,45.226,25.754,48.212,23.258,44.681,129.8,4.96,130.291,6.504,21.661,41.738,1,Agtron 55
7.03,25.572,19.477,45.479,23.166,46.387,20.719,42.688,129.729,4.859,130.16,6.317,19.324,39.953,1,Agtron 55
7.931,26.572,19.8,44.914,25.673,48.311,23.287,44.929,129.729,4.92,130.282,6.54,21.68,41.961,1,Agtron 55
7.948,26.73,19.626,44.475,25.623,48.288,23.262,44.951,129.719,4.876,130.243,6.478,21.665,41.993,1,Agtron 55
7.966,27.325,21.448,46.489,27.695,50.694,24.865,46.752,130.024,5.178,130.551,6.824,23.19,43.767,1,Agtron 55
7.046,26.368,21.23,45.345,24.519,46.955,21.68,42.81,129.994,5.071,130.312,6.212,20.246,40.09,1,Agtron 55
6.778,25.181,21.73,45.857,25.186,47.7,22.293,43.511,130.006,5.072,130.433,6.378,20.816,40.748,1,Agtron 55
6.941,25.504,21.451,45.703,25.079,47.427,22.256,43.389,129.982,5.082,130.371,6.334,20.777,40.611,1,Agtron 55
6.8,25.504,22.745,47.147,25.951,48.428,22.793,43.85,130.185,5.285,130.587,6.582,21.28,41.069,1,Agtron 55
6.683,25.786,21.929,45.764,25.05,47.867,21.953,43.244,130.139,5.186,130.443,6.342,20.519,40.547,1,Agtron 55
6.786,24.981,21.95,46.603,25.808,48.402,22.861,44.19,130.062,5.194,130.508,6.541,21.336,41.366,1,Agtron 55
11.094,30.117,21.319,49.113,34.235,56.905,31.586,53.355,129.99,5.649,130.96,8.245,29.399,49.869,1,Agtron 75
9.025,26.596,22.411,50.887,33.795,56.605,30.877,52.583,130.15,5.79,131.203,8.519,28.72,49.114,1,Agtron 75
10.743,29.999,21.409,49.289,34.477,57.207,31.751,53.51,130.063,5.697,131.001,8.296,29.556,50.018,1,Agtron 75
10.851,30.37,21.496,49.316,34.601,57.254,31.842,53.534,130.095,5.729,131.0,8.285,29.643,50.044,1,Agtron 75
8.939,27.359,24.895,52.506,34.53,56.846,31.059,52.086,130.44,5.942,131.572,8.795,28.881,48.633,1,Agtron 75
8.681,26.769,24.214,51.39,33.74,56.292,30.344,51.573,130.391,5.897,131.42,8.511,28.224,48.161,1,Agtron 75
9.168,27.262,23.848,51.138,33.416,55.794,30.247,51.416,130.232,5.702,131.371,8.523,28.118,47.982,1,Agtron 75
9.764,27.918,24.775,51.928,35.708,57.642,32.321,53.081,130.38,5.932,131.56,8.787,30.062,49.56,1,Agtron 75
12.733,32.17,23.077,51.479,39.263,60.215,36.35,56.393,130.214,5.985,131.44,9.12,33.82,52.674,1,Agtron 75
13.362,33.06,23.134,51.238,40.464,60.899,37.549,57.108,130.244,6.01,131.477,9.185,34.94,53.343,1,Agtron 75
13.494,33.047,22.737,50.839,40.339,60.941,37.526,57.272,130.171,5.928,131.412,9.14,34.927,53.512,1,Agtron 75
13.32,32.23,23.775,51.882,42.143,62.673,39.113,58.795,130.247,6.012,131.681,9.48,36.437,54.994,1,Agtron 75
6.134,24.972,16.567,39.191,20.494,43.259,18.472,40.134,129.501,4.375,129.671,5.383,17.287,37.617,1,Agtron 45
6.042,24.887,16.962,39.579,19.763,41.916,17.711,38.787,129.502,4.305,129.64,5.235,16.598,36.367,1,Agtron 45
6.034,24.821,16.775,39.466,20.252,42.885,18.188,39.666,129.515,4.364,129.692,5.379,17.026,37.179,1,Agtron 45
6.481,26.081,16.298,38.848,20.078,42.417,18.133,39.45,129.468,4.328,129.58,5.256,16.972,36.96,1,Agtron 45
7.389,27.302,18.197,42.173,22.287,44.712,20.089,41.446,129.62,4.577,129.893,5.804,18.753,38.757,1,Agtron 45
7.213,26.748,18.502,42.188,22.742,45.331,20.488,41.995,129.639,4.576,129.963,5.81,19.127,39.293,1,Agtron 45
6.762,25.449,18.205,42.115,22.705,45.634,20.483,42.339,129.62,4.573,129.972,5.829,19.121,39.634,1,Agtron 45
7.036,26.689,18.192,41.97,22.365,45.119,20.112,41.758,129.651,4.598,129.913,5.747,18.786,39.101,1,Agtron 45
6.842,26.055,21.283,44.349,23.698,45.735,20.917,41.661,129.927,4.734,130.232,5.894,19.579,39.062,1,Agtron 45
6.536,25.203,20.499,43.643,22.733,44.79,20.14,40.891,129.788,4.585,130.166,5.858,18.841,38.306,1,Agtron 45
6.291,24.827,19.949,42.891,21.613,43.502,19.125,39.727,129.716,4.466,130.035,5.675,17.916,37.247,1,Agtron 45
6.279,24.477,21.282,44.429,23.096,44.985,20.338,40.887,129.899,4.695,130.234,5.848,19.033,38.321,1,Agtron 45
4.659,21.719,15.11,36.347,16.685,38.349,14.895,35.227,129.276,3.879,129.398,4.855,14.001,33.058,1,Agtron 35
5.344,23.794,14.782,35.457,18.088,40.397,16.35,37.552,129.297,3.901,129.366,4.802,15.36,35.266,1,Agtron 35
5.233,23.715,15.043,36.112,18.065,40.469,16.236,37.387,129.353,3.995,129.418,4.89,15.244,35.104,1,Agtron 35
4.664,22.064,14.948,35.702,16.917,38.656,15.139,35.648,129.293,3.857,129.347,4.709,14.247,33.496,1,Agtron 35
4.261,21.885,12.554,31.905,14.153,35.041,12.671,32.114,129.062,3.54,129.071,4.471,11.966,30.205,1,Agtron 35
4.18,21.542,12.716,32.034,14.309,35.028,12.816,32.084,129.074,3.534,129.092,4.482,12.097,30.152,1,Agtron 35
4.132,21.503,12.601,31.853,14.068,34.768,12.581,31.833,129.063,3.504,129.082,4.426,11.886,29.928,1,Agtron 35
5.011,24.419,12.997,32.492,14.41,34.988,12.874,32.071,129.105,3.582,129.066,4.474,12.174,30.145,1,Agtron 35
4.702,23.603,12.621,32.127,13.98,34.574,12.49,31.649,129.071,3.526,129.06,4.425,11.801,29.752,1,Agtron 35
4.585,22.086,14.427,35.294,15.973,37.469,14.245,34.4,129.242,3.817,129.297,4.72,13.41,32.315,1,Agtron 35
4.819,23.037,14.31,34.666,15.821,36.918,14.115,33.843,129.23,3.764,129.254,4.639,13.294,31.771,1,Agtron 35
4.816,22.791,14.122,34.646,16.158,37.718,14.488,34.743,129.213,3.778,129.27,4.722,13.632,32.621,1,Agtron 35
4.694,22.235,14.553,35.144,16.749,38.455,15.026,35.432,129.255,3.829,129.341,4.798,14.129,33.263,1,Agtron 35
4.605,21.961,14.511,35.246,15.791,36.876,14.086,33.858,129.218,3.764,129.286,4.68,13.268,31.782,1,Agtron 35
8.661,35.2,10.279,28.298,12.047,31.989,10.847,29.468,128.852,3.246,128.765,4.251,10.333,27.766,1,Agtron 25
8.041,34.091,9.932,27.761,11.553,31.379,10.364,28.799,128.847,3.248,128.715,4.174,9.882,27.164,1,Agtron 25
7.994,33.621,9.659,27.035,11.654,31.492,10.544,29.195,128.793,3.168,128.676,4.076,10.06,27.545,1,Agtron 25
8.242,34.494,10.125,27.963,11.522,31.055,10.317,28.505,128.858,3.245,128.703,4.101,9.846,26.883,1,Agtron 25
8.576,34.95,9.975,27.516,11.564,31.075,10.404,28.629,128.816,3.196,128.69,4.111,9.933,26.998,1,Agtron 25
15.46,42.462,6.712,23.412,10.375,29.784,9.539,27.688,128.506,2.941,128.327,4.073,9.156,26.143,1,Agtron 25
14.167,40.767,6.408,23.078,9.797,28.898,8.996,26.816,128.481,2.913,128.339,3.997,8.633,25.294,1,Agtron 25
15.357,42.955,6.513,23.361,9.905,28.963,9.077,26.803,128.509,2.937,128.348,4.057,8.725,25.302,1,Agtron 25
14.039,40.936,6.337,23.363,9.802,28.946,9.0,26.849,128.488,2.911,128.38,4.07,8.652,25.346,1,Agtron 25
6.629,30.192,10.591,28.088,12.186,31.297,10.992,28.838,128.861,3.188,128.767,4.06,10.467,27.164,1,Agtron 25
7.018,31.188,10.911,28.493,12.581,31.952,11.325,29.401,128.904,3.256,128.792,4.131,10.785,27.714,1,Agtron 25
6.424,29.861,10.85,28.789,11.758,30.734,10.499,28.126,128.882,3.193,128.788,4.064,10.026,26.53,1,Agtron 25
6.032,28.239,11.106,29.071,12.11,31.023,10.875,28.526,128.857,3.153,128.829,4.133,10.374,26.874,1,Agtron 25
7.024,31.363,10.56,28.044,11.787,30.757,10.577,28.294,128.854,3.126,128.748,3.952,10.107,26.69,1,Agtron 25
12.04,38.732,31.141,62.943,11.592,30.775,8.999,27.528,129.223,4.066,129.237,5.786,8.998,25.849,1,Agtron 25
10.592,35.734,31.159,63.33,11.221,30.286,8.701,27.119,129.176,4.011,129.244,5.741,8.708,25.456,1,Agtron 25
11.011,36.445,30.615,63.072,11.651,30.932,9.063,27.69,129.223,4.055,129.273,5.805,9.056,26.02,1,Agtron 25
11.354,37.186,32.437,64.435,11.778,31.082,9.122,27.893,129.238,4.053,129.28,5.806,9.144,26.213,1,Agtron 25
11.615,37.868,30.996,63.097,11.742,30.645,9.107,27.42,129.263,4.094,129.279,5.747,9.089,25.743,1,Agtron 25
7.097,26.448,34.083,69.325,14.536,33.257,10.943,28.427,130.07,5.337,130.185,6.584,10.59,26.629,1,Agtron 35
6.983,26.531,33.255,68.808,14.569,33.61,10.939,28.52,130.129,5.495,130.262,6.755,10.551,26.716,1,Agtron 35
6.845,26.128,34.266,69.829,14.441,33.046,10.775,27.996,130.136,5.463,130.246,6.681,10.417,26.209,1,Agtron 35
6.992,26.438,34.177,69.756,14.29,32.864,10.674,27.967,130.093,5.385,130.202,6.613,10.34,26.208,1,Agtron 35
7.404,27.673,31.934,65.594,13.27,31.607,10.037,27.366,129.77,4.796,129.837,6.126,9.846,25.72,1,Agtron 35
7.33,27.462,32.622,66.2,13.381,31.641,10.102,27.445,129.788,4.807,129.841,6.107,9.926,25.798,1,Agtron 35
7.145,26.657,33.504,67.659,13.142,31.216,9.881,27.127,129.746,4.741,129.821,6.098,9.735,25.472,1,Agtron 35
7.789,28.607,30.915,64.542,12.737,31.023,9.69,27.1,129.64,4.608,129.68,5.948,9.541,25.477,1,Agtron 35
7.884,28.896,39.426,73.599,17.118,36.107,12.68,30.225,130.655,6.005,130.758,7.273,12.193,28.287,1,Agtron 35
8.176,29.328,40.867,75.121,16.946,35.725,12.497,30.083,130.61,5.872,130.72,7.218,12.073,28.181,1,Agtron 35
7.681,28.135,39.807,74.21,17.156,36.375,12.681,30.43,130.666,6.03,130.827,7.382,12.187,28.486,1,Agtron 35
8.648,31.089,39.875,73.922,16.406,35.037,12.048,29.373,130.583,5.851,130.591,7.002,11.648,27.527,1,Agtron 35
6.894,24.787,41.865,75.937,22.043,42.487,16.548,34.773,131.372,7.147,132.054,9.216,15.531,32.306,1,Agtron 45
6.979,24.733,40.764,75.025,20.851,40.857,15.671,33.495,131.165,6.866,131.801,8.869,14.748,31.097,1,Agtron 45
6.717,24.313,40.565,74.852,20.274,40.047,15.194,32.837,131.125,6.857,131.663,8.635,14.309,30.501,1,Agtron 45
7.348,26.203,38.753,73.668,20.082,40.345,15.121,33.211,131.048,6.817,131.595,8.681,14.245,30.863,1,Agtron 45
7.872,28.757,35.878,71.573,17.885,38.797,13.484,31.971,130.708,6.497,131.153,8.285,12.71,29.716,1,Agtron 45
8.399,30.377,36.684,72.047,17.123,37.314,12.804,30.799,130.663,6.405,130.95,7.905,12.119,28.661,1,Agtron 45
8.17,29.964,36.963,72.611,16.659,36.511,12.426,30.166,130.587,6.251,130.94,7.911,11.779,28.043,1,Agtron 45
7.141,26.593,37.436,73.418,17.229,37.357,12.886,30.84,130.655,6.389,131.087,8.105,12.183,28.678,1,Agtron 45
7.178,25.442,37.111,72.969,20.408,41.797,15.583,34.134,130.988,7.004,131.829,9.356,14.512,31.558,1,Agtron 55
6.516,23.311,36.742,72.964,19.983,41.479,15.256,33.917,130.919,6.954,131.789,9.328,14.204,31.377,1,Agtron 55
6.894,24.725,36.94,73.116,20.04,41.27,15.259,33.617,130.956,6.976,131.821,9.347,14.204,31.059,1,Agtron 55
7.139,25.508,36.403,72.962,19.426,41.181,14.786,33.756,130.842,6.837,131.608,9.052,13.809,31.286,1,Agtron 55
6.353,23.048,41.289,75.775,21.767,42.494,16.233,34.336,131.45,7.517,132.111,9.393,15.163,31.803,1,Agtron 55
7.263,25.802,39.998,74.608,21.98,43.076,16.514,34.871,131.407,7.499,132.125,9.497,15.403,32.279,1,Agtron 55
6.912,24.608,40.545,74.965,21.696,42.338,16.247,34.288,131.404,7.438,132.049,9.277,15.178,31.76,1,Agtron 55
6.727,23.704,37.061,73.601,22.516,45.956,17.41,37.583,131.135,7.419,132.256,10.311,16.129,34.718,1,Agtron 65
6.833,24.022,37.213,73.432,23.025,46.729,17.875,38.197,131.149,7.438,132.374,10.554,16.545,35.258,1,Agtron 65
6.933,24.891,36.789,72.933,21.67,45.047,16.671,36.638,131.044,7.276,132.146,10.184,15.453,33.82,1,Agtron 65
6.475,23.691,37.092,73.009,22.207,45.65,17.115,37.129,131.115,7.371,132.202,10.218,15.86,34.27,1,Agtron 65
7.139,24.697,40.722,75.805,24.756,47.373,18.989,38.395,131.52,7.655,132.876,10.856,17.579,35.417,1,Agtron 65
7.712,26.178,39.996,75.247,24.316,46.949,18.661,38.064,131.444,7.553,132.783,10.759,17.29,35.115,1,Agtron 65
6.929,23.208,40.989,75.997,25.443,48.258,19.606,39.189,131.551,7.698,133.012,11.073,18.143,36.141,1,Agtron 65
7.585,25.525,39.768,74.763,24.892,47.934,19.229,38.929,131.426,7.553,132.876,10.961,17.798,35.892,1,Agtron 65
7.661,25.3,42.127,76.535,26.271,48.711,20.238,39.566,131.66,7.736,133.176,11.153,18.736,36.498,1,Agtron 65
7.25,23.97,41.793,76.538,25.805,48.32,19.857,39.224,131.606,7.698,133.113,11.096,18.378,36.178,1,Agtron 65
7.146,25.048,36.57,73.688,20.442,42.516,15.768,34.921,130.843,6.833,132.012,9.799,14.637,32.274,1,Agtron 65
6.586,23.984,37.821,74.579,21.277,43.607,16.297,35.549,131.044,7.102,132.195,10.002,15.116,32.858,1,Agtron 65
8.616,26.877,40.125,75.124,29.76,55.356,23.426,44.848,131.709,8.101,133.713,12.606,21.635,41.326,1,Agtron 75
7.972,25.241,41.837,76.138,29.865,54.145,23.444,43.87,131.81,8.123,133.858,12.568,21.621,40.35,1,Agtron 75
7.74,24.52,43.407,77.106,30.487,54.493,23.747,43.956,132.005,8.271,134.03,12.61,21.91,40.453,1,Agtron 75
8.11,25.653,41.392,75.492,29.962,54.525,23.588,44.266,131.764,8.034,133.823,12.547,21.774,40.748,1,Agtron 75
7.836,24.625,42.641,76.596,31.138,55.808,24.399,45.049,131.962,8.278,134.164,12.967,22.5,41.448,1,Agtron 75
8.15,25.072,42.783,76.441,30.693,54.874,24.053,44.421,131.914,8.188,133.999,12.608,22.194,40.894,1,Agtron 75
7.666,24.228,42.112,76.007,30.779,55.428,24.15,44.852,131.912,8.222,134.012,12.734,22.284,41.3,1,Agtron 75
2.197,10.57,12.787,33.891,9.204,27.339,8.151,25.782,128.558,1.932,128.816,2.957,7.952,24.626,1,Agtron 25
6.831,26.659,6.54,20.533,11.458,34.191,10.886,33.5,128.239,1.98,128.519,3.364,10.64,31.88,1,Agtron 25
2.238,9.288,17.261,44.213,11.468,30.806,9.843,27.861,128.915,2.61,129.548,4.417,9.358,26.357,1,Agtron 35
2.944,11.506,17.293,40.742,13.847,33.971,12.427,31.885,128.814,2.583,129.428,4.333,11.845,30.131,1,Agtron 35
3.028,13.828,20.136,50.693,14.726,37.294,12.456,32.9,129.306,3.498,130.312,6.329,11.68,30.911,1,Agtron 45
2.997,11.563,19.948,46.539,15.81,37.272,13.872,34.072,129.129,3.196,129.998,5.489,13.09,32.093,1,Agtron 45
4.398,20.109,20.891,52.305,16.838,40.947,14.411,36.51,129.427,3.778,130.565,7.028,13.481,34.299,1,Agtron 55
3.548,14.334,21.398,50.539,17.531,40.431,15.246,36.472,129.332,3.762,130.547,6.757,14.264,34.244,1,Agtron 55
20.753,51.663,23.69,54.801,41.105,65.802,38.741,64.16,129.954,4.402,131.029,8.408,36.609,61.002,1,Agtron 65
5.932,22.855,22.864,52.755,21.244,44.569,19.029,41.211,129.322,3.683,130.974,7.661,17.729,38.605,1,Agtron 65
28.636,60.122,25.998,57.289,54.535,68.416,52.538,67.513,130.2,4.545,131.433,9.278,49.398,63.762,1,Agtron 75
14.858,41.298,25.258,55.981,40.561,62.228,38.585,61.08,129.652,4.239,131.342,8.58,36.298,57.754,1,Agtron 75
2.194,8.557,11.686,31.267,8.06,23.679,7.247,22.402,128.39,1.612,128.763,2.759,7.05,21.281,0,Agtron 25
5.272,22.089,3.989,14.275,6.374,20.902,6.129,21.053,128.032,0.773,128.249,1.534,6.103,20.05,0,Agtron 25
2.204,5.923,17.439,44.396,10.208,27.748,8.89,25.378,128.637,2.039,129.543,4.4,8.457,23.902,0,Agtron 35
2.35,6.483,14.512,35.766,10.985,29.727,9.964,28.183,128.502,1.738,129.28,3.713,9.529,26.618,0,Agtron 35
2.319,5.966,19.888,49.906,12.758,33.166,10.996,29.589,128.866,2.525,130.311,6.2,10.279,27.59,0,Agtron 45
2.595,6.472,19.021,45.394,13.305,33.973,11.824,31.701,128.713,2.343,129.923,5.184,11.2,29.786,0,Agtron 45
2.326,5.982,20.095,50.471,13.525,34.9,11.645,30.992,128.93,2.698,130.492,6.681,10.852,28.863,0,Agtron 55
2.622,6.434,20.95,50.054,16.205,39.454,14.197,35.955,129.024,3.059,130.666,6.777,13.281,33.643,0,Agtron 55
2.4,6.143,22.111,54.815,15.031,37.91,12.772,33.134,129.11,3.076,131.003,7.838,11.845,30.742,0,Agtron 65
2.919,6.877,23.256,54.573,17.02,39.825,14.936,36.163,129.01,3.001,131.135,7.653,13.872,33.663,0,Agtron 65
2.988,6.989,23.396,54.595,20.329,46.449,17.816,41.773,129.21,3.471,131.64,8.852,16.547,38.938,0,Agtron 75
3.034,13.613,18.583,46.5,11.058,30.773,9.697,29.247,128.682,2.241,129.127,3.517,9.4,27.728,1,Agtron 25
9.974,31.779,10.957,33.904,10.283,31.621,9.874,31.756,128.114,1.461,128.501,2.735,9.571,30.047,1,Agtron 25
2.78,8.026,24.528,56.462,15.435,37.486,13.158,34.277,129.205,3.373,130.322,5.957,12.468,32.316,1,Agtron 35
3.059,9.907,21.647,50.03,15.381,37.425,13.675,35.612,128.897,2.889,129.787,4.791,13.047,33.624,1,Agtron 35
3.12,8.258,28.112,63.01,20.309,45.62,17.146,40.67,129.689,4.407,131.546,8.543,16.027,38.124,1,Agtron 45
3.331,9.187,26.11,57.951,18.502,42.076,16.096,39.12,129.275,3.772,130.669,6.637,15.213,36.802,1,Agtron 45
3.204,8.302,29.1,64.705,20.621,45.71,17.332,40.467,129.749,4.579,131.786,9.095,16.145,37.825,1,Agtron 55
3.568,8.879,29.741,64.421,22.058,46.945,18.832,42.383,129.743,4.84,131.783,8.865,17.584,39.64,1,Agtron 55
3.525,8.806,31.142,67.712,22.214,47.269,18.668,41.472,129.845,4.788,132.397,10.247,17.275,38.531,1,Agtron 65
4.002,9.457,31.889,67.161,23.039,46.825,19.762,41.916,129.697,4.611,132.419,9.907,18.298,38.965,1,Agtron 65
3.922,9.965,31.546,68.141,25.294,51.838,21.413,45.104,129.953,5.065,133.136,11.813,19.73,41.753,1,Agtron 75
4.194,9.754,32.779,68.331,25.017,49.878,21.363,43.988,129.848,4.991,132.933,11.001,19.722,40.745,1,Agtron 75
3.774,17.576,16.048,40.839,9.936,27.796,8.789,26.466,128.595,1.916,128.931,2.94,8.538,25.071,0,Agtron 25
10.41,32.907,9.851,32.495,9.223,28.462,8.89,28.672,128.138,1.285,128.318,2.161,8.591,27.068,0,Agtron 25
2.694,9.693,21.775,51.809,12.595,32.187,10.699,29.307,129.0,2.758,129.855,4.897,10.204,27.658,0,Agtron 35
3.094,12.843,18.931,45.796,12.387,32.239,10.876,30.352,128.807,2.475,129.406,3.949,10.45,28.722,0,Agtron 35
3.033,9.347,25.705,58.995,17.478,41.247,14.826,36.923,129.397,3.731,130.995,7.466,13.899,34.595,0,Agtron 45
3.028,10.713,23.051,53.592,15.113,37.088,12.983,34.097,129.147,3.275,130.162,5.638,12.332,32.119,0,Agtron 45
2.998,8.375,26.337,60.167,18.069,42.075,15.311,37.422,129.429,3.749,131.329,8.085,14.293,34.956,0,Agtron 55
3.132,8.82,27.168,60.977,19.675,44.316,16.689,39.846,129.638,4.472,131.319,8.048,15.632,37.328,0,Agtron 55
3.353,8.974,28.668,63.792,20.919,46.252,17.757,40.933,129.607,4.18,132.067,9.531,16.481,38.099,0,Agtron 65
3.691,9.466,29.287,63.835,22.089,47.016,19.029,42.352,129.568,4.245,132.113,9.438,17.678,39.5,0,Agtron 65
3.755,9.578,30.363,66.514,24.142,50.631,20.581,44.511,129.759,4.7,132.858,11.275,18.99,41.228,0,Agtron 75
3.754,9.555,31.061,65.923,25.257,51.49,21.53,45.506,129.928,4.935,132.7,10.623,19.966,42.353,0,Agtron 75
2.908,11.21,22.424,51.483,9.406,27.418,7.669,25.135,128.705,2.544,129.192,4.813,7.691,23.874,0,Agtron 25
2.49,11.419,20.983,53.256,9.032,26.302,7.232,23.721,128.891,3.008,129.202,4.548,7.123,22.498,0,Agtron 35
2.666,11.439,23.583,58.357,11.737,31.618,9.402,27.832,129.243,3.773,129.832,6.269,9.009,26.183,0,Agtron 45
2.168,8.631,24.145,60.091,11.659,30.488,9.141,26.187,129.444,4.12,130.054,6.025,8.696,24.612,0,Agtron 55
2.136,8.471,21.244,57.985,11.72,32.392,9.479,27.821,129.245,3.969,130.243,7.22,8.85,25.882,0,Agtron 75
2.169,9.477,19.079,53.564,11.35,32.126,9.349,27.968,129.114,3.774,129.967,6.717,8.745,26.052,0,Agtron 65
5.068,18.502,16.981,40.178,11.462,30.493,10.436,28.902,128.387,1.903,129.293,4.282,10.035,27.605,1,Agtron 25
4.213,17.36,17.95,46.017,11.037,30.164,9.731,27.954,128.613,2.338,129.567,5.081,9.254,26.538,1,Agtron 35
4.216,17.183,19.823,50.071,13.323,34.347,11.65,31.389,128.845,2.987,130.053,6.465,10.928,29.549,1,Agtron 45
4.118,16.429,21.399,52.674,14.475,35.646,12.565,32.193,129.002,3.255,130.418,6.942,11.721,30.198,1,Agtron 55
4.205,16.403,18.417,50.072,15.112,38.084,13.617,35.174,128.756,3.13,130.42,7.733,12.601,32.747,1,Agtron 75
4.166,16.122,17.189,47.345,14.4,36.688,13.126,34.221,128.645,3.03,130.139,7.175,12.162,31.868,1,Agtron 65
4.618,10.495,37.365,66.944,23.001,46.807,19.833,42.221,129.266,3.715,132.329,9.9,18.673,39.401,1,Agtron 25
4.614,13.478,24.357,51.108,22.187,48.876,19.948,45.351,128.997,3.382,130.916,8.391,18.919,42.713,1,Agtron 25
5.126,11.741,32.63,60.819,31.103,58.464,27.471,53.259,129.614,4.33,132.871,10.969,25.82,50.071,1,Agtron 35
5.57,13.277,31.441,60.744,30.78,57.392,27.413,52.962,129.55,4.603,132.635,10.512,25.693,49.785,1,Agtron 45
5.384,12.241,34.892,65.283,32.094,57.629,28.154,52.328,129.872,4.948,133.473,11.37,26.247,48.977,1,Agtron 55
4.906,11.532,31.133,62.605,27.737,52.422,24.581,47.823,129.512,4.569,132.723,10.588,22.809,44.592,1,Agtron 65
5.498,12.896,35.247,67.393,29.618,53.364,25.911,48.197,129.819,4.91,133.357,11.235,24.002,44.862,1,Agtron 75
8.326,26.414,12.079,34.661,16.193,42.817,15.147,40.479,128.344,2.565,129.641,6.796,14.468,38.159,1,Agtron 25
9.119,28.411,13.302,37.257,16.727,43.089,15.541,40.46,128.443,2.508,129.814,7.191,14.809,38.08,1,Agtron 25
4.876,15.329,23.594,49.849,21.416,47.479,19.201,43.716,128.969,3.093,131.042,8.837,18.158,41.048,0,Agtron 25
5.115,13.3,29.464,57.142,27.179,53.615,24.191,49.207,129.315,3.662,132.307,10.172,22.701,46.163,0,Agtron 35
4.982,13.59,27.898,57.288,26.025,52.689,23.146,48.528,129.332,4.009,131.983,9.67,21.679,45.595,0,Agtron 45
5.285,13.329,31.668,62.208,28.51,54.156,25.165,49.452,129.578,4.377,132.858,10.606,23.432,46.257,0,Agtron 55
4.796,12.391,28.227,59.322,26.398,52.195,23.6,48.012,129.31,4.109,132.378,10.115,21.935,44.878,0,Agtron 65
5.353,13.334,32.286,63.96,28.92,53.899,25.586,49.095,129.574,4.38,133.086,10.981,23.732,45.795,0,Agtron 75
12.883,33.486,21.079,49.13,38.018,62.327,36.846,62.282,129.099,3.624,130.507,7.37,34.797,59.206,1,Agtron 65
5.27,19.778,19.984,47.675,22.078,48.476,20.209,46.213,129.154,3.619,130.253,6.818,19.072,43.968,1,Agtron 55
4.665,18.465,18.084,45.149,18.206,44.288,16.522,42.025,128.988,3.278,129.815,6.072,15.673,40.092,1,Agtron 45
2.853,10.403,17.404,42.692,14.145,38.597,12.538,36.11,128.834,2.766,129.511,5.095,12.045,34.837,1,Agtron 35
2.66,9.781,13.315,33.128,11.841,34.44,10.775,32.859,128.525,2.022,128.962,3.66,10.481,31.848,1,Agtron 25
5.993,18.316,24.501,50.816,27.448,50.865,25.488,48.593,129.182,3.618,131.053,7.558,23.888,45.933,1,Agtron 75
2.882,8.088,21.344,51.228,16.673,41.216,14.595,37.158,128.976,3.15,130.854,7.762,13.618,34.756,0,Agtron 65
2.55,8.352,18.925,46.172,14.933,38.477,13.007,34.787,128.994,3.02,130.215,6.447,12.238,32.731,0,Agtron 55
2.312,7.825,16.802,43.195,12.481,34.901,10.886,31.695,128.79,2.612,129.787,5.712,10.312,29.881,0,Agtron 45
2.489,9.215,15.565,39.202,11.011,30.716,9.725,28.483,128.646,2.136,129.33,4.363,9.319,27.01,0,Agtron 35
2.871,12.235,11.72,29.58,9.621,27.094,8.8,26.021,128.419,1.537,128.8,2.762,8.537,24.794,0,Agtron 25
4.652,10.254,25.131,51.022,29.407,55.18,27.234,52.345,129.058,3.391,131.846,8.561,25.472,49.176,0,Agtron 75
5.024,16.622,24.928,48.83,22.84,47.151,20.585,43.773,128.987,3.289,131.156,8.687,19.44,40.712,0,Agtron 25
4.795,13.187,30.133,57.303,26.172,50.391,23.332,46.582,129.323,3.863,131.909,9.504,21.901,43.341,0,Agtron 35
4.684,13.592,29.59,59.081,24.984,49.275,22.106,45.405,129.413,4.14,131.723,9.25,20.708,42.262,0,Agtron 45
4.941,13.627,30.628,61.656,25.076,48.532,22.241,45.038,129.44,4.41,131.856,9.083,20.778,41.905,0,Agtron 55
5.328,14.314,32.747,63.572,27.908,51.39,24.706,46.826,129.547,4.48,132.809,10.549,22.909,43.435,0,Agtron 65
4.894,13.65,32.423,64.513,25.536,48.93,22.257,44.065,129.64,4.578,132.515,10.262,20.643,40.872,0,Agtron 75
4.843,10.691,36.112,63.484,18.462,37.536,15.736,33.334,129.034,3.585,131.565,9.326,14.923,30.778,1,Agtron 25
4.892,10.451,39.848,70.921,20.096,39.507,16.948,34.965,129.292,3.986,132.183,10.034,15.927,32.29,1,Agtron 35
4.963,10.965,40.917,73.341,21.045,40.497,17.594,35.571,129.526,4.452,132.516,10.409,16.43,32.837,1,Agtron 45
4.632,10.14,41.174,73.273,22.846,42.254,18.781,36.344,130.073,5.265,132.871,10.484,17.447,33.597,1,Agtron 55
5.158,10.423,42.2,74.785,24.037,43.914,20.25,38.084,129.735,4.78,133.543,11.546,18.67,35.072,1,Agtron 65
5.101,10.84,40.708,74.02,23.747,44.112,20.01,38.216,129.734,4.844,133.426,11.604,18.438,35.192,1,Agtron 75
