24.465,56.634,17.029,35.646,11.899,26.268,9.833,23.036,129.309,3.298,128.363,2.7,9.871,22.037,0,Agtron 25
20.742,51.547,16.217,34.777,11.588,25.836,9.672,22.873,129.13,2.998,128.421,2.79,9.721,21.88,0,Agtron 25
22.078,53.932,16.596,34.893,11.869,25.761,9.94,22.921,129.207,3.034,128.408,2.456,9.97,21.931,0,Agtron 25
23.283,55.103,16.495,34.722,11.978,26.066,10.045,23.284,129.201,3.028,128.387,2.516,10.085,22.268,0,Agtron 25
23.389,55.606,16.312,34.546,11.885,26.177,9.98,23.487,129.168,3.028,128.404,2.433,10.041,22.455,0,Agtron 25
28.882,58.629,15.697,32.255,11.189,25.045,9.374,22.816,129.017,2.809,127.956,2.097,9.549,21.851,0,Agtron 25
26.493,56.85,14.519,31.112,10.766,24.231,9.091,22.023,128.896,2.626,128.131,2.155,9.256,21.11,0,Agtron 25
27.679,57.815,14.358,30.331,10.709,23.921,9.044,21.736,128.879,2.562,128.069,2.139,9.223,20.855,0,Agtron 25
26.694,56.668,15.124,32.269,11.029,24.391,9.29,22.152,128.921,2.635,128.127,2.273,9.446,21.217,0,Agtron 25
27.665,58.225,15.041,31.665,11.202,25.099,9.436,22.71,128.958,2.693,128.169,2.484,9.588,21.719,0,Agtron 25
26.523,57.228,15.36,32.239,11.42,25.384,9.656,23.127,128.985,2.658,128.206,2.462,9.778,22.099,0,Agtron 25
25.414,55.638,14.477,31.266,10.535,23.742,8.863,21.576,128.876,2.551,128.131,2.104,9.041,20.706,0,Agtron 25
26.361,56.865,15.09,31.899,10.85,24.2,9.131,22.085,128.928,2.579,128.118,2.069,9.294,21.169,0,Agtron 25
17.339,48.429,20.225,42.133,13.729,29.129,11.285,25.375,129.513,3.633,129.01,3.341,11.139,24.089,0,Agtron 35
17.431,48.219,20.489,42.778,13.706,29.272,11.237,25.485,129.519,3.653,129.014,3.48,11.102,24.188,0,Agtron 35
16.116,46.626,19.77,42.519,12.909,28.254,10.562,24.602,129.411,3.56,128.992,3.352,10.472,23.385,0,Agtron 35
16.197,46.404,20.1,42.984,13.264,28.758,10.846,24.958,129.463,3.639,129.036,3.507,10.73,23.704,0,Agtron 35
16.445,46.677,19.977,42.156,13.174,28.549,10.775,24.776,129.466,3.604,128.961,3.358,10.663,23.548,0,Agtron 35
16.234,46.145,21.602,45.466,14.038,30.261,11.361,26.035,129.635,3.952,129.17,3.864,11.183,24.656,0,Agtron 35
15.755,45.791,21.269,45.447,13.775,29.783,11.145,25.524,129.592,3.916,129.22,3.839,10.985,24.191,0,Agtron 35
15.653,45.414,21.752,46.249,14.219,30.456,11.523,26.136,129.637,3.995,129.284,4.01,11.322,24.736,0,Agtron 35
15.04,44.349,21.679,46.514,13.968,30.228,11.308,25.955,129.61,3.936,129.271,3.984,11.119,24.577,0,Agtron 35
15.091,44.334,21.402,45.956,13.809,29.876,11.15,25.513,129.582,3.934,129.261,3.968,10.992,24.164,0,Agtron 35
15.244,44.996,21.561,46.26,13.941,29.976,11.311,25.783,129.586,3.911,129.275,3.893,11.131,24.411,0,Agtron 35
13.796,41.708,24.328,52.026,15.722,33.074,12.651,27.66,129.861,4.357,129.895,5.45,12.218,25.985,0,Agtron 45
14.014,41.616,24.598,51.74,15.72,32.841,12.6,27.393,129.889,4.365,129.806,5.376,12.196,25.749,0,Agtron 45
13.569,41.21,25.014,52.904,16.021,33.475,12.827,27.806,129.945,4.471,129.962,5.596,12.368,26.107,0,Agtron 45
13.518,40.433,25.057,52.541,15.946,33.127,12.812,27.79,129.879,4.353,129.858,5.388,12.402,26.115,0,Agtron 45
13.18,40.187,24.98,52.699,16.037,33.265,12.874,27.715,129.917,4.408,129.92,5.5,12.425,26.032,0,Agtron 45
13.412,40.339,24.458,52.124,15.817,33.376,12.714,27.933,129.867,4.365,129.84,5.49,12.283,26.234,0,Agtron 45
12.635,39.471,24.689,52.659,16.241,34.153,13.055,28.421,129.935,4.466,129.998,5.681,12.561,26.661,0,Agtron 45
13.292,40.951,24.401,51.999,16.054,34.118,12.914,28.482,129.904,4.415,129.942,5.667,12.447,26.725,0,Agtron 45
12.637,39.579,24.5,52.379,15.572,33.332,12.438,27.651,129.91,4.418,129.905,5.572,11.99,25.96,0,Agtron 45
12.54,39.683,25.003,53.084,15.502,33.082,12.292,27.237,129.958,4.49,129.939,5.62,11.862,25.581,0,Agtron 45
12.623,39.21,26.73,56.186,17.877,37.185,14.302,30.775,130.194,4.875,130.453,6.736,13.634,28.749,0,Agtron 55
12.602,39.205,26.324,55.562,17.539,36.611,14.031,30.379,130.164,4.828,130.345,6.514,13.409,28.414,0,Agtron 55
12.428,38.986,26.054,55.622,17.476,36.808,13.994,30.542,130.133,4.847,130.37,6.593,13.365,28.549,0,Agtron 55
12.434,38.353,25.944,55.247,17.394,36.588,13.974,30.483,130.087,4.739,130.312,6.533,13.348,28.502,0,Agtron 55
12.894,40.073,26.54,55.87,17.94,37.297,14.412,31.072,130.179,4.845,130.426,6.637,13.752,29.038,0,Agtron 55
11.951,37.152,26.291,55.57,17.856,37.134,14.372,30.9,130.095,4.725,130.44,6.681,13.709,28.864,0,Agtron 55
12.379,37.615,26.618,55.873,18.282,37.69,14.704,31.33,130.161,4.829,130.488,6.764,14.013,29.256,0,Agtron 55
12.749,38.667,26.889,55.702,18.444,37.799,14.875,31.528,130.154,4.75,130.517,6.802,14.179,29.436,0,Agtron 55
12.401,37.733,27.011,56.591,18.547,38.239,14.946,31.802,130.15,4.799,130.604,7.017,14.23,29.667,0,Agtron 55
12.93,38.139,27.882,58.594,19.566,40.093,15.807,33.325,130.203,4.978,130.96,7.941,14.965,30.999,0,Agtron 65
12.881,37.674,27.784,57.883,19.783,40.247,16.095,33.643,130.129,4.805,130.954,7.858,15.244,31.298,0,Agtron 65
11.369,34.637,26.371,56.888,18.328,39.34,14.815,32.733,129.966,4.665,130.783,7.844,14.045,30.44,0,Agtron 65
11.675,35.735,26.378,57.047,18.485,39.278,14.982,32.713,130.019,4.711,130.804,7.749,14.195,30.445,0,Agtron 65
11.47,35.247,26.27,56.864,18.458,39.134,14.951,32.641,130.021,4.735,130.758,7.625,14.178,30.388,0,Agtron 65
11.552,35.262,26.555,56.996,18.541,39.043,15.025,32.571,130.034,4.72,130.763,7.617,14.241,30.325,0,Agtron 65
11.163,34.413,26.216,57.38,18.543,39.721,15.037,33.051,129.978,4.718,130.888,7.887,14.238,30.732,0,Agtron 65
11.777,36.232,26.191,56.537,18.281,38.563,14.856,32.296,129.991,4.649,130.689,7.391,14.106,30.088,0,Agtron 65
11.952,36.458,25.919,56.445,18.429,39.168,15.014,32.792,129.971,4.662,130.765,7.647,14.222,30.518,0,Agtron 65
11.802,36.267,26.266,56.775,18.555,39.119,15.117,32.762,129.991,4.648,130.773,7.602,14.332,30.501,0,Agtron 65
12.046,36.769,26.055,56.593,18.328,38.954,14.903,32.578,129.983,4.675,130.736,7.546,14.13,30.334,0,Agtron 65
13.056,40.048,27.494,58.517,19.119,40.226,15.456,33.535,130.165,4.935,130.945,7.874,14.627,31.203,0,Agtron 65
12.914,39.806,26.268,56.905,18.117,38.774,14.665,32.409,130.054,4.808,130.711,7.48,13.896,30.177,0,Agtron 65
12.426,38.356,26.695,57.619,18.346,39.098,14.903,32.867,130.012,4.704,130.766,7.593,14.135,30.6,0,Agtron 65
12.519,38.673,27.031,58.188,18.612,39.587,15.112,33.196,130.045,4.772,130.868,7.828,14.306,30.876,0,Agtron 65
12.326,38.357,26.804,58.245,18.379,39.251,14.841,32.722,130.085,4.872,130.823,7.713,14.056,30.452,0,Agtron 65
12.334,38.945,26.198,57.227,17.848,38.471,14.419,32.139,130.033,4.812,130.681,7.423,13.681,29.934,0,Agtron 65
12.518,39.311,27.135,58.441,18.461,39.352,14.883,32.734,130.125,4.891,130.863,7.747,14.087,30.461,0,Agtron 65
12.742,39.535,26.835,57.812,18.527,39.206,15.045,32.923,130.073,4.809,130.785,7.547,14.251,30.657,0,Agtron 65
12.691,39.818,26.594,57.545,18.486,39.282,15.0,32.866,130.075,4.815,130.809,7.585,14.198,30.606,0,Agtron 65
12.234,38.303,26.942,58.066,18.636,39.437,15.11,32.946,130.082,4.825,130.862,7.657,14.297,30.665,0,Agtron 65
11.4,35.641,25.912,57.228,18.402,39.441,14.972,32.915,129.994,4.769,130.871,7.816,14.139,30.605,0,Agtron 65
11.72,36.367,26.48,57.698,18.664,39.432,15.231,33.096,130.015,4.75,130.875,7.743,14.388,30.786,0,Agtron 65
11.297,34.96,26.101,57.204,18.457,39.541,15.022,33.027,129.961,4.697,130.885,7.852,14.199,30.704,0,Agtron 65
11.655,34.61,27.102,58.914,20.242,42.931,16.555,36.094,130.022,4.824,131.257,8.764,15.608,33.512,0,Agtron 75
12.545,36.824,27.123,59.051,20.883,44.201,17.11,37.21,130.095,4.954,131.283,8.923,16.132,34.56,0,Agtron 75
12.913,38.38,27.146,59.163,20.119,42.596,16.384,35.775,130.138,5.029,131.147,8.552,15.471,33.245,0,Agtron 75
12.529,37.003,26.887,58.948,20.215,42.948,16.503,36.18,130.086,4.993,131.141,8.586,15.586,33.606,0,Agtron 75
12.376,36.228,26.983,59.051,19.726,42.169,16.054,35.482,130.045,4.915,131.054,8.508,15.181,32.966,0,Agtron 75
12.485,36.517,26.643,58.436,20.176,43.275,16.495,36.488,130.041,4.911,131.103,8.684,15.581,33.904,0,Agtron 75
12.094,35.506,26.34,58.297,19.667,42.211,16.068,35.656,129.995,4.879,130.991,8.398,15.2,33.133,0,Agtron 75
12.225,35.676,26.86,58.547,20.206,43.222,16.494,36.412,130.031,4.892,131.136,8.698,15.582,33.819,0,Agtron 75
12.055,35.574,26.974,58.944,19.729,42.259,16.011,35.439,130.078,4.976,131.087,8.583,15.131,32.919,0,Agtron 75
11.131,32.988,26.518,58.109,19.84,42.807,16.237,36.07,129.91,4.702,131.215,8.811,15.32,33.471,0,Agtron 75
11.319,33.746,26.843,58.56,19.709,42.563,16.062,35.633,129.933,4.707,131.295,8.926,15.141,33.034,0,Agtron 75
11.266,33.419,27.725,59.175,19.946,42.302,16.157,35.424,130.052,4.885,131.169,8.628,15.258,32.889,0,Agtron 75
18.097,47.447,24.715,52.413,12.008,27.746,9.882,24.874,129.051,3.169,128.629,3.23,9.817,23.444,1,Agtron 25
10.747,35.638,28.85,60.172,12.295,28.095,9.804,24.842,129.239,3.383,129.025,3.543,9.705,23.413,1,Agtron 25
16.895,45.617,24.823,53.31,11.801,27.483,9.686,24.592,129.026,3.178,128.667,3.256,9.628,23.179,1,Agtron 25
11.038,36.151,29.57,60.753,12.626,28.459,10.048,25.153,129.293,3.422,129.065,3.585,9.944,23.703,1,Agtron 25
17.38,46.522,24.962,53.312,11.843,27.64,9.723,24.789,129.037,3.154,128.653,3.248,9.668,23.359,1,Agtron 25
10.56,35.25,29.306,60.406,12.485,28.257,9.943,24.952,129.272,3.398,129.07,3.562,9.839,23.518,1,Agtron 25
17.092,46.117,25.501,53.668,12.127,27.894,9.94,24.996,129.088,3.198,128.69,3.24,9.874,23.562,1,Agtron 25
10.845,35.751,29.576,60.901,12.544,28.382,9.995,25.104,129.267,3.393,129.065,3.567,9.89,23.652,1,Agtron 25
17.384,46.279,25.649,53.943,12.379,28.114,10.208,25.283,129.063,3.199,128.674,3.249,10.131,23.815,1,Agtron 25
10.795,35.64,29.033,59.598,12.804,28.625,10.234,25.287,129.294,3.409,129.101,3.632,10.107,23.83,1,Agtron 25
17.71,47.052,25.207,53.485,12.157,27.907,10.014,25.122,129.06,3.168,128.642,3.195,9.95,23.675,1,Agtron 25
10.696,35.496,28.401,59.107,12.374,28.237,9.898,24.991,129.24,3.356,129.044,3.5,9.791,23.559,1,Agtron 25
17.623,46.872,24.1,52.249,11.763,27.497,9.718,24.801,129.008,3.107,128.589,3.111,9.66,23.394,1,Agtron 25
10.922,35.974,28.923,59.572,12.638,28.365,10.098,25.088,129.276,3.381,128.995,3.45,9.993,23.649,1,Agtron 25
17.617,46.81,24.391,52.634,11.879,27.753,9.796,24.993,129.028,3.151,128.603,3.196,9.732,23.561,1,Agtron 25
10.697,35.302,29.348,60.233,12.86,28.759,10.29,25.429,129.292,3.434,129.103,3.6,10.155,23.95,1,Agtron 25
18.419,47.928,24.319,52.477,11.63,27.254,9.546,24.433,129.024,3.13,128.574,3.163,9.51,23.051,1,Agtron 25
11.25,36.713,29.425,60.551,12.638,28.359,10.032,25.006,129.315,3.449,129.01,3.501,9.938,23.574,1,Agtron 25
17.586,46.675,24.519,52.543,12.201,28.151,10.07,25.318,129.071,3.183,128.629,3.215,9.982,23.862,1,Agtron 25
11.169,36.468,28.832,59.668,12.615,28.448,10.054,25.095,129.297,3.438,129.007,3.514,9.941,23.652,1,Agtron 25
17.97,47.183,24.253,52.174,12.211,28.254,10.114,25.415,129.052,3.168,128.626,3.307,10.022,23.94,1,Agtron 25
10.96,36.043,28.5,59.238,12.598,28.646,10.088,25.321,129.263,3.377,129.052,3.626,9.972,23.857,1,Agtron 25
17.45,46.537,24.237,52.515,11.716,27.65,9.631,24.826,129.027,3.147,128.622,3.28,9.583,23.411,1,Agtron 25
11.076,36.193,28.851,59.841,12.526,28.489,9.971,25.126,129.287,3.412,129.029,3.63,9.872,23.685,1,Agtron 25
9.759,33.311,33.469,66.637,15.109,32.313,11.761,28.105,129.846,4.19,129.927,5.005,11.474,26.403,1,Agtron 35
10.052,33.845,34.728,69.105,15.68,33.101,12.136,28.663,129.978,4.39,130.158,5.403,11.791,26.89,1,Agtron 35
9.607,33.372,32.95,66.663,14.868,32.137,11.575,28.067,129.835,4.183,129.874,4.883,11.297,26.386,1,Agtron 35
9.714,33.198,33.861,68.647,15.438,33.133,12.039,28.952,129.89,4.309,130.106,5.337,11.687,27.163,1,Agtron 35
9.368,32.732,32.809,66.339,14.821,32.123,11.534,27.922,129.822,4.181,129.913,4.96,11.246,26.233,1,Agtron 35
9.779,33.419,33.307,68.065,15.426,33.284,12.076,29.198,129.875,4.298,130.078,5.322,11.713,27.394,1,Agtron 35
9.292,32.211,30.073,61.392,14.353,31.045,11.35,26.889,129.619,3.803,129.594,4.669,11.066,25.274,1,Agtron 35
9.892,32.864,31.291,63.553,15.035,32.004,11.859,27.613,129.708,3.944,129.832,5.15,11.51,25.9,1,Agtron 35
11.392,36.532,34.392,67.898,15.751,32.844,12.24,28.33,129.94,4.31,130.238,5.513,11.9,26.547,1,Agtron 35
10.341,35.219,33.396,66.737,14.867,31.441,11.646,27.258,129.709,3.978,130.174,5.229,11.372,25.561,1,Agtron 35
10.889,36.051,33.969,67.75,15.514,32.443,12.082,27.976,129.88,4.218,130.263,5.485,11.749,26.221,1,Agtron 35
11.081,36.537,32.826,65.325,15.252,31.997,11.97,27.775,129.801,4.078,130.052,5.076,11.675,26.073,1,Agtron 35
11.25,36.688,34.02,67.917,15.619,32.612,12.162,28.082,129.902,4.251,130.313,5.627,11.808,26.305,1,Agtron 35
11.106,36.641,33.194,65.896,15.104,31.77,11.797,27.546,129.819,4.084,130.038,5.036,11.517,25.87,1,Agtron 35
11.16,36.382,33.54,67.524,15.513,32.765,12.127,28.461,129.874,4.226,130.208,5.476,11.781,26.678,1,Agtron 35
10.962,36.291,33.808,66.529,15.451,32.08,12.066,27.744,129.867,4.141,130.121,5.159,11.758,26.038,1,Agtron 35
10.962,36.11,34.048,67.775,15.752,32.889,12.323,28.5,129.892,4.222,130.283,5.509,11.959,26.702,1,Agtron 35
10.656,35.543,33.259,66.281,15.231,32.013,11.935,27.744,129.797,4.062,130.138,5.202,11.63,26.03,1,Agtron 35
10.849,35.905,34.032,67.885,15.825,33.072,12.349,28.5,129.92,4.264,130.325,5.63,11.976,26.685,1,Agtron 35
10.9,36.233,33.182,66.279,15.045,31.833,11.765,27.666,129.794,4.068,130.056,5.098,11.482,25.974,1,Agtron 35
10.877,35.92,34.918,68.934,15.839,32.798,12.303,28.243,129.95,4.293,130.358,5.633,11.949,26.466,1,Agtron 35
10.993,36.353,33.563,66.381,15.374,32.246,12.036,27.943,129.825,4.101,130.141,5.241,11.723,26.205,1,Agtron 35
10.884,36.232,34.127,67.915,15.73,32.803,12.249,28.185,129.92,4.265,130.358,5.634,11.882,26.397,1,Agtron 35
10.57,35.601,33.415,66.248,15.207,31.776,11.924,27.599,129.789,4.044,130.098,5.072,11.63,25.905,1,Agtron 35
10.922,36.148,34.781,68.456,16.008,33.056,12.484,28.497,129.938,4.28,130.38,5.637,12.108,26.679,1,Agtron 35
10.685,36.053,33.306,66.252,15.139,31.837,11.815,27.485,129.815,4.095,130.124,5.165,11.523,25.79,1,Agtron 35
10.634,34.099,36.776,72.564,16.792,35.455,13.029,30.491,130.08,4.634,130.735,6.836,12.481,28.436,1,Agtron 45
10.794,34.466,37.42,73.041,16.951,35.404,13.131,30.417,130.116,4.653,130.778,6.843,12.578,28.368,1,Agtron 45
10.586,33.978,36.928,72.698,16.514,34.829,12.776,29.944,130.06,4.589,130.688,6.714,12.265,27.944,1,Agtron 45
10.316,33.584,37.441,72.847,17.035,35.523,13.158,30.277,130.139,4.686,130.874,6.96,12.595,28.208,1,Agtron 45
10.351,33.64,36.73,72.539,16.649,35.233,12.923,30.307,130.049,4.584,130.749,6.816,12.386,28.263,1,Agtron 45
10.452,33.967,37.105,72.977,16.901,35.458,13.104,30.463,130.109,4.662,130.799,6.877,12.541,28.404,1,Agtron 45
10.295,33.685,35.825,71.881,16.232,34.765,12.61,30.002,130.011,4.57,130.622,6.634,12.087,28.003,1,Agtron 45
10.574,34.147,37.473,73.374,16.913,35.398,13.059,30.405,130.152,4.709,130.744,6.797,12.52,28.373,1,Agtron 45
10.407,33.961,36.034,71.873,16.417,34.971,12.751,30.173,130.045,4.588,130.623,6.597,12.225,28.167,1,Agtron 45
9.543,31.126,35.419,69.133,16.822,34.74,13.152,29.485,129.937,4.239,130.651,6.754,12.593,27.474,1,Agtron 45
9.498,31.149,33.775,67.366,16.322,34.459,12.86,29.433,129.814,4.1,130.519,6.593,12.311,27.424,1,Agtron 45
9.357,30.763,34.121,68.199,16.102,33.969,12.593,28.884,129.843,4.168,130.51,6.58,12.067,26.931,1,Agtron 45
11.048,34.543,37.248,72.968,18.306,37.611,14.446,32.415,130.159,4.715,131.226,7.663,13.691,30.157,1,Agtron 55
10.333,32.839,39.932,74.969,18.952,37.947,14.705,32.014,130.333,4.867,131.524,7.969,13.938,29.716,1,Agtron 55
10.158,31.999,35.35,69.064,18.034,36.866,14.291,31.405,129.983,4.311,131.036,7.513,13.562,29.191,1,Agtron 55
10.126,32.177,34.697,68.426,17.38,36.058,13.707,30.714,129.95,4.266,130.809,7.222,13.051,28.58,1,Agtron 55
10.056,31.93,34.537,68.533,17.419,36.27,13.787,30.945,129.918,4.259,130.889,7.351,13.099,28.771,1,Agtron 55
9.904,31.847,34.968,69.243,17.114,35.706,13.436,30.285,129.95,4.301,130.882,7.275,12.791,28.174,1,Agtron 55
9.997,31.782,34.862,68.852,17.711,36.578,14.048,31.231,129.938,4.262,130.969,7.417,13.336,29.03,1,Agtron 55
10.47,33.526,37.821,73.284,18.444,37.771,14.452,32.224,130.219,4.792,131.327,7.782,13.692,29.935,1,Agtron 55
10.731,34.014,36.98,73.101,18.332,37.662,14.482,32.489,130.179,4.763,131.236,7.704,13.703,30.227,1,Agtron 55
10.464,33.75,37.031,73.019,17.562,36.627,13.676,31.253,130.185,4.778,131.09,7.45,12.988,29.089,1,Agtron 55
10.633,34.054,37.114,73.379,18.079,37.336,14.199,32.039,130.194,4.804,131.23,7.699,13.441,29.803,1,Agtron 55
9.701,31.855,38.2,73.84,18.168,37.127,14.085,31.276,130.272,4.865,131.368,7.787,13.345,29.035,1,Agtron 55
10.166,32.932,37.674,73.633,18.301,37.558,14.331,32.055,130.223,4.803,131.313,7.746,13.569,29.794,1,Agtron 55
10.042,32.796,37.568,73.41,17.911,36.949,13.94,31.394,130.224,4.808,131.215,7.567,13.226,29.188,1,Agtron 55
10.172,33.227,36.097,72.574,17.6,36.875,13.878,31.733,130.092,4.67,131.155,7.585,13.139,29.505,1,Agtron 55
9.798,32.33,37.486,73.578,17.721,36.657,13.778,31.07,130.203,4.79,131.265,7.656,13.061,28.871,1,Agtron 55
10.261,33.472,35.838,72.501,17.518,36.947,13.821,31.822,130.077,4.667,131.143,7.607,13.085,29.591,1,Agtron 55
9.637,32.036,37.043,73.588,17.363,36.341,13.522,30.957,130.142,4.724,131.165,7.546,12.831,28.781,1,Agtron 55
9.757,32.053,36.721,73.137,17.813,37.016,13.996,31.643,130.137,4.725,131.269,7.716,13.236,29.397,1,Agtron 55
9.668,31.96,37.488,73.905,17.869,37.063,13.938,31.55,130.198,4.797,131.28,7.704,13.203,29.324,1,Agtron 55
10.032,32.526,35.45,71.191,19.277,40.244,15.575,34.427,129.982,4.561,131.86,9.009,14.565,31.797,1,Agtron 65
10.131,32.412,36.917,72.306,19.941,40.749,16.062,34.766,130.076,4.65,132.019,9.145,15.021,32.104,1,Agtron 65
9.9,31.659,37.323,72.494,20.306,41.093,16.354,34.928,130.106,4.669,132.161,9.305,15.273,32.224,1,Agtron 65
10.04,32.125,37.859,73.321,20.379,41.22,16.371,35.038,130.139,4.711,132.172,9.326,15.3,32.344,1,Agtron 65
10.019,32.157,36.529,71.927,19.837,40.733,16.001,34.743,130.041,4.608,132.002,9.143,14.957,32.069,1,Agtron 65
10.148,32.417,36.8,72.273,19.821,40.68,15.96,34.671,130.056,4.615,132.009,9.167,14.922,32.015,1,Agtron 65
10.43,32.792,37.981,73.339,20.543,41.234,16.509,35.148,130.18,4.767,132.103,9.241,15.435,32.47,1,Agtron 65
9.887,31.796,37.208,72.7,19.994,40.741,16.085,34.685,130.086,4.644,132.071,9.198,15.034,32.022,1,Agtron 65
9.976,31.998,36.886,72.2,20.158,41.143,16.261,35.068,130.077,4.642,132.077,9.254,15.19,32.366,1,Agtron 65
10.057,32.263,36.479,72.034,19.601,40.493,15.753,34.457,130.061,4.637,131.939,9.076,14.731,31.828,1,Agtron 65
10.353,32.92,35.997,71.613,20.003,41.026,16.239,35.348,130.035,4.599,131.882,9.032,15.19,32.685,1,Agtron 65
10.0,32.117,36.48,72.13,19.579,40.36,15.753,34.393,130.048,4.62,131.942,9.091,14.727,31.76,1,Agtron 65
10.069,32.61,34.774,70.281,19.479,40.544,15.856,34.997,129.966,4.546,131.745,8.828,14.832,32.372,1,Agtron 65
10.037,32.394,35.521,71.054,19.405,40.38,15.689,34.586,129.998,4.572,131.829,8.951,14.673,31.969,1,Agtron 65
9.988,32.177,34.732,69.843,19.403,40.489,15.847,34.892,129.882,4.39,131.813,8.952,14.811,32.244,1,Agtron 65
10.41,33.072,35.141,70.472,19.349,39.952,15.85,34.711,129.875,4.352,131.735,8.763,14.83,32.116,1,Agtron 65
10.096,32.124,35.381,70.27,19.818,40.76,16.209,35.14,129.903,4.392,131.917,9.034,15.14,32.464,1,Agtron 65
10.164,32.252,36.448,71.206,20.097,40.629,16.423,35.054,129.945,4.408,132.011,9.068,15.341,32.386,1,Agtron 65
10.136,32.297,35.468,70.491,19.802,40.889,16.157,35.186,129.929,4.431,131.913,9.062,15.094,32.513,1,Agtron 65
10.237,32.727,35.383,70.655,19.193,39.72,15.642,34.293,129.898,4.39,131.772,8.803,14.63,31.711,1,Agtron 65
9.919,32.017,34.869,70.066,19.379,40.377,15.813,34.754,129.892,4.402,131.833,8.953,14.777,32.118,1,Agtron 65
10.312,32.88,35.443,70.523,19.455,40.085,15.904,34.691,129.889,4.37,131.806,8.841,14.873,32.085,1,Agtron 65
10.063,32.436,35.152,70.443,19.413,40.345,15.837,34.819,129.909,4.43,131.793,8.901,14.806,32.193,1,Agtron 65
10.127,32.385,35.447,70.536,19.539,40.229,15.945,34.758,129.922,4.418,131.801,8.85,14.913,32.147,1,Agtron 65
10.046,32.242,35.064,70.187,19.417,40.403,15.849,34.789,129.885,4.382,131.845,8.981,14.808,32.142,1,Agtron 65
10.561,32.963,36.211,70.997,19.577,39.923,15.919,34.375,129.938,4.385,131.861,8.925,14.897,31.771,1,Agtron 65
10.271,32.334,35.15,69.839,19.582,40.543,16.022,34.981,129.849,4.283,131.863,9.012,14.984,32.317,1,Agtron 65
10.67,33.381,35.033,69.806,19.422,40.011,15.934,34.811,129.85,4.28,131.708,8.735,14.921,32.212,1,Agtron 65
9.685,31.632,33.903,68.785,20.485,43.662,16.699,37.087,129.952,4.578,132.182,9.84,15.549,34.178,1,Agtron 75
9.179,30.461,33.689,68.777,20.015,42.98,16.26,36.351,129.926,4.581,132.166,9.811,15.136,33.468,1,Agtron 75
9.42,31.111,33.123,67.867,20.153,43.289,16.456,36.795,129.908,4.545,132.09,9.709,15.324,33.904,1,Agtron 75
9.65,31.549,33.78,68.556,20.271,43.287,16.487,36.717,129.969,4.614,132.083,9.673,15.362,33.859,1,Agtron 75
9.847,31.862,34.394,69.242,20.452,43.347,16.591,36.725,130.013,4.673,132.134,9.726,15.46,33.864,1,Agtron 75
9.868,31.97,34.114,68.764,20.582,43.805,16.694,37.046,130.023,4.69,132.151,9.779,15.556,34.16,1,Agtron 75
9.556,31.365,34.218,69.164,20.401,43.297,16.549,36.658,130.011,4.674,132.138,9.703,15.42,33.804,1,Agtron 75
9.728,31.758,33.514,68.407,20.143,43.126,16.389,36.599,129.966,4.639,132.04,9.67,15.264,33.742,1,Agtron 75
9.7,31.615,34.117,68.868,20.396,43.328,16.566,36.674,129.993,4.654,132.132,9.717,15.432,33.808,1,Agtron 75
9.63,31.519,33.889,68.6,20.493,43.485,16.703,36.938,129.972,4.621,132.133,9.727,15.555,34.051,1,Agtron 75
9.737,31.725,34.285,69.378,20.199,43.055,16.364,36.441,130.011,4.685,132.085,9.666,15.246,33.603,1,Agtron 75
9.235,30.625,33.636,68.597,20.16,43.303,16.428,36.728,129.912,4.54,132.168,9.788,15.289,33.834,1,Agtron 75
9.594,31.231,34.454,69.325,20.879,43.882,17.104,37.503,129.949,4.553,132.238,9.83,15.924,34.574,1,Agtron 75
9.465,31.035,33.865,68.643,20.767,43.938,16.992,37.431,129.956,4.597,132.205,9.844,15.813,34.508,1,Agtron 75
13.336,40.389,21.78,48.589,10.757,26.716,9.193,25.219,128.759,2.661,128.503,2.555,9.121,23.778,0,Agtron 25
15.254,43.512,21.627,48.169,10.686,26.929,9.099,25.373,128.77,2.666,128.382,2.48,9.053,23.943,0,Agtron 25
14.785,42.434,21.497,47.834,10.749,27.276,9.201,25.781,128.726,2.594,128.38,2.497,9.145,24.322,0,Agtron 25
15.428,43.513,21.844,48.247,11.137,27.671,9.528,26.088,128.775,2.639,128.382,2.574,9.452,24.599,0,Agtron 25
15.548,43.69,21.315,47.459,11.086,27.75,9.491,26.112,128.765,2.631,128.368,2.646,9.404,24.62,0,Agtron 25
15.685,43.964,21.7,47.982,10.639,27.061,9.033,25.425,128.749,2.6,128.341,2.501,9.005,23.993,0,Agtron 25
4.831,19.163,30.809,64.203,11.153,26.83,9.005,24.114,128.974,3.047,129.593,4.12,8.881,22.683,0,Agtron 25
4.8,19.174,30.981,64.51,11.154,26.741,8.964,23.86,129.004,3.079,129.646,4.225,8.829,22.438,0,Agtron 25
4.896,19.376,30.935,64.386,11.172,26.516,8.991,23.556,128.998,3.056,129.664,4.27,8.844,22.149,0,Agtron 25
6.65,24.635,27.882,60.084,10.45,25.641,8.605,23.05,128.818,2.96,129.405,3.947,8.482,21.67,0,Agtron 25
7.113,26.109,27.006,58.574,10.179,25.529,8.402,23.11,128.785,2.954,129.293,3.711,8.311,21.749,0,Agtron 25
7.129,25.902,27.65,59.258,10.337,25.726,8.508,23.27,128.798,2.946,129.351,3.826,8.419,21.902,0,Agtron 25
6.547,24.399,27.432,59.747,10.129,25.641,8.339,23.151,128.774,2.946,129.367,3.878,8.24,21.776,0,Agtron 25
6.842,25.081,27.708,59.809,10.416,25.804,8.583,23.287,128.805,2.967,129.391,3.933,8.471,21.901,0,Agtron 25
7.478,27.339,26.213,57.273,10.233,25.505,8.443,22.905,128.808,2.986,129.249,3.716,8.343,21.568,0,Agtron 25
8.672,29.884,24.605,54.882,9.972,25.641,8.402,23.811,128.678,2.752,129.038,3.325,8.335,22.434,0,Agtron 25
6.672,25.011,29.977,61.695,12.949,29.362,10.669,26.475,129.113,3.132,129.702,4.448,10.372,24.812,0,Agtron 35
4.276,15.805,33.966,69.369,12.856,29.411,10.258,25.804,129.226,3.364,130.3,5.44,9.932,24.134,0,Agtron 35
4.954,18.742,33.124,67.545,12.974,29.549,10.495,26.377,129.172,3.244,130.128,5.107,10.177,24.685,0,Agtron 35
4.454,16.306,34.378,69.539,13.066,29.5,10.462,26.073,129.229,3.341,130.274,5.303,10.142,24.404,0,Agtron 35
5.134,19.351,32.545,66.619,12.94,29.432,10.558,26.531,129.129,3.167,129.999,4.862,10.247,24.842,0,Agtron 35
5.862,22.464,31.123,64.729,13.555,30.11,11.179,26.904,129.185,3.253,130.055,5.037,10.766,25.18,0,Agtron 35
12.417,37.921,25.014,53.77,13.424,30.631,11.535,28.609,128.998,2.9,128.81,3.398,11.212,26.891,0,Agtron 35
13.009,39.168,24.119,52.65,13.428,30.365,11.507,28.088,129.057,2.944,128.669,3.32,11.186,26.433,0,Agtron 35
12.524,37.769,25.356,54.263,13.997,30.828,12.043,28.603,129.058,2.941,128.874,3.56,11.668,26.888,0,Agtron 35
11.544,36.309,25.099,54.791,13.371,29.806,11.471,27.67,129.038,2.938,128.967,3.5,11.127,26.026,0,Agtron 35
11.816,36.722,25.309,54.342,13.985,30.478,12.027,28.235,129.087,2.983,128.931,3.523,11.645,26.54,0,Agtron 35
10.35,34.052,27.248,59.162,13.867,30.502,11.778,27.983,129.146,3.112,129.364,4.149,11.352,26.247,0,Agtron 35
10.566,34.257,26.867,58.327,13.788,30.419,11.721,27.935,129.122,3.082,129.288,4.046,11.313,26.228,0,Agtron 35
10.868,35.34,27.608,59.215,13.774,30.29,11.664,27.786,129.167,3.159,129.324,4.013,11.265,26.098,0,Agtron 35
9.871,33.771,28.658,61.159,13.825,30.299,11.597,27.521,129.228,3.25,129.584,4.345,11.18,25.825,0,Agtron 35
6.402,25.078,31.294,65.513,14.492,31.34,12.064,28.158,129.273,3.363,130.188,5.243,11.555,26.329,0,Agtron 35
4.816,19.559,31.366,66.199,13.993,30.893,11.53,27.537,129.272,3.369,130.237,5.349,11.053,25.749,0,Agtron 35
6.152,24.591,31.629,66.158,14.174,31.023,11.695,27.773,129.3,3.381,130.126,5.163,11.234,25.99,0,Agtron 35
8.228,30.511,29.767,63.568,13.974,30.969,11.66,28.056,129.236,3.289,129.855,4.774,11.222,26.28,0,Agtron 35
7.445,28.347,30.95,64.764,14.24,31.176,11.849,28.227,129.275,3.313,129.911,4.758,11.41,26.445,0,Agtron 35
4.954,19.134,31.819,67.568,15.534,34.899,13.021,31.616,129.282,3.46,130.493,6.079,12.395,29.47,0,Agtron 45
4.952,18.27,34.994,70.274,16.808,36.115,13.946,32.189,129.441,3.64,130.894,6.654,13.239,29.937,0,Agtron 45
4.713,18.212,31.8,67.63,15.212,34.301,12.667,30.916,129.302,3.499,130.456,5.992,12.07,28.823,0,Agtron 45
5.246,20.067,32.975,68.438,15.963,35.346,13.351,31.935,129.334,3.509,130.539,6.136,12.714,29.758,0,Agtron 45
5.052,19.227,32.729,68.3,15.751,34.786,13.141,31.308,129.329,3.51,130.582,6.164,12.501,29.164,0,Agtron 45
5.248,19.855,32.721,68.072,15.806,34.808,13.252,31.581,129.3,3.454,130.504,5.99,12.629,29.446,0,Agtron 45
5.307,20.552,31.133,66.626,15.307,34.446,12.886,31.36,129.244,3.392,130.339,5.798,12.281,29.246,0,Agtron 45
5.923,22.552,33.032,68.101,15.802,34.684,13.183,31.266,129.333,3.469,130.494,6.01,12.571,29.143,0,Agtron 45
5.799,22.269,31.251,66.522,15.371,34.393,12.921,31.271,129.259,3.413,130.339,5.798,12.32,29.172,0,Agtron 45
6.214,23.542,31.722,67.283,15.708,35.057,13.214,31.918,129.274,3.429,130.387,5.983,12.594,29.758,0,Agtron 45
6.242,23.78,31.084,66.388,15.207,34.326,12.782,31.222,129.234,3.372,130.255,5.732,12.204,29.128,0,Agtron 45
6.486,24.577,31.548,67.052,15.252,34.372,12.794,31.217,129.248,3.372,130.314,5.848,12.214,29.124,0,Agtron 45
6.751,25.372,30.593,65.827,15.239,34.549,12.857,31.519,129.209,3.332,130.221,5.74,12.277,29.409,0,Agtron 45
3.9,13.89,36.625,74.368,16.435,36.121,13.174,31.143,129.617,3.861,131.411,7.811,12.454,28.848,0,Agtron 55
3.831,13.14,36.674,73.981,16.726,36.141,13.447,31.184,129.642,3.879,131.473,7.772,12.695,28.888,0,Agtron 55
3.847,12.735,37.835,74.807,17.393,37.19,13.981,32.011,129.686,3.91,131.622,8.039,13.197,29.627,0,Agtron 55
3.951,13.629,37.568,74.395,17.043,36.457,13.641,31.262,129.699,3.956,131.523,7.887,12.892,28.948,0,Agtron 55
3.958,13.597,37.124,73.886,17.112,36.777,13.754,31.62,129.671,3.935,131.515,7.909,12.992,29.279,0,Agtron 55
3.905,13.05,37.764,74.609,17.11,36.432,13.71,31.226,129.7,3.973,131.567,7.927,12.944,28.905,0,Agtron 55
3.943,13.38,37.911,74.672,17.146,36.424,13.761,31.316,129.69,3.931,131.521,7.838,13.003,28.998,0,Agtron 55
3.915,12.818,38.576,75.41,17.388,36.515,13.905,31.298,129.744,4.011,131.65,7.983,13.127,28.973,0,Agtron 55
3.772,12.659,36.595,73.978,16.579,35.975,13.242,30.783,129.664,3.974,131.543,7.971,12.493,28.485,0,Agtron 55
3.796,12.742,35.99,73.253,16.512,36.04,13.257,30.926,129.611,3.896,131.528,7.985,12.498,28.607,0,Agtron 55
7.132,26.446,35.252,69.836,17.432,35.985,14.156,31.263,129.647,3.871,131.235,7.456,13.472,29.017,0,Agtron 55
8.31,29.362,34.562,68.632,17.236,35.763,14.116,31.47,129.548,3.692,131.053,7.151,13.461,29.222,0,Agtron 55
4.251,14.758,37.55,72.42,17.509,36.257,13.938,30.885,129.778,4.077,131.592,7.955,13.243,28.61,0,Agtron 55
4.154,13.82,38.205,73.19,17.588,36.359,13.941,30.761,129.807,4.145,131.723,8.183,13.228,28.454,0,Agtron 55
4.184,14.13,37.158,71.293,18.138,37.055,14.535,31.743,129.808,4.132,131.685,8.046,13.803,29.422,0,Agtron 55
4.163,13.904,37.559,71.688,18.289,37.102,14.666,31.816,129.819,4.119,131.743,8.082,13.919,29.489,0,Agtron 55
4.179,14.12,37.004,71.005,18.167,37.104,14.619,31.965,129.778,4.068,131.611,7.87,13.897,29.647,0,Agtron 55
4.309,14.86,36.825,70.833,18.271,37.199,14.73,32.051,129.775,4.062,131.692,8.034,13.975,29.704,0,Agtron 55
4.258,14.453,37.066,71.168,18.258,37.126,14.689,31.92,129.791,4.095,131.71,8.069,13.936,29.579,0,Agtron 55
4.19,14.038,37.448,71.795,18.225,37.192,14.597,31.823,129.813,4.146,131.79,8.263,13.841,29.462,0,Agtron 55
4.369,15.121,37.075,71.165,18.118,36.893,14.567,31.754,129.779,4.071,131.667,7.96,13.834,29.44,0,Agtron 55
4.418,15.307,37.516,71.59,18.27,37.091,14.651,31.8,129.804,4.094,131.735,8.126,13.913,29.456,0,Agtron 55
5.53,20.737,35.842,69.53,18.264,37.189,14.85,32.428,129.715,3.96,131.468,7.667,14.126,30.096,0,Agtron 55
4.196,14.135,37.179,71.612,18.047,37.004,14.456,31.715,129.797,4.145,131.728,8.149,13.717,29.38,0,Agtron 55
4.353,14.837,37.148,71.253,18.253,37.209,14.707,32.13,129.767,4.074,131.672,7.986,13.97,29.787,0,Agtron 55
4.566,16.223,36.829,70.941,18.121,36.874,14.6,31.825,129.768,4.054,131.624,7.901,13.869,29.512,0,Agtron 55
4.436,15.654,36.991,70.981,18.332,37.319,14.747,32.112,129.8,4.105,131.685,8.032,13.999,29.758,0,Agtron 55
4.177,14.028,37.249,71.433,18.322,37.417,14.713,32.133,129.805,4.123,131.731,8.131,13.963,29.772,0,Agtron 55
4.275,14.672,37.022,71.059,18.302,37.45,14.734,32.266,129.776,4.075,131.688,8.068,13.992,29.899,0,Agtron 55
9.874,32.465,33.816,68.739,19.124,39.148,15.906,34.347,129.619,3.917,131.535,8.297,14.992,31.812,0,Agtron 65
6.383,23.696,35.411,71.131,19.201,39.403,15.773,33.973,129.688,4.055,132.022,9.019,14.807,31.367,0,Agtron 65
6.111,22.714,34.9,70.62,19.089,39.412,15.69,33.965,129.683,4.065,131.972,8.963,14.726,31.371,0,Agtron 65
5.716,21.104,35.642,71.145,19.544,40.008,16.064,34.501,129.711,4.098,132.084,9.072,15.078,31.87,0,Agtron 65
5.409,19.715,36.299,71.934,19.599,39.992,16.091,34.472,129.721,4.09,132.1,9.056,15.11,31.845,0,Agtron 65
5.266,19.15,35.697,71.079,19.669,40.121,16.167,34.529,129.723,4.1,132.148,9.177,15.157,31.875,0,Agtron 65
8.593,29.741,34.599,69.543,19.606,39.858,16.316,34.932,129.633,3.916,131.784,8.626,15.353,32.323,0,Agtron 65
5.126,18.769,35.942,71.371,19.495,39.79,16.005,34.314,129.727,4.084,132.073,9.013,15.023,31.702,0,Agtron 65
5.46,20.268,35.193,70.599,19.235,39.367,15.862,34.138,129.68,4.023,131.915,8.76,14.9,31.56,0,Agtron 65
4.247,13.812,36.716,72.157,19.89,40.625,16.31,34.962,129.752,4.115,132.241,9.242,15.297,32.298,0,Agtron 65
4.018,12.389,37.409,72.993,20.048,40.712,16.344,34.767,129.832,4.231,132.393,9.498,15.293,32.076,0,Agtron 65
4.045,12.409,37.896,73.51,19.987,40.459,16.246,34.483,129.852,4.257,132.402,9.465,15.211,31.817,0,Agtron 65
4.051,12.302,37.733,73.101,20.363,41.251,16.646,35.375,129.818,4.2,132.421,9.521,15.589,32.651,0,Agtron 65
3.96,12.121,37.255,72.734,19.935,40.573,16.232,34.69,129.839,4.251,132.332,9.365,15.207,32.029,0,Agtron 65
4.006,12.011,37.571,72.832,20.382,41.253,16.647,35.323,129.837,4.221,132.422,9.504,15.589,32.603,0,Agtron 65
3.952,12.253,37.319,73.011,19.557,40.181,15.891,34.352,129.813,4.188,132.204,9.189,14.917,31.735,0,Agtron 65
4.011,12.489,37.188,72.842,19.766,40.501,16.103,34.648,129.808,4.208,132.293,9.355,15.09,31.987,0,Agtron 65
3.889,11.813,37.225,72.796,19.597,40.148,15.95,34.384,129.806,4.193,132.223,9.173,14.962,31.763,0,Agtron 65
3.95,11.434,37.822,73.201,20.242,41.035,16.527,35.183,129.831,4.229,132.378,9.392,15.482,32.495,0,Agtron 65
3.908,11.733,37.552,72.977,19.822,40.417,16.117,34.508,129.841,4.246,132.273,9.246,15.111,31.871,0,Agtron 65
3.904,11.281,37.385,73.076,19.436,39.798,15.863,34.117,129.755,4.153,132.232,9.176,14.866,31.502,0,Agtron 65
3.911,11.158,37.277,72.674,19.965,40.969,16.344,35.151,129.758,4.164,132.359,9.413,15.302,32.45,0,Agtron 65
3.953,11.263,38.16,73.8,19.928,40.416,16.254,34.665,129.798,4.191,132.37,9.36,15.225,31.994,0,Agtron 65
3.915,11.3,37.49,73.251,19.646,40.43,16.023,34.638,129.771,4.19,132.298,9.347,15.014,31.981,0,Agtron 65
3.87,11.186,37.174,72.653,19.653,40.233,16.069,34.522,129.763,4.163,132.244,9.193,15.054,31.877,0,Agtron 65
3.836,11.21,36.548,72.53,19.139,40.088,15.625,34.366,129.7,4.084,132.258,9.34,14.62,31.693,0,Agtron 65
3.844,11.162,37.195,73.236,19.102,39.853,15.555,34.18,129.718,4.102,132.215,9.168,14.58,31.548,0,Agtron 65
3.85,11.227,36.538,72.574,19.209,40.312,15.704,34.63,129.691,4.078,132.253,9.331,14.701,31.949,0,Agtron 65
3.907,11.084,37.498,73.721,19.295,40.191,15.735,34.496,129.712,4.101,132.314,9.348,14.733,31.834,0,Agtron 65
3.957,11.27,38.7,74.263,20.378,41.475,16.555,35.346,129.856,4.253,132.55,9.657,15.484,32.588,0,Agtron 65
3.816,11.018,36.429,72.492,19.044,40.008,15.566,34.357,129.678,4.073,132.227,9.259,14.569,31.699,0,Agtron 65
3.912,11.235,37.492,73.353,19.459,40.209,15.889,34.472,129.721,4.092,132.332,9.349,14.869,31.795,0,Agtron 65
3.85,10.921,37.247,73.299,19.288,40.152,15.735,34.416,129.711,4.112,132.328,9.401,14.719,31.732,0,Agtron 65
3.872,11.672,36.825,73.116,18.951,39.722,15.416,33.983,129.722,4.126,132.214,9.239,14.434,31.353,0,Agtron 65
3.725,11.064,35.944,73.052,19.761,42.253,16.01,35.806,129.831,4.358,132.574,10.263,14.919,32.967,0,Agtron 75
3.828,11.262,36.773,72.914,20.374,42.757,16.552,36.263,129.847,4.303,132.646,10.165,15.441,33.411,0,Agtron 75
3.822,11.127,36.802,73.241,20.839,43.698,16.939,37.093,129.884,4.383,132.79,10.515,15.781,34.154,0,Agtron 75
3.851,11.512,36.411,72.81,19.969,42.05,16.254,35.77,129.79,4.241,132.578,10.111,15.159,32.934,0,Agtron 75
3.832,11.384,36.678,73.129,20.095,42.287,16.325,35.889,129.817,4.28,132.641,10.233,15.219,33.032,0,Agtron 75
3.912,12.184,35.556,71.723,20.416,43.182,16.701,36.907,129.783,4.222,132.588,10.223,15.581,34.01,0,Agtron 75
8.603,30.249,32.497,67.635,18.854,40.078,15.794,35.433,129.496,3.69,131.502,8.368,14.881,32.838,0,Agtron 75
9.648,32.335,32.173,66.887,19.939,41.591,16.828,36.985,129.539,3.744,131.61,8.622,15.825,34.283,0,Agtron 75
10.615,34.101,31.592,66.351,19.229,40.186,16.345,36.209,129.442,3.618,131.238,7.969,15.415,33.621,0,Agtron 75
11.077,34.884,31.087,65.153,20.109,42.075,17.138,37.825,129.467,3.608,131.318,8.238,16.154,35.126,0,Agtron 75
11.447,35.563,31.184,65.451,18.804,39.651,15.94,35.557,129.412,3.545,131.111,7.804,15.048,33.021,0,Agtron 75
11.725,35.777,31.102,65.04,19.895,41.533,16.934,37.304,129.449,3.557,131.263,8.204,15.964,34.63,0,Agtron 75
12.034,36.34,31.06,64.908,19.108,40.1,16.229,36.05,129.419,3.537,131.019,7.746,15.333,33.493,0,Agtron 75
12.214,36.291,31.498,65.032,20.255,41.987,17.251,37.736,129.454,3.542,131.249,8.256,16.265,35.031,0,Agtron 75
12.42,36.472,31.101,64.948,19.273,40.351,16.432,36.491,129.374,3.463,130.944,7.763,15.527,33.909,0,Agtron 75
12.296,36.043,31.295,64.825,20.2,41.784,17.199,37.55,129.448,3.533,131.158,8.165,16.22,34.873,0,Agtron 75
12.79,36.658,31.888,65.531,19.811,40.77,16.941,37.157,129.399,3.46,130.77,7.496,16.039,34.572,0,Agtron 75
12.347,35.841,31.609,65.325,20.312,42.026,17.238,37.71,129.496,3.624,131.159,8.299,16.251,35.02,0,Agtron 75
9.228,32.633,20.147,49.602,9.837,26.199,8.46,24.319,128.687,3.114,128.615,2.591,8.344,22.88,0,Agtron 25
8.891,32.072,20.957,50.964,9.771,26.024,8.353,24.088,128.72,3.185,128.659,2.621,8.243,22.664,0,Agtron 25
6.21,24.351,24.935,57.981,9.774,25.675,8.211,23.431,128.743,3.305,129.068,3.283,8.082,22.003,0,Agtron 25
7.209,27.267,23.583,55.376,10.539,27.012,9.049,24.997,128.752,3.285,128.995,3.235,8.852,23.447,0,Agtron 25
9.054,29.982,20.409,49.932,10.934,28.321,9.615,26.52,128.642,3.302,128.927,3.318,9.371,24.856,0,Agtron 25
9.837,32.037,19.696,48.822,10.763,28.296,9.479,26.585,128.624,3.256,128.785,3.112,9.247,24.914,0,Agtron 25
19.87,46.846,19.608,46.657,12.587,32.268,11.114,30.257,128.668,3.161,128.088,2.877,10.828,28.389,0,Agtron 25
21.216,48.587,19.698,45.79,12.872,32.511,11.318,30.362,128.719,3.185,128.033,2.871,11.046,28.518,0,Agtron 25
9.589,31.967,27.686,57.448,15.502,33.431,13.288,30.603,129.239,3.896,129.341,3.973,12.771,28.642,0,Agtron 35
7.231,25.981,32.128,65.376,15.083,32.467,12.655,29.265,129.29,4.049,130.054,4.893,12.125,27.323,0,Agtron 35
8.439,28.879,30.873,62.335,15.15,32.414,12.809,29.491,129.251,3.96,129.694,4.321,12.334,27.581,0,Agtron 35
11.645,35.855,24.409,52.348,15.057,33.746,13.099,31.216,129.044,3.629,128.958,3.679,12.616,29.244,0,Agtron 35
12.28,36.437,23.806,51.304,15.47,35.086,13.619,32.785,128.93,3.532,128.778,3.532,13.124,30.713,0,Agtron 35
13.16,38.053,23.425,50.285,16.06,36.026,14.172,33.662,128.97,3.554,128.653,3.489,13.659,31.559,0,Agtron 35
11.728,35.605,24.522,52.385,15.492,34.862,13.576,32.538,129.001,3.591,128.886,3.585,13.088,30.504,0,Agtron 35
10.062,31.453,29.609,62.197,17.335,37.145,15.124,34.692,129.154,3.562,129.749,4.93,14.417,32.407,0,Agtron 45
10.161,31.837,30.949,63.475,17.151,36.623,14.813,33.938,129.21,3.815,129.836,5.005,14.139,31.681,0,Agtron 45
9.676,30.862,30.673,63.405,17.0,36.395,14.691,33.715,129.205,3.829,129.916,5.099,14.005,31.46,0,Agtron 45
8.91,29.803,31.345,64.924,16.744,35.946,14.361,33.1,129.259,3.919,130.093,5.3,13.674,30.864,0,Agtron 45
7.909,27.185,31.184,64.783,16.493,35.641,14.153,32.845,129.233,3.925,130.129,5.33,13.479,30.623,0,Agtron 45
7.474,26.088,32.054,65.946,16.563,35.779,14.18,32.967,129.259,3.966,130.153,5.307,13.517,30.734,0,Agtron 45
6.618,23.316,32.025,66.29,16.853,36.283,14.469,33.549,129.274,3.99,130.22,5.409,13.774,31.273,0,Agtron 45
4.939,16.406,34.968,71.452,18.778,39.238,15.974,35.715,129.453,4.198,131.205,7.213,15.025,33.154,0,Agtron 55
4.964,16.268,35.369,71.663,18.81,39.228,16.002,35.679,129.441,4.172,131.207,7.221,15.059,33.112,0,Agtron 55
4.86,15.901,35.125,71.843,18.646,39.04,15.856,35.57,129.451,4.209,131.177,7.195,14.918,33.02,0,Agtron 55
4.197,13.947,36.737,74.063,17.711,37.731,14.579,33.514,129.644,4.489,131.256,7.3,13.749,31.099,0,Agtron 55
4.496,14.982,36.942,73.682,18.224,38.348,15.116,34.347,129.643,4.448,131.175,7.104,14.276,31.9,0,Agtron 55
4.455,14.293,36.854,73.399,18.422,38.512,15.353,34.438,129.585,4.339,131.36,7.374,14.457,31.95,0,Agtron 55
4.469,13.39,41.376,77.337,19.751,39.45,16.19,34.731,129.814,4.514,131.845,7.946,15.246,32.182,0,Agtron 55
4.108,12.768,38.63,75.556,18.667,38.864,15.268,34.013,129.741,4.499,131.717,7.971,14.347,31.497,0,Agtron 55
4.687,14.379,38.953,75.551,19.968,40.556,16.679,36.102,129.638,4.28,131.922,8.391,15.638,33.421,0,Agtron 65
4.804,13.4,43.224,78.767,22.597,43.529,18.742,38.346,129.886,4.489,132.664,9.293,17.535,35.462,0,Agtron 65
4.688,13.071,44.21,79.189,22.586,43.249,18.527,37.491,129.992,4.598,132.822,9.481,17.314,34.613,0,Agtron 65
4.625,13.27,40.928,77.433,21.371,42.355,17.786,37.454,129.77,4.433,132.399,9.08,16.627,34.629,0,Agtron 65
4.556,12.83,42.342,78.849,21.789,43.024,18.019,37.744,129.844,4.539,132.609,9.398,16.831,34.873,0,Agtron 65
4.39,12.297,41.599,78.238,21.487,42.952,17.774,37.631,129.81,4.505,132.534,9.38,16.598,34.743,0,Agtron 65
4.368,12.198,42.284,79.165,21.338,42.356,17.508,36.845,129.886,4.597,132.643,9.483,16.338,34.0,0,Agtron 65
4.231,11.985,41.189,79.09,22.034,44.788,18.047,38.62,129.934,4.666,133.017,10.446,16.76,35.588,0,Agtron 75
4.076,11.131,41.691,79.741,21.619,43.885,17.56,37.487,129.972,4.677,133.096,10.542,16.284,34.473,0,Agtron 75
4.052,11.152,40.636,78.755,21.702,44.306,17.754,38.152,129.922,4.654,132.999,10.458,16.469,35.125,0,Agtron 75
4.063,12.191,39.024,77.515,20.894,43.803,17.108,37.739,129.845,4.577,132.747,10.242,15.88,34.759,0,Agtron 75
15.856,44.037,23.533,54.687,13.358,32.472,11.411,30.241,129.095,3.565,128.544,3.12,11.142,28.408,1,Agtron 25
17.773,46.713,22.735,53.625,13.93,33.852,12.06,31.872,129.085,3.594,128.449,3.062,11.752,29.949,1,Agtron 25
16.8,45.263,23.557,54.632,13.544,32.867,11.583,30.67,129.095,3.6,128.497,3.148,11.314,28.81,1,Agtron 25
18.39,47.344,22.556,53.348,13.69,33.578,11.858,31.632,129.038,3.527,128.386,3.022,11.57,29.716,1,Agtron 25
10.979,36.064,26.134,57.897,15.072,34.261,12.736,31.822,129.329,3.713,128.76,3.303,12.397,29.915,1,Agtron 25
11.161,36.261,26.03,57.717,15.457,34.964,13.104,32.628,129.357,3.743,128.781,3.357,12.743,30.681,1,Agtron 25
11.195,36.374,26.157,57.668,15.466,35.017,13.085,32.581,129.355,3.722,128.736,3.337,12.733,30.64,1,Agtron 25
10.231,32.964,30.724,62.626,17.998,36.95,14.918,33.511,129.789,4.37,129.71,4.824,14.319,31.424,1,Agtron 35
9.867,32.576,30.237,62.774,17.221,36.091,14.247,32.783,129.734,4.341,129.711,4.739,13.689,30.742,1,Agtron 35
9.874,32.728,30.992,62.849,17.701,36.177,14.599,32.675,129.829,4.416,129.776,4.749,14.02,30.628,1,Agtron 35
9.436,31.883,31.327,64.425,17.39,36.16,14.148,32.142,129.892,4.535,129.99,5.259,13.528,30.069,1,Agtron 35
10.007,32.567,32.68,65.776,18.154,36.901,14.834,33.132,129.92,4.506,129.969,5.189,14.221,31.038,1,Agtron 35
10.421,33.056,31.163,64.196,18.377,37.709,15.252,34.301,129.813,4.391,129.819,5.065,14.606,32.155,1,Agtron 35
10.342,33.243,31.621,64.534,18.125,37.174,14.922,33.6,129.865,4.453,129.866,5.097,14.293,31.483,1,Agtron 35
9.325,30.782,36.122,69.064,20.237,39.304,16.314,34.12,130.244,4.901,131.071,6.949,15.433,31.775,1,Agtron 45
9.274,30.425,36.287,68.505,21.016,40.196,17.011,34.861,130.287,4.915,131.146,7.073,16.072,32.45,1,Agtron 45
9.033,29.89,37.186,68.988,21.49,40.607,17.333,35.058,130.378,4.985,131.276,7.174,16.376,32.635,1,Agtron 45
9.128,29.982,37.618,69.54,21.578,40.535,17.41,35.015,130.379,4.983,131.339,7.228,16.443,32.584,1,Agtron 45
9.137,29.925,37.523,71.641,21.561,41.23,17.408,35.525,130.365,5.09,131.7,8.032,16.332,32.983,1,Agtron 55
9.064,29.673,38.889,72.343,22.558,42.32,18.171,36.229,130.483,5.192,131.993,8.376,17.022,33.599,1,Agtron 55
9.019,29.413,39.54,72.702,22.987,42.495,18.499,36.3,130.552,5.255,132.093,8.434,17.32,33.659,1,Agtron 55
8.788,28.779,39.492,73.026,22.923,42.684,18.456,36.507,130.525,5.235,132.114,8.511,17.279,33.846,1,Agtron 55
8.406,27.428,36.884,72.114,22.195,43.199,18.292,37.481,130.105,4.677,132.143,9.007,17.045,34.715,1,Agtron 65
8.572,27.856,37.251,72.601,22.315,43.095,18.402,37.406,130.122,4.697,132.231,9.145,17.118,34.627,1,Agtron 65
8.448,27.092,37.282,72.067,22.714,43.426,18.823,37.782,130.09,4.621,132.293,9.164,17.508,34.981,1,Agtron 65
8.012,26.859,35.04,70.173,21.398,42.693,17.633,37.093,130.041,4.607,131.86,8.694,16.465,34.376,1,Agtron 65
8.412,27.852,36.084,71.168,21.767,42.758,17.866,37.054,130.137,4.723,131.952,8.785,16.669,34.326,1,Agtron 65
8.167,27.228,36.421,71.491,21.653,42.539,17.745,36.815,130.127,4.689,131.972,8.738,16.568,34.106,1,Agtron 65
8.368,27.467,35.319,70.16,21.879,43.086,18.084,37.52,130.061,4.62,131.88,8.749,16.877,34.774,1,Agtron 65
8.368,27.467,35.319,70.16,21.879,43.086,18.084,37.52,130.061,4.62,131.88,8.749,16.877,34.774,1,Agtron 65
8.664,28.546,35.842,70.385,23.817,46.834,19.641,40.148,130.222,4.941,132.608,10.034,18.225,37.083,1,Agtron 75
8.511,27.42,37.238,71.161,25.111,47.721,20.806,40.994,130.272,4.926,132.937,10.306,19.287,37.864,1,Agtron 75
8.558,27.975,35.719,69.971,24.418,47.517,20.236,40.787,130.214,4.925,132.731,10.203,18.755,37.67,1,Agtron 75
8.728,28.093,39.685,73.291,26.335,49.007,21.566,41.611,130.522,5.201,133.303,10.709,19.983,38.41,1,Agtron 75
19.217,37.319,21.441,47.044,46.717,61.514,45.159,60.829,129.711,5.008,130.739,6.972,42.159,56.896,1,Agtron 65
18.66,39.003,20.473,45.672,45.084,61.237,43.328,60.149,129.902,5.142,130.552,6.644,40.478,56.293,1,Agtron 65
17.187,35.93,20.871,46.84,44.486,60.995,42.839,60.015,129.759,4.997,130.792,7.025,39.993,56.136,1,Agtron 65
12.378,31.798,24.657,49.127,36.954,56.588,34.103,53.64,130.126,5.044,131.193,7.188,31.82,50.121,1,Agtron 65
13.752,33.429,24.719,49.277,38.296,57.041,35.58,54.519,130.091,5.044,131.12,7.127,33.196,50.945,1,Agtron 65
14.467,34.483,29.281,52.28,44.352,59.292,40.48,55.699,130.987,6.258,131.632,7.156,37.773,52.078,1,Agtron 65
17.287,36.256,22.383,46.89,42.039,58.811,40.212,57.782,129.685,4.686,130.734,6.674,37.517,54.018,1,Agtron 65
17.922,37.864,21.902,46.4,41.62,58.818,39.781,57.721,129.706,4.682,130.62,6.622,37.125,53.976,1,Agtron 65
15.696,35.479,21.818,46.141,38.782,57.571,36.807,56.051,129.672,4.596,130.693,6.635,34.335,52.388,1,Agtron 65
17.004,36.321,22.407,47.544,40.499,58.047,38.647,57.024,129.675,4.639,130.637,6.543,36.074,53.325,1,Agtron 65
14.624,33.427,22.143,48.612,41.142,59.434,39.026,57.78,129.925,5.113,130.982,7.085,36.421,54.028,1,Agtron 65
16.132,34.711,22.464,48.888,42.872,59.831,40.901,58.611,129.882,5.088,130.905,6.973,38.178,54.812,1,Agtron 65
15.652,35.346,22.705,49.363,41.617,59.633,39.354,57.826,130.026,5.227,130.994,7.188,36.727,54.072,1,Agtron 65
14.103,32.666,22.91,49.736,41.489,59.599,39.19,57.713,130.036,5.274,131.128,7.311,36.565,53.956,1,Agtron 65
15.49,34.956,23.489,50.368,41.833,59.198,39.523,57.556,130.087,5.29,131.033,7.131,36.883,53.819,1,Agtron 65
19.497,38.664,18.691,40.929,41.949,58.914,40.953,58.913,129.242,4.045,129.966,5.521,38.276,55.127,1,Agtron 65
18.198,37.623,18.68,41.489,40.7,58.455,39.604,58.273,129.3,4.091,130.05,5.612,37.012,54.528,1,Agtron 65
18.963,38.214,19.016,41.511,41.6,58.732,40.522,58.608,129.277,4.101,130.057,5.634,37.864,54.836,1,Agtron 65
17.594,37.083,19.491,42.363,39.817,57.79,38.522,57.396,129.37,4.205,130.096,5.621,36.001,53.7,1,Agtron 65
19.082,38.855,19.236,41.442,40.338,58.162,39.119,57.823,129.274,4.123,129.974,5.565,36.555,54.091,1,Agtron 65
16.426,36.071,19.516,41.173,38.196,56.441,36.798,56.056,129.43,4.259,129.977,5.221,34.42,52.457,1,Agtron 55
16.301,36.228,19.305,41.146,37.917,56.41,36.514,55.987,129.441,4.286,129.974,5.235,34.154,52.394,1,Agtron 55
19.366,38.374,20.321,42.188,41.241,57.72,40.045,57.852,129.295,4.233,129.861,5.167,37.465,54.124,1,Agtron 55
14.179,33.723,19.56,41.569,35.607,55.209,33.97,54.317,129.506,4.379,130.059,5.293,31.768,50.824,1,Agtron 55
19.047,37.969,19.674,42.375,41.207,58.116,40.029,58.256,129.342,4.37,129.835,5.206,37.452,54.521,1,Agtron 55
16.769,35.725,19.227,42.505,39.266,57.338,38.015,57.267,129.403,4.417,129.985,5.29,35.563,53.601,1,Agtron 55
16.358,35.692,19.794,43.593,39.207,57.194,37.779,56.955,129.564,4.588,130.056,5.363,35.348,53.317,1,Agtron 55
17.184,35.737,19.311,42.56,40.167,57.798,38.969,57.855,129.382,4.431,129.961,5.255,36.456,54.152,1,Agtron 55
18.692,38.171,21.657,44.354,41.511,58.191,39.852,57.565,129.535,4.605,130.233,5.848,37.221,53.824,1,Agtron 55
19.647,38.508,21.142,44.588,42.699,58.759,41.286,58.575,129.462,4.516,130.104,5.685,38.591,54.8,1,Agtron 55
17.971,36.925,21.094,44.065,41.012,58.119,39.463,57.57,129.46,4.553,130.25,5.862,36.853,53.827,1,Agtron 55
17.967,37.059,20.883,43.627,40.924,58.081,39.402,57.562,129.461,4.491,130.212,5.785,36.805,53.829,1,Agtron 55
13.548,33.884,21.934,45.88,35.904,55.636,33.627,53.699,129.881,4.774,130.581,6.156,31.407,50.218,1,Agtron 55
14.335,34.788,22.326,44.63,35.855,54.807,33.638,53.244,129.799,4.772,130.297,5.618,31.445,49.796,1,Agtron 55
13.13,32.809,22.704,45.184,35.221,54.469,32.913,52.675,129.811,4.783,130.445,5.791,30.755,49.243,1,Agtron 55
14.419,34.217,22.538,44.984,36.633,55.269,34.459,53.823,129.767,4.796,130.365,5.743,32.205,50.324,1,Agtron 55
13.046,33.044,23.574,46.492,35.767,54.79,33.203,52.676,130.016,4.984,130.605,5.993,31.028,49.259,1,Agtron 55
11.683,32.179,22.701,45.198,33.1,53.232,30.489,50.736,130.011,4.89,130.484,5.776,28.505,47.457,1,Agtron 55
13.865,33.548,22.831,45.92,36.621,55.492,34.31,53.802,129.878,4.879,130.51,5.938,32.065,50.319,1,Agtron 55
18.796,37.218,21.877,48.395,46.552,62.148,44.734,60.894,129.809,5.21,131.0,7.583,41.745,56.935,1,Agtron 75
16.332,34.44,22.851,50.22,46.644,62.154,44.627,60.698,129.985,5.361,131.284,7.865,41.635,56.746,1,Agtron 75
18.61,37.736,21.885,48.582,46.879,62.418,44.997,61.064,129.905,5.25,131.04,7.635,41.999,57.107,1,Agtron 75
18.151,37.432,21.909,48.634,46.211,62.125,44.269,60.674,129.938,5.282,131.051,7.616,41.314,56.735,1,Agtron 75
14.331,33.633,25.145,51.924,43.392,60.771,40.581,58.126,130.31,5.528,131.648,8.17,37.832,54.307,1,Agtron 75
14.163,33.175,24.493,50.793,42.531,60.369,39.788,57.766,130.248,5.492,131.496,7.872,37.101,53.978,1,Agtron 75
16.02,34.88,24.287,50.48,44.28,60.91,41.849,58.873,130.076,5.281,131.432,7.888,39.024,55.014,1,Agtron 75
14.955,33.512,25.072,51.311,43.963,61.16,41.194,58.522,130.228,5.516,131.636,8.145,38.405,54.672,1,Agtron 75
19.954,38.427,23.532,50.802,51.121,64.214,49.026,62.525,130.056,5.556,131.505,8.499,45.734,58.452,1,Agtron 75
19.91,38.582,23.502,50.573,51.208,64.36,49.055,62.531,130.096,5.575,131.536,8.564,45.759,58.453,1,Agtron 75
20.156,38.714,23.129,50.163,51.463,64.495,49.433,62.805,130.024,5.485,131.474,8.516,46.121,58.719,1,Agtron 75
17.29,35.695,23.887,51.287,48.121,64.137,45.639,61.596,130.105,5.57,131.741,8.865,42.564,57.564,1,Agtron 75
14.915,35.071,17.738,38.484,35.051,54.752,33.827,54.513,129.307,4.029,129.705,4.718,31.682,51.041,1,Agtron 45
15.709,35.85,18.395,38.886,35.895,54.829,34.674,54.768,129.304,4.019,129.66,4.656,32.492,51.274,1,Agtron 45
15.018,35.162,18.018,38.782,35.315,54.8,34.062,54.56,129.324,4.048,129.722,4.766,31.903,51.079,1,Agtron 45
17.958,38.158,17.808,38.045,38.657,56.562,37.675,56.85,129.243,3.988,129.562,4.594,35.293,53.229,1,Agtron 45
19.108,39.173,19.779,41.312,40.294,57.479,38.994,57.362,129.374,4.238,129.817,5.182,36.479,53.674,1,Agtron 45
16.38,36.636,19.817,41.422,37.032,55.815,35.524,55.238,129.408,4.257,129.929,5.194,33.22,51.676,1,Agtron 45
15.206,35.207,19.309,41.404,35.861,55.366,34.354,54.699,129.418,4.232,129.959,5.205,32.125,51.183,1,Agtron 45
16.179,36.753,19.375,41.234,36.592,55.642,35.095,55.078,129.453,4.255,129.889,5.117,32.834,51.548,1,Agtron 45
12.981,33.908,22.331,43.759,33.517,52.908,31.241,51.108,129.795,4.484,130.247,5.411,29.241,47.812,1,Agtron 45
13.236,33.718,21.663,43.037,33.602,53.062,31.565,51.603,129.63,4.331,130.188,5.368,29.537,48.263,1,Agtron 45
14.082,34.493,21.365,42.245,34.413,53.453,32.551,52.395,129.541,4.23,130.054,5.194,30.481,49.015,1,Agtron 45
12.681,33.108,22.442,43.825,33.503,52.79,31.27,51.092,129.759,4.453,130.257,5.365,29.265,47.791,1,Agtron 45
13.491,33.467,16.618,35.78,32.719,52.982,31.719,53.024,129.144,3.573,129.504,4.273,29.772,49.666,1,Agtron 35
13.427,34.049,15.995,34.889,32.123,52.794,31.107,52.696,129.168,3.561,129.423,4.199,29.193,49.371,1,Agtron 35
12.196,32.849,16.136,35.616,30.758,51.902,29.586,51.487,129.256,3.652,129.506,4.301,27.762,48.245,1,Agtron 35
12.097,32.594,16.222,35.249,30.609,51.521,29.5,51.31,129.215,3.537,129.455,4.149,27.714,48.087,1,Agtron 35
12.798,34.027,14.202,31.61,30.469,51.631,29.715,51.81,129.022,3.237,129.22,3.963,27.951,48.567,1,Agtron 35
12.697,33.84,14.347,31.729,30.54,51.559,29.772,51.722,129.035,3.236,129.241,3.981,28.002,48.481,1,Agtron 35
11.936,33.127,14.189,31.613,29.546,50.932,28.731,50.988,129.047,3.225,129.241,3.963,27.036,47.802,1,Agtron 35
15.25,37.303,14.774,32.116,33.493,53.401,32.823,53.909,129.063,3.277,129.193,3.951,30.884,50.525,1,Agtron 35
14.324,36.401,14.379,31.828,31.767,52.481,31.054,52.81,129.038,3.251,129.185,3.955,29.213,49.502,1,Agtron 35
13.533,34.114,15.97,34.805,32.441,52.883,31.496,52.989,129.149,3.519,129.402,4.183,29.585,49.655,1,Agtron 35
14.07,35.453,15.881,34.189,32.04,52.465,31.079,52.517,129.145,3.468,129.338,4.103,29.206,49.216,1,Agtron 35
13.447,33.919,15.565,34.153,31.806,52.474,30.914,52.585,129.083,3.47,129.376,4.16,29.031,49.266,1,Agtron 35
12.327,32.404,15.88,34.662,31.158,51.962,30.159,51.874,129.145,3.511,129.467,4.228,28.319,48.605,1,Agtron 35
14.988,35.547,16.273,34.686,34.018,53.708,33.157,54.021,129.096,3.49,129.362,4.156,31.146,50.606,1,Agtron 35
16.905,43.151,12.149,28.249,29.497,51.139,29.016,51.66,128.893,2.911,128.969,3.724,27.381,48.44,1,Agtron 25
15.202,41.672,11.787,27.869,28.16,50.254,27.643,50.676,128.912,2.892,128.957,3.649,26.101,47.538,1,Agtron 25
16.375,41.697,11.516,26.986,29.353,51.074,29.007,51.812,128.804,2.8,128.886,3.497,27.377,48.577,1,Agtron 25
16.314,42.494,12.042,28.068,29.156,50.85,28.678,51.433,128.904,2.912,128.93,3.591,27.074,48.231,1,Agtron 25
16.848,42.685,11.879,27.574,28.859,50.537,28.433,51.171,128.828,2.846,128.916,3.575,26.845,47.972,1,Agtron 25
21.82,47.687,8.839,24.309,26.472,49.189,26.206,49.632,128.631,2.659,128.643,3.745,24.8,46.558,1,Agtron 25
21.102,46.536,8.536,23.872,27.541,50.224,27.421,50.952,128.594,2.619,128.646,3.622,25.928,47.785,1,Agtron 25
21.982,48.488,8.775,24.375,26.9,49.647,26.662,50.146,128.653,2.667,128.686,3.756,25.237,47.05,1,Agtron 25
20.243,46.007,8.687,24.385,27.297,50.09,27.117,50.683,128.617,2.642,128.742,3.776,25.661,47.544,1,Agtron 25
14.073,38.466,12.391,28.14,28.001,49.471,27.45,49.882,128.873,2.877,128.978,3.585,25.909,46.774,1,Agtron 25
13.779,38.899,12.639,28.56,26.903,48.495,26.206,48.627,128.942,2.936,129.014,3.641,24.749,45.614,1,Agtron 25
13.346,37.754,12.811,28.982,28.048,49.604,27.414,49.954,128.933,2.932,129.038,3.684,25.897,46.852,1,Agtron 25
13.198,36.356,13.033,29.16,28.42,49.668,27.853,50.141,128.858,2.878,129.082,3.728,26.298,47.003,1,Agtron 25
14.578,39.496,12.453,28.19,27.837,49.416,27.26,49.836,128.878,2.88,128.967,3.577,25.754,46.731,1,Agtron 25
16.249,41.165,31.587,62.565,20.84,42.584,18.912,42.842,129.104,3.636,129.341,5.157,18.283,39.955,1,Agtron 25
14.938,38.264,31.715,62.915,21.609,43.526,19.812,44.048,129.052,3.589,129.374,5.12,19.114,41.07,1,Agtron 25
15.128,38.967,31.074,62.699,20.184,41.847,18.216,41.936,129.094,3.643,129.379,5.194,17.624,39.107,1,Agtron 25
15.087,39.332,32.842,64.075,19.957,41.477,17.911,41.554,129.119,3.635,129.393,5.189,17.369,38.744,1,Agtron 25
17.269,41.233,31.642,62.641,22.777,44.333,20.892,44.906,129.097,3.703,129.376,5.124,20.123,41.866,1,Agtron 25
14.635,33.328,34.905,68.795,30.213,49.431,27.64,49.877,129.901,5.058,130.305,6.01,26.235,46.56,1,Agtron 35
12.063,30.661,33.947,68.339,28.537,48.397,25.853,48.435,130.006,5.203,130.441,6.179,24.533,45.239,1,Agtron 35
12.974,31.449,35.047,69.323,29.955,49.331,27.309,49.713,129.998,5.176,130.413,6.103,25.921,46.431,1,Agtron 35
13.345,31.879,34.985,69.238,29.862,49.255,27.265,49.724,129.946,5.1,130.365,6.033,25.894,46.443,1,Agtron 35
14.108,33.584,32.719,65.084,26.589,46.852,24.226,47.27,129.586,4.488,129.952,5.52,23.14,44.137,1,Agtron 35
14.101,33.529,33.405,65.687,26.834,46.932,24.433,47.408,129.608,4.497,129.951,5.497,23.353,44.262,1,Agtron 35
14.242,32.991,34.338,67.125,27.799,47.855,25.486,48.646,129.559,4.426,129.947,5.48,24.361,45.411,1,Agtron 35
16.432,36.252,31.854,63.972,28.549,48.779,26.491,49.74,129.444,4.284,129.749,5.336,25.284,46.441,1,Agtron 35
11.036,31.539,39.873,73.231,26.8,45.962,23.069,44.46,130.564,5.732,130.907,6.741,21.932,41.498,1,Agtron 35
12.442,32.549,41.421,74.712,27.691,46.531,24.014,45.508,130.482,5.615,130.88,6.683,22.862,42.459,1,Agtron 35
10.815,30.34,40.313,73.817,26.494,45.805,22.705,44.14,130.558,5.772,130.997,6.857,21.579,41.189,1,Agtron 35
12.268,33.523,40.435,73.502,28.126,47.04,24.594,46.3,130.486,5.577,130.765,6.448,23.41,43.231,1,Agtron 35
9.692,26.835,42.271,75.596,30.951,49.444,26.133,45.866,131.284,6.923,132.213,8.772,24.508,42.659,1,Agtron 45
11.231,28.428,41.301,74.622,32.235,50.267,27.858,47.745,131.051,6.647,131.961,8.414,26.169,44.453,1,Agtron 45
10.846,28.219,41.078,74.433,32.555,50.395,28.339,48.317,131.035,6.62,131.814,8.157,26.635,45.028,1,Agtron 45
10.856,28.771,39.213,73.277,30.159,49.007,25.936,46.346,130.939,6.59,131.756,8.209,24.38,43.15,1,Agtron 45
11.802,32.145,36.509,71.217,29.725,49.663,26.137,47.699,130.624,6.249,131.336,7.835,24.571,44.457,1,Agtron 45
13.114,34.285,37.324,71.611,30.441,49.744,27.037,48.519,130.566,6.147,131.118,7.402,25.46,45.244,1,Agtron 45
12.187,32.883,37.665,72.163,29.366,48.929,26.005,47.743,130.492,5.989,131.144,7.409,24.513,44.522,1,Agtron 45
11.455,30.088,38.139,72.95,30.131,49.454,26.686,48.149,130.545,6.139,131.292,7.601,25.117,44.886,1,Agtron 45
13.372,31.018,37.872,72.456,37.07,54.459,33.358,52.766,130.864,6.79,132.008,8.906,31.177,49.16,1,Agtron 55
12.539,28.738,37.623,72.433,36.86,54.477,33.252,52.908,130.786,6.744,132.015,8.871,31.076,49.304,1,Agtron 55
12.845,29.793,37.814,72.604,36.87,54.304,33.2,52.695,130.831,6.767,132.044,8.896,31.026,49.095,1,Agtron 55
13.935,31.013,37.372,72.42,37.849,54.987,34.441,53.849,130.694,6.629,131.84,8.588,32.222,50.189,1,Agtron 55
10.477,26.791,41.848,75.364,33.929,51.917,29.254,48.97,131.345,7.319,132.282,8.944,27.371,45.583,1,Agtron 55
11.786,29.726,40.536,74.173,34.171,52.402,29.566,49.34,131.293,7.301,132.283,9.049,27.64,45.922,1,Agtron 55
12.09,29.42,41.153,74.507,34.903,52.538,30.366,49.923,131.275,7.248,132.209,8.822,28.416,46.491,1,Agtron 55
13.645,31.049,37.88,73.07,39.723,57.108,35.789,54.632,131.005,7.21,132.448,9.889,33.349,50.844,1,Agtron 65
13.121,30.634,38.178,72.939,40.955,58.015,36.988,55.438,131.047,7.225,132.614,10.153,34.461,51.6,1,Agtron 65
15.014,33.277,37.75,72.446,40.573,57.619,36.789,55.456,130.926,7.094,132.324,9.829,34.305,51.636,1,Agtron 65
13.432,31.808,37.928,72.502,40.793,57.798,36.925,55.501,131.019,7.169,132.381,9.833,34.433,51.688,1,Agtron 65
12.111,29.467,41.359,75.425,37.448,55.672,32.548,51.63,131.408,7.488,133.049,10.506,30.285,47.96,1,Agtron 65
13.001,30.948,40.706,74.881,37.274,55.622,32.479,51.711,131.33,7.392,132.965,10.423,30.242,48.046,1,Agtron 65
12.037,28.331,41.687,75.612,38.042,56.248,33.053,51.986,131.43,7.537,133.197,10.735,30.744,48.275,1,Agtron 65
13.67,31.186,40.559,74.375,38.735,56.796,33.976,52.87,131.294,7.405,133.056,10.638,31.617,49.12,1,Agtron 65
12.342,29.536,42.698,76.156,37.481,55.699,32.232,51.028,131.536,7.574,133.335,10.801,29.975,47.354,1,Agtron 65
12.658,29.333,42.476,76.152,37.968,55.977,32.841,51.589,131.473,7.549,133.279,10.762,30.542,47.892,1,Agtron 65
16.213,33.628,37.531,73.108,40.135,56.351,36.76,55.162,130.661,6.649,132.164,9.398,34.301,51.394,1,Agtron 65
12.996,30.765,38.547,74.058,38.85,55.824,35.083,53.969,130.923,6.894,132.362,9.586,32.719,50.269,1,Agtron 65
16.61,34.025,42.581,75.586,48.655,64.303,43.066,58.854,131.758,8.067,134.235,12.657,40.034,54.664,1,Agtron 75
13.748,30.414,43.277,76.077,46.405,62.49,40.846,57.291,131.787,7.997,134.225,12.397,37.951,53.201,1,Agtron 75
12.223,28.508,44.802,77.101,43.953,61.478,37.873,55.297,132.003,8.153,134.401,12.45,35.162,51.29,1,Agtron 75
13.827,30.725,42.984,75.521,46.369,62.787,40.798,57.412,131.762,7.927,134.224,12.413,37.921,53.319,1,Agtron 75
12.202,28.464,44.118,76.654,44.476,62.558,38.363,55.976,131.969,8.159,134.563,12.837,35.602,51.904,1,Agtron 75
14.434,30.52,44.61,76.513,46.233,62.612,40.282,56.775,131.888,8.117,134.43,12.517,37.411,52.693,1,Agtron 75
11.995,28.026,43.572,76.049,44.041,62.205,38.037,55.772,131.917,8.107,134.402,12.59,35.312,51.731,1,Agtron 75
2.068,10.263,12.673,33.768,7.966,22.62,6.936,20.829,128.543,1.54,128.82,2.482,6.781,19.725,1,Agtron 25
6.199,25.345,6.29,19.938,8.987,26.73,8.46,26.073,128.205,1.079,128.526,2.44,8.307,24.506,1,Agtron 25
2.658,12.714,17.142,44.071,10.905,28.462,9.335,25.549,128.905,2.324,129.538,4.071,8.863,23.983,1,Agtron 35
2.458,8.518,17.05,40.469,11.985,28.917,10.626,26.716,128.77,1.946,129.447,3.608,10.13,25.03,1,Agtron 35
3.731,17.486,20.022,50.518,14.496,35.916,12.308,31.708,129.295,3.233,130.308,6.026,11.526,29.614,1,Agtron 45
2.505,8.524,19.669,46.269,13.921,32.676,12.059,29.273,129.079,2.696,130.01,4.894,11.361,27.309,1,Agtron 45
4.468,20.763,20.659,52.108,15.669,38.154,13.323,33.655,129.393,3.462,130.561,6.669,12.438,31.4,1,Agtron 55
3.28,13.733,20.99,50.207,15.582,36.091,13.405,31.997,129.28,3.307,130.523,6.185,12.511,29.77,1,Agtron 55
5.759,24.832,22.009,54.755,18.609,43.179,15.957,38.249,129.576,3.832,131.005,7.737,14.866,35.66,1,Agtron 65
5.367,21.483,22.474,52.428,18.998,40.621,16.877,37.174,129.26,3.123,130.979,7.096,15.692,34.599,1,Agtron 65
21.076,52.584,24.369,57.102,36.813,58.015,34.642,55.996,129.901,3.942,131.331,8.578,32.383,52.401,1,Agtron 75
8.411,29.966,24.175,55.758,24.89,48.068,22.592,44.994,129.491,3.617,131.277,7.914,21.09,42.015,1,Agtron 75
2.093,8.476,11.699,31.29,7.333,20.895,6.51,19.352,128.385,1.158,128.795,2.411,6.352,18.34,0,Agtron 25
5.445,22.192,4.916,16.744,7.577,24.09,7.244,23.685,128.055,0.749,128.475,2.563,7.132,22.341,0,Agtron 25
2.098,5.703,17.37,44.32,9.409,25.092,8.106,22.505,128.625,1.666,129.559,4.105,7.712,21.076,0,Agtron 35
2.314,6.415,14.739,35.968,10.639,28.294,9.6,26.557,128.499,1.439,129.359,3.672,9.17,24.939,0,Agtron 35
2.204,5.732,19.752,49.808,11.843,30.802,10.107,27.006,128.849,2.206,130.315,5.955,9.437,25.03,0,Agtron 45
2.525,6.352,19.106,45.374,12.657,32.005,11.193,29.64,128.694,1.934,129.989,4.936,10.593,27.695,0,Agtron 45
2.19,5.73,19.919,50.356,12.425,32.273,10.575,28.1,128.909,2.354,130.493,6.418,9.839,25.998,0,Agtron 55
2.402,6.085,20.608,49.919,14.445,35.846,12.473,32.019,129.004,2.717,130.628,6.463,11.644,29.755,0,Agtron 55
2.387,5.948,22.107,54.679,14.988,37.29,12.787,32.691,129.091,2.762,131.043,7.598,11.856,30.237,0,Agtron 65
2.817,6.607,23.158,54.452,16.157,37.833,14.123,34.125,128.982,2.607,131.168,7.372,13.099,31.6,0,Agtron 65
2.726,6.503,22.929,54.385,18.154,42.801,15.713,37.82,129.172,3.071,131.591,8.519,14.549,34.994,0,Agtron 75
2.972,13.313,19.188,46.847,10.948,29.241,9.566,27.465,128.673,1.924,129.317,3.71,9.236,25.749,1,Agtron 25
9.926,31.632,11.553,34.301,10.102,29.498,9.703,29.656,128.092,1.056,128.672,2.903,9.355,27.717,1,Agtron 25
2.456,6.808,24.587,56.486,13.911,33.49,11.644,29.758,129.193,3.007,130.397,5.707,11.006,27.749,1,Agtron 35
2.699,9.027,21.545,49.938,13.479,32.537,11.798,30.421,128.882,2.461,129.813,4.364,11.24,28.43,1,Agtron 35
2.563,6.586,27.567,62.804,17.155,39.949,14.046,34.119,129.659,4.039,131.481,8.109,13.07,31.585,1,Agtron 45
2.82,7.846,25.761,57.815,15.873,36.632,13.503,33.15,129.26,3.382,130.643,6.192,12.733,30.855,1,Agtron 45
2.723,6.748,28.734,64.555,17.974,40.977,14.741,35.006,129.713,4.171,131.786,8.693,13.675,32.347,1,Agtron 55
3.034,7.471,29.061,64.143,18.94,41.621,15.82,36.557,129.696,4.449,131.697,8.337,14.719,33.835,1,Agtron 55
3.124,7.447,30.924,67.572,20.196,43.838,16.716,37.562,129.802,4.347,132.453,9.865,15.421,34.584,1,Agtron 65
3.558,8.101,31.634,67.049,20.791,43.091,17.576,37.741,129.653,4.156,132.464,9.522,16.222,34.763,1,Agtron 65
3.44,8.005,31.293,67.924,23.319,48.981,19.528,41.908,129.895,4.587,133.204,11.4,17.951,38.536,1,Agtron 75
3.776,8.437,32.579,68.209,23.166,47.058,19.587,40.861,129.803,4.52,133.007,10.614,18.046,37.595,1,Agtron 75
3.691,17.315,16.616,41.241,9.925,26.909,8.728,25.2,128.596,1.714,129.093,3.26,8.451,23.66,0,Agtron 25
10.405,32.781,10.597,33.029,9.681,28.474,9.305,28.447,128.137,0.984,128.509,2.539,8.949,26.635,0,Agtron 25
2.567,9.209,22.185,52.004,12.177,30.362,10.247,27.04,128.999,2.559,129.984,4.957,9.745,25.277,0,Agtron 35
2.981,12.43,19.363,46.007,12.013,30.284,10.485,28.117,128.8,2.232,129.541,3.982,10.043,26.352,0,Agtron 35
2.594,8.042,25.515,58.95,15.361,36.89,12.71,31.789,129.388,3.446,130.996,7.222,11.873,29.458,0,Agtron 45
2.742,9.987,23.162,53.693,13.786,33.648,11.635,30.09,129.148,3.054,130.22,5.534,11.026,28.08,0,Agtron 45
2.596,7.255,26.07,60.117,15.933,37.979,13.173,32.544,129.423,3.515,131.299,7.88,12.252,30.086,0,Agtron 55
2.673,7.712,26.713,60.893,16.963,39.423,14.003,34.189,129.625,4.205,131.253,7.735,13.071,31.713,0,Agtron 55
2.856,7.475,28.28,63.71,18.456,42.224,15.31,36.155,129.593,3.894,132.026,9.279,14.153,33.327,0,Agtron 65
3.103,7.914,28.734,63.733,19.008,42.095,15.976,36.665,129.552,3.897,132.038,9.111,14.775,33.841,0,Agtron 65
3.329,7.974,30.118,66.313,22.413,48.005,18.931,41.616,129.713,4.252,132.91,10.902,17.432,38.312,0,Agtron 75
3.304,8.041,30.589,65.752,22.736,47.879,19.102,41.472,129.876,4.531,132.687,10.23,17.663,38.311,0,Agtron 75
2.778,10.127,23.353,52.115,9.162,25.44,7.349,22.583,128.706,1.94,129.454,4.836,7.364,21.22,0,Agtron 25
4.073,18.755,21.051,53.039,10.747,29.163,9.112,27.874,128.871,2.421,129.251,3.851,8.906,26.323,0,Agtron 35
2.876,12.218,24.087,58.439,12.426,31.734,10.172,28.513,129.216,3.229,130.032,5.847,9.729,26.678,0,Agtron 45
5.84,21.998,25.193,59.987,21.918,44.656,19.845,43.79,129.484,3.805,130.267,5.779,18.785,41.16,0,Agtron 55
4.736,14.116,22.171,57.566,28.199,51.388,26.895,51.617,129.242,3.472,130.472,6.695,25.242,48.394,0,Agtron 75
7.983,27.413,20.447,53.103,29.138,52.628,27.972,52.845,129.172,3.185,130.24,6.136,26.326,49.679,0,Agtron 65
10.289,27.263,19.274,41.639,24.667,46.44,24.197,47.217,128.379,1.18,129.775,5.006,22.892,44.278,1,Agtron 25
12.177,29.522,19.578,45.766,30.863,51.818,30.658,53.454,128.563,1.721,129.826,4.802,28.868,50.148,1,Agtron 35
11.917,30.201,22.36,50.512,33.891,54.06,33.276,55.061,128.807,2.303,130.638,6.502,31.198,51.589,1,Agtron 45
11.392,28.99,22.701,52.096,33.283,53.323,32.473,54.105,128.959,2.634,130.644,6.431,30.402,50.702,1,Agtron 55
21.895,43.474,20.894,49.647,46.586,61.015,46.553,62.313,128.855,2.279,130.542,7.457,43.547,58.418,1,Agtron 75
24.229,45.421,19.736,46.877,48.633,61.332,48.968,63.008,128.748,2.05,130.214,6.824,45.828,59.072,1,Agtron 65
4.399,9.982,38.029,67.774,21.452,43.398,18.204,38.036,129.307,3.212,132.587,10.04,17.073,34.972,1,Agtron 25
3.868,11.952,23.773,51.043,18.073,41.621,15.874,37.382,128.988,2.81,130.822,7.964,15.011,34.734,1,Agtron 25
3.899,9.492,29.984,59.758,23.152,48.114,19.908,42.402,129.498,3.617,132.28,9.884,18.619,39.297,1,Agtron 35
4.34,11.145,29.699,60.237,23.739,48.204,20.58,43.031,129.487,3.85,132.326,9.676,19.182,39.859,1,Agtron 45
4.444,10.204,33.557,64.952,26.626,50.786,22.89,44.891,129.796,4.357,133.264,10.741,21.23,41.483,1,Agtron 55
4.206,9.313,30.641,62.302,24.241,47.206,21.238,42.321,129.425,3.803,132.778,9.944,19.629,39.006,1,Agtron 65
4.747,10.531,34.746,67.166,26.267,48.614,22.705,43.093,129.74,4.311,133.392,10.693,20.949,39.662,1,Agtron 75
8.235,26.164,13.737,37.515,15.963,41.008,14.662,37.619,128.427,2.273,130.09,7.536,13.923,34.971,1,Agtron 25
8.89,28.112,14.209,38.668,15.61,40.006,14.274,36.559,128.479,2.154,130.056,7.484,13.543,33.972,1,Agtron 25
4.104,13.71,23.101,49.711,17.985,41.297,15.814,36.893,128.954,2.533,130.978,8.462,14.91,34.202,0,Agtron 25
3.939,10.555,28.072,56.664,21.617,45.59,18.78,40.465,129.275,3.053,132.036,9.539,17.538,37.442,0,Agtron 35
3.809,11.055,26.58,56.91,20.182,43.898,17.431,38.865,129.297,3.38,131.751,9.018,16.225,35.946,0,Agtron 45
4.139,10.777,30.498,61.964,23.173,46.927,19.924,41.317,129.551,3.831,132.659,10.078,18.44,38.111,0,Agtron 55
3.784,9.529,27.355,59.056,21.738,45.55,19.028,40.692,129.265,3.398,132.289,9.53,17.591,37.556,0,Agtron 65
4.276,10.345,31.501,63.754,24.508,48.063,21.258,42.553,129.531,3.772,133.019,10.476,19.618,39.223,0,Agtron 75
6.447,22.625,20.106,48.757,20.083,42.943,18.47,40.952,129.007,2.716,130.473,6.484,17.272,38.266,1,Agtron 65
4.104,16.795,19.473,47.148,17.073,39.046,15.284,36.352,129.083,2.831,130.254,5.944,14.334,33.983,1,Agtron 55
4.388,18.169,17.799,44.705,15.73,37.613,14.198,35.486,128.933,2.507,129.852,5.261,13.394,33.252,1,Agtron 45
3.44,14.341,17.394,42.48,12.995,32.528,11.533,30.222,128.812,2.138,129.556,4.516,10.982,28.388,1,Agtron 35
2.367,8.435,13.303,33.002,9.626,25.712,8.597,23.747,128.511,1.482,128.993,3.202,8.32,22.384,1,Agtron 25
5.167,16.227,24.053,50.435,23.336,43.97,21.491,41.595,129.108,2.774,131.077,6.781,20.046,38.768,1,Agtron 75
3.238,7.96,21.949,50.987,18.7,42.634,16.802,39.467,128.912,2.593,131.085,7.383,15.668,36.726,0,Agtron 65
2.254,6.791,19.005,46.213,13.367,34.667,11.436,30.41,128.975,2.571,130.301,6.172,10.728,28.31,0,Agtron 55
2.12,6.614,17.229,43.606,11.633,32.285,9.98,28.462,128.794,2.189,129.945,5.654,9.429,26.565,0,Agtron 45
2.271,7.587,16.347,40.038,10.67,29.03,9.255,25.919,128.677,1.832,129.549,4.648,8.841,24.308,0,Agtron 35
2.656,11.217,12.176,30.28,9.012,24.52,8.099,22.71,128.44,1.306,128.923,3.05,7.845,21.417,0,Agtron 25
3.717,8.234,24.021,50.687,22.831,47.094,20.703,43.594,128.986,2.627,131.697,7.934,19.268,40.525,0,Agtron 75
4.606,13.485,26.799,50.041,24.012,47.998,21.549,44.131,129.024,2.581,131.743,8.858,20.327,40.878,0,Agtron 25
4.234,9.315,31.049,57.629,25.671,49.118,22.769,45.014,129.303,3.154,132.281,9.283,21.354,41.662,0,Agtron 35
4.073,9.385,30.961,59.747,25.008,48.732,21.989,44.405,129.42,3.524,132.224,9.229,20.579,41.126,0,Agtron 45
4.482,10.181,32.637,62.61,26.13,49.093,23.078,45.093,129.477,3.846,132.508,9.264,21.539,41.759,0,Agtron 55
4.718,10.441,33.97,63.98,27.861,50.749,24.565,45.876,129.533,3.839,133.278,10.377,22.765,42.366,0,Agtron 65
5.64,15.578,34.054,65.044,27.896,50.547,24.556,45.868,129.651,4.003,133.037,10.213,22.795,42.454,0,Agtron 75
8.373,11.725,41.509,64.319,41.869,55.966,39.932,56.018,129.061,2.713,132.877,9.62,37.598,52.079,1,Agtron 25
8.442,11.991,44.249,71.295,39.784,54.698,37.476,54.438,129.191,3.217,133.359,10.153,35.147,50.572,1,Agtron 35
8.52,12.387,45.876,73.787,40.799,55.183,38.123,54.566,129.416,3.786,133.843,10.634,35.637,50.689,1,Agtron 45
7.372,11.061,45.505,73.404,40.377,54.989,36.919,53.297,130.042,4.693,134.01,10.494,34.435,49.568,1,Agtron 55
8.661,11.713,46.212,74.371,44.073,56.655,41.238,55.536,129.601,4.12,134.635,11.261,38.325,51.622,1,Agtron 65
8.407,11.995,44.24,73.734,43.059,56.624,40.272,55.385,129.617,4.172,134.404,11.321,37.43,51.499,1,Agtron 75
