104.211,40.702,29.398,30.706,165.233,67.8,161.277,70.052,129.439,3.54,124.948,4.401,156.637,67.207,0,Agtron 25
98.395,40.906,28.417,30.028,164.503,67.725,161.224,70.013,128.932,3.385,125.303,4.41,156.483,67.081,0,Agtron 25
99.304,41.616,28.433,30.27,165.13,68.637,161.916,70.999,129.002,3.439,125.424,4.198,157.268,68.152,0,Agtron 25
100.535,41.083,28.509,30.019,164.755,69.006,161.464,71.308,128.941,3.454,125.357,4.189,156.823,68.402,0,Agtron 25
100.788,41.256,28.037,29.992,164.344,68.937,161.235,71.288,128.934,3.439,125.421,4.12,156.582,68.321,0,Agtron 25
107.881,34.058,27.997,27.368,164.124,72.504,160.341,74.301,129.013,3.212,124.621,3.625,155.994,71.203,0,Agtron 25
102.227,38.61,25.133,27.186,164.135,72.172,161.606,74.316,128.599,3.117,125.513,3.665,157.305,71.302,0,Agtron 25
103.589,37.27,24.833,26.389,164.328,72.831,161.841,74.974,128.501,3.082,125.488,3.561,157.623,71.974,0,Agtron 25
102.121,38.38,25.74,28.313,163.95,72.64,161.327,74.859,128.554,3.162,125.507,3.726,157.063,71.868,0,Agtron 25
104.34,37.819,25.627,27.615,163.91,72.172,161.306,74.411,128.605,3.219,125.505,3.801,157.004,71.391,0,Agtron 25
103.147,38.657,25.929,28.176,164.133,71.877,161.524,74.151,128.65,3.213,125.563,3.843,157.192,71.178,0,Agtron 25
102.077,37.485,24.891,27.432,164.598,72.006,162.238,74.271,128.486,3.115,125.571,3.556,157.937,71.271,0,Agtron 25
103.068,37.941,25.127,28.065,164.686,72.205,162.375,74.63,128.567,3.144,125.632,3.464,158.109,71.66,0,Agtron 25
94.701,43.899,30.751,37.664,166.626,66.326,163.446,69.688,129.193,4.051,126.302,4.824,158.727,67.142,0,Agtron 35
94.788,43.696,30.938,38.33,167.138,66.67,163.868,70.022,129.234,4.064,126.318,4.935,159.191,67.47,0,Agtron 35
94.728,43.056,30.126,38.305,167.007,66.068,164.111,69.464,129.102,3.957,126.319,4.796,159.362,66.847,0,Agtron 35
94.185,43.042,30.546,38.684,166.994,66.037,163.97,69.469,129.121,4.043,126.354,4.937,159.223,66.881,0,Agtron 35
93.717,42.912,30.253,37.853,167.373,65.953,164.429,69.403,129.11,4.007,126.364,4.798,159.726,66.839,0,Agtron 35
94.246,42.85,32.295,40.922,166.956,64.745,163.573,68.515,129.324,4.297,126.401,5.303,158.725,65.954,0,Agtron 35
93.691,43.557,31.633,41.116,167.104,65.151,163.859,68.854,129.314,4.262,126.549,5.281,159.079,66.317,0,Agtron 35
92.723,43.635,32.353,41.796,167.199,64.916,163.815,68.649,129.306,4.341,126.585,5.476,158.998,66.159,0,Agtron 35
92.465,43.339,32.234,42.148,167.76,64.679,164.435,68.415,129.309,4.284,126.576,5.462,159.597,65.922,0,Agtron 35
92.734,43.539,31.907,41.618,167.215,65.398,163.865,69.083,129.32,4.263,126.565,5.431,159.083,66.52,0,Agtron 35
93.145,43.348,32.427,41.746,167.04,64.993,163.639,68.634,129.265,4.249,126.487,5.413,158.785,66.075,0,Agtron 35
91.336,42.34,35.912,47.143,168.069,60.963,164.118,65.043,129.529,4.703,126.99,6.964,158.868,62.857,0,Agtron 45
91.001,42.426,36.022,46.807,167.926,61.88,163.912,66.004,129.552,4.721,126.954,6.845,158.761,63.762,0,Agtron 45
91.313,42.284,36.281,48.054,168.296,60.742,164.339,65.054,129.596,4.816,127.13,7.049,159.102,62.922,0,Agtron 45
90.103,41.906,37.195,47.281,165.759,61.541,161.675,65.587,129.435,4.749,126.861,6.923,156.369,63.228,0,Agtron 45
89.713,42.999,36.08,47.939,168.238,61.611,164.259,65.826,129.611,4.757,127.142,6.972,159.099,63.693,0,Agtron 45
90.552,41.616,36.97,46.812,167.571,60.732,163.328,64.677,129.471,4.741,126.742,7.052,157.978,62.412,0,Agtron 45
90.043,42.554,36.037,47.855,169.793,60.412,165.737,64.64,129.568,4.83,127.187,7.16,160.514,62.61,0,Agtron 45
90.904,42.484,36.196,47.017,169.434,60.43,165.279,64.502,129.551,4.777,126.998,7.187,160.008,62.384,0,Agtron 45
91.43,41.854,35.906,47.6,169.627,59.664,165.67,63.994,129.607,4.75,127.078,7.071,160.398,61.902,0,Agtron 45
90.579,42.179,36.01,48.444,169.944,60.277,166.104,64.823,129.571,4.861,127.274,7.074,160.909,62.73,0,Agtron 45
90.983,41.152,38.82,51.006,170.941,57.657,166.413,62.399,129.691,5.301,127.516,8.23,160.884,60.59,0,Agtron 55
90.644,41.843,37.651,50.732,170.012,57.969,165.841,62.798,129.748,5.213,127.556,7.94,160.367,60.91,0,Agtron 55
90.616,41.502,37.347,50.884,169.992,57.622,165.921,62.397,129.704,5.238,127.601,8.008,160.39,60.514,0,Agtron 55
90.692,40.12,38.478,49.942,170.039,57.794,165.697,62.346,129.495,5.214,127.315,8.029,160.098,60.439,0,Agtron 55
91.514,41.668,38.528,50.822,169.8,57.582,165.389,62.286,129.719,5.261,127.48,8.134,159.813,60.436,0,Agtron 55
88.704,40.272,39.035,50.1,170.313,58.151,165.892,62.654,129.379,5.268,127.496,8.201,160.31,60.768,0,Agtron 55
89.502,40.357,39.227,50.415,169.208,57.573,164.74,62.199,129.509,5.325,127.51,8.266,159.112,60.313,0,Agtron 55
89.441,40.506,39.809,50.038,169.544,58.049,165.02,62.634,129.392,5.309,127.518,8.327,159.379,60.721,0,Agtron 55
88.189,40.203,39.79,51.069,169.952,57.847,165.503,62.401,129.36,5.355,127.701,8.523,159.834,60.526,0,Agtron 55
89.742,38.996,42.233,52.347,170.42,56.15,165.223,60.564,129.373,5.532,127.64,9.562,159.24,58.739,0,Agtron 65
88.841,38.591,42.991,51.225,170.774,56.959,165.384,61.051,129.081,5.47,127.583,9.545,159.365,59.173,0,Agtron 65
88.304,36.755,41.117,50.693,171.81,55.189,167.259,59.686,128.71,5.379,127.697,9.38,161.175,57.776,0,Agtron 65
89.342,37.557,41.497,50.737,171.833,55.529,166.894,59.747,128.96,5.362,127.486,9.4,160.838,57.917,0,Agtron 65
89.168,37.592,41.241,50.587,170.561,55.325,165.769,59.655,128.952,5.374,127.445,9.229,159.683,57.758,0,Agtron 65
89.15,37.557,41.599,50.627,170.722,55.434,165.829,59.741,128.983,5.367,127.433,9.245,159.767,57.894,0,Agtron 65
87.788,37.119,40.844,51.368,171.719,55.218,167.225,59.624,128.7,5.442,127.831,9.448,161.145,57.777,0,Agtron 65
88.913,38.083,40.843,50.438,170.86,56.526,166.228,60.798,128.856,5.334,127.526,8.983,160.295,58.932,0,Agtron 65
89.33,37.454,40.588,50.377,170.742,54.908,166.267,59.216,128.803,5.357,127.61,9.191,160.19,57.402,0,Agtron 65
88.796,37.924,41.03,50.607,170.855,56.012,166.243,60.237,128.802,5.359,127.593,9.188,160.225,58.403,0,Agtron 65
89.003,37.624,40.858,50.452,170.928,55.516,166.355,59.788,128.801,5.384,127.549,9.14,160.287,57.931,0,Agtron 65
92.149,39.949,42.742,52.125,170.916,54.683,165.284,58.925,129.493,5.475,127.374,9.685,159.295,57.224,0,Agtron 65
92.363,39.397,41.174,50.677,170.047,54.087,164.887,58.301,129.464,5.267,127.134,9.235,158.828,56.517,0,Agtron 65
91.941,38.652,42.515,50.977,170.207,54.846,164.828,58.921,129.187,5.279,127.102,9.354,158.755,57.069,0,Agtron 65
92.022,38.807,42.595,51.661,170.562,54.426,165.233,58.565,129.265,5.329,127.273,9.586,159.129,56.777,0,Agtron 65
92.093,38.737,42.439,51.725,170.689,54.403,165.221,58.572,129.351,5.388,127.154,9.488,159.14,56.78,0,Agtron 65
92.539,39.272,40.885,51.148,170.855,54.777,165.789,59.026,129.431,5.268,127.169,9.127,159.821,57.214,0,Agtron 65
92.037,39.385,42.012,52.196,171.493,54.494,166.302,58.878,129.39,5.402,127.406,9.455,160.273,57.145,0,Agtron 65
92.339,39.357,42.155,51.368,170.771,54.726,165.5,58.899,129.284,5.373,127.235,9.264,159.455,57.121,0,Agtron 65
92.551,39.839,41.198,51.431,171.27,54.443,166.067,58.683,129.468,5.268,127.27,9.318,160.119,57.007,0,Agtron 65
91.083,39.023,42.035,51.657,171.51,54.605,166.298,58.854,129.277,5.351,127.323,9.382,160.237,57.106,0,Agtron 65
89.175,36.944,40.913,51.017,171.394,53.207,167.017,57.699,128.67,5.502,127.674,9.346,160.751,55.954,0,Agtron 65
89.172,37.336,42.306,51.076,171.295,53.944,166.544,58.27,128.617,5.541,127.518,9.359,160.273,56.52,0,Agtron 65
88.388,36.58,41.529,50.742,171.196,53.655,166.69,58.047,128.543,5.475,127.657,9.415,160.381,56.202,0,Agtron 65
88.261,35.95,45.019,51.542,170.285,52.168,164.95,56.327,128.272,5.773,127.814,10.501,158.326,54.429,0,Agtron 75
90.708,37.164,46.213,51.481,170.832,52.329,164.336,55.977,128.847,5.734,127.369,10.984,157.786,54.162,0,Agtron 75
91.373,38.028,44.551,52.168,169.939,52.994,164.024,57.044,129.035,5.734,127.436,10.434,157.647,55.22,0,Agtron 75
90.891,37.309,44.771,51.777,169.257,52.611,163.299,56.543,128.934,5.704,127.333,10.494,156.843,54.648,0,Agtron 75
90.523,36.755,44.83,51.882,169.601,53.503,163.65,57.394,128.88,5.625,127.329,10.408,157.248,55.448,0,Agtron 75
90.977,36.773,45.655,51.017,170.862,52.918,164.437,56.576,128.844,5.674,127.198,10.742,157.978,54.713,0,Agtron 75
90.347,36.584,44.175,51.202,169.087,53.351,163.178,57.117,128.888,5.547,127.209,10.284,156.763,55.147,0,Agtron 75
90.522,36.427,45.291,51.083,170.492,53.009,164.248,56.739,128.809,5.637,127.287,10.63,157.791,54.821,0,Agtron 75
90.542,36.53,44.855,51.69,170.254,53.144,164.207,57.071,128.899,5.699,127.339,10.45,157.793,55.155,0,Agtron 75
88.086,35.219,44.417,50.826,170.984,52.365,165.661,56.383,128.238,5.6,127.728,10.565,159.064,54.442,0,Agtron 75
88.387,35.303,44.991,51.052,171.149,52.049,165.735,56.075,128.148,5.627,127.726,10.679,159.111,54.151,0,Agtron 75
89.425,36.16,46.535,51.207,171.347,53.456,164.809,57.341,128.724,5.616,127.12,10.594,158.36,55.392,0,Agtron 75
98.842,48.43,33.08,48.838,166.015,72.517,162.671,75.053,129.957,3.085,125.855,4.775,158.485,72.571,1,Agtron 25
92.19,49.63,37.105,56.503,166.506,69.278,163.164,72.83,130.093,3.265,126.385,5.133,158.766,70.384,1,Agtron 25
97.902,48.549,32.994,49.856,166.364,72.402,163.187,75.041,129.902,3.11,125.988,4.764,159.008,72.573,1,Agtron 25
93.034,49.622,38.126,56.894,166.498,69.736,162.771,73.221,130.191,3.278,126.251,5.252,158.428,70.781,1,Agtron 25
98.813,48.512,33.148,49.829,166.045,72.489,162.853,75.117,129.916,3.084,125.962,4.752,158.673,72.623,1,Agtron 25
92.129,49.743,37.384,56.765,166.148,69.196,162.891,72.869,130.094,3.283,126.513,5.124,158.492,70.424,1,Agtron 25
98.36,48.573,33.48,50.203,165.801,72.495,162.688,75.298,129.925,3.126,126.105,4.704,158.515,72.818,1,Agtron 25
92.823,49.535,37.637,57.258,166.427,69.871,163.06,73.438,130.104,3.273,126.456,5.117,158.72,71.004,1,Agtron 25
98.549,48.68,33.513,50.529,165.554,73.333,162.398,76.017,129.908,3.126,126.086,4.676,158.299,73.56,1,Agtron 25
92.997,49.548,37.102,55.939,166.942,69.293,163.519,72.891,130.143,3.276,126.472,5.177,159.155,70.501,1,Agtron 25
99.078,48.528,32.965,50.144,165.668,72.92,162.665,75.649,129.886,3.102,126.11,4.592,158.53,73.169,1,Agtron 25
93.785,49.493,36.381,55.553,167.334,69.42,164.098,72.934,130.069,3.237,126.456,5.032,159.736,70.535,1,Agtron 25
100.222,48.195,31.984,48.939,166.147,71.909,163.187,74.52,129.918,3.022,125.93,4.528,158.962,72.045,1,Agtron 25
94.201,49.587,37.169,55.867,167.603,70.342,163.905,73.708,130.203,3.224,126.168,5.054,159.648,71.332,1,Agtron 25
100.068,48.274,32.202,49.345,166.547,72.102,163.564,74.769,129.923,3.066,125.971,4.586,159.377,72.316,1,Agtron 25
93.531,49.032,37.593,56.505,167.094,69.813,163.442,73.239,130.187,3.282,126.295,5.192,159.117,70.877,1,Agtron 25
101.682,47.686,32.131,49.196,167.498,73.289,164.347,75.842,129.924,3.04,125.877,4.544,160.296,73.419,1,Agtron 25
94.834,49.584,37.545,56.893,167.771,70.608,164.058,74.093,130.219,3.286,126.218,5.062,159.84,71.71,1,Agtron 25
100.636,47.322,32.619,49.108,167.174,72.137,163.893,74.705,129.976,3.08,125.827,4.641,159.714,72.297,1,Agtron 25
95.279,48.97,37.258,55.9,167.716,69.869,163.911,73.215,130.234,3.269,126.083,5.114,159.605,70.848,1,Agtron 25
101.53,47.264,32.311,48.774,167.074,72.51,163.795,74.98,129.987,3.061,125.825,4.696,159.649,72.588,1,Agtron 25
94.783,49.044,36.686,55.592,167.715,69.771,164.186,73.135,130.151,3.227,126.269,5.16,159.859,70.76,1,Agtron 25
100.784,47.15,32.083,49.223,166.871,72.22,163.896,74.858,129.881,3.061,125.962,4.611,159.711,72.386,1,Agtron 25
95.36,48.529,37.185,56.129,168.412,70.319,164.667,73.671,130.174,3.256,126.161,5.169,160.411,71.3,1,Agtron 25
97.939,50.975,42.299,62.456,168.55,66.202,163.442,70.568,131.403,3.703,126.699,6.736,159.016,68.483,1,Agtron 35
98.085,50.693,43.728,64.831,168.658,65.013,163.286,69.702,131.551,3.868,126.855,7.174,158.759,67.679,1,Agtron 35
99.612,50.762,41.966,62.452,168.495,65.211,163.45,69.598,131.467,3.667,126.609,6.626,158.945,67.501,1,Agtron 35
97.858,50.506,42.917,64.429,168.207,63.908,163.114,68.517,131.45,3.814,126.811,7.091,158.443,66.473,1,Agtron 35
98.224,50.992,41.64,62.223,168.725,65.019,163.818,69.458,131.376,3.7,126.724,6.676,159.299,67.392,1,Agtron 35
98.235,50.32,42.293,63.914,168.421,63.385,163.47,68.012,131.432,3.809,126.829,7.047,158.758,65.991,1,Agtron 35
96.03,43.985,48.655,53.168,175.513,68.368,164.967,69.052,130.996,3.496,123.013,8.15,160.363,66.917,1,Agtron 35
96.038,43.474,49.659,55.351,175.015,67.375,164.571,68.414,131.001,3.64,123.384,8.565,159.862,66.329,1,Agtron 35
93.519,50.87,41.519,64.461,165.7,65.155,161.998,70.508,130.886,4.038,127.965,6.847,157.385,68.378,1,Agtron 35
81.998,50.819,37.64,64.727,164.806,66.377,163.82,72.539,129.642,4.078,129.522,5.74,159.239,70.348,1,Agtron 35
90.977,50.316,40.663,64.54,166.375,65.2,163.154,70.69,130.587,4.038,128.253,6.708,158.51,68.561,1,Agtron 35
92.373,50.782,39.59,62.083,165.929,65.947,162.718,71.121,130.592,3.875,127.966,6.337,158.161,68.95,1,Agtron 35
92.365,49.824,40.887,64.633,166.393,64.805,163.015,70.265,130.65,4.054,128.184,6.885,158.332,68.174,1,Agtron 35
93.013,51.229,40.184,62.541,165.987,65.922,162.565,71.054,130.714,3.839,127.837,6.363,158.027,68.881,1,Agtron 35
93.55,49.791,40.552,64.205,166.672,64.555,163.241,69.921,130.707,3.995,127.996,6.767,158.565,67.835,1,Agtron 35
92.41,51.034,40.687,63.192,165.942,65.966,162.511,71.235,130.708,3.911,127.982,6.451,157.975,69.1,1,Agtron 35
91.914,49.949,40.921,64.479,166.561,64.899,163.187,70.34,130.647,4.022,128.162,6.778,158.517,68.26,1,Agtron 35
91.554,49.943,40.094,63.011,166.522,65.923,163.275,71.121,130.526,3.885,128.034,6.479,158.692,68.969,1,Agtron 35
92.165,49.997,41.134,64.491,166.78,64.536,163.212,69.923,130.717,4.044,128.105,6.945,158.515,67.855,1,Agtron 35
91.927,50.269,40.129,62.961,165.953,65.72,162.696,70.902,130.567,3.869,127.909,6.393,158.092,68.701,1,Agtron 35
91.24,50.264,41.695,65.65,166.376,65.223,162.961,70.814,130.673,4.099,128.309,6.877,158.325,68.712,1,Agtron 35
90.815,50.545,40.292,63.139,165.949,65.629,162.817,70.95,130.519,3.935,128.139,6.475,158.201,68.784,1,Agtron 35
91.27,50.33,40.758,64.727,166.56,64.478,163.372,70.089,130.606,4.09,128.388,6.836,158.672,68.014,1,Agtron 35
90.569,50.313,39.946,63.102,165.9,66.251,162.902,71.553,130.446,3.892,128.154,6.277,158.347,69.382,1,Agtron 35
90.304,49.858,41.62,65.138,166.453,65.252,163.044,70.782,130.604,4.111,128.319,6.896,158.379,68.694,1,Agtron 35
91.557,51.135,39.852,63.109,166.163,65.959,163.111,71.248,130.547,3.91,128.184,6.37,158.554,69.104,1,Agtron 35
101.664,48.838,46.581,67.849,168.519,62.297,162.585,67.085,131.842,4.026,127.139,8.673,157.713,65.306,1,Agtron 45
99.292,49.611,46.892,68.439,168.427,62.656,162.605,67.606,131.758,4.082,127.301,8.648,157.759,65.826,1,Agtron 45
98.43,49.551,46.06,68.301,168.376,62.999,162.863,67.958,131.614,4.068,127.331,8.442,158.043,66.124,1,Agtron 45
98.637,49.913,46.611,68.366,168.524,62.561,162.861,67.61,131.727,4.133,127.544,8.706,158.011,65.852,1,Agtron 45
98.739,49.491,46.086,68.045,168.521,62.51,162.916,67.377,131.659,4.04,127.325,8.582,158.048,65.577,1,Agtron 45
100.244,49.411,46.79,68.305,168.893,62.137,162.978,67.05,131.814,4.07,127.244,8.716,158.102,65.303,1,Agtron 45
100.98,49.004,45.527,67.305,169.322,62.207,163.594,66.925,131.746,3.989,127.052,8.453,158.732,65.174,1,Agtron 45
103.323,48.579,47.697,68.407,167.999,62.128,161.743,66.944,132.027,4.035,127.016,8.719,156.867,65.124,1,Agtron 45
102.338,48.485,46.209,67.039,169.033,62.083,162.969,66.699,131.884,3.958,126.879,8.511,158.093,64.929,1,Agtron 45
94.921,43.502,54.031,60.374,176.584,65.623,165.527,67.361,131.159,3.906,124.184,10.182,160.653,65.589,1,Agtron 45
95.918,42.418,53.027,58.488,176.339,64.485,165.256,65.9,131.115,3.766,123.826,10.041,160.241,64.081,1,Agtron 45
95.8,42.405,53.634,59.235,176.172,64.547,164.908,66.022,131.16,3.823,123.732,10.076,159.905,64.192,1,Agtron 45
100.357,48.721,46.967,68.258,169.668,60.306,163.68,65.229,131.855,4.105,127.663,9.513,158.598,63.768,1,Agtron 55
97.449,49.739,49.401,70.181,170.464,62.49,163.95,67.603,131.935,4.265,128.01,9.878,159.07,66.177,1,Agtron 55
96.42,42.313,55.543,59.543,177.79,63.196,165.622,64.543,131.474,3.885,123.927,11.239,160.5,63.01,1,Agtron 55
97.289,42.037,54.849,59.001,177.874,63.645,165.63,64.909,131.588,3.798,123.603,10.927,160.597,63.296,1,Agtron 55
97.235,41.7,55.055,58.989,178.057,62.867,165.77,64.099,131.535,3.809,123.601,11.087,160.644,62.535,1,Agtron 55
96.66,42.59,54.053,60.347,177.755,63.649,166.293,65.342,131.387,3.904,124.133,10.78,161.272,63.741,1,Agtron 55
96.454,42.444,54.476,59.705,177.209,62.594,165.574,64.13,131.397,3.862,124.074,11.011,160.417,62.57,1,Agtron 55
97.849,49.431,47.143,68.712,169.959,60.439,164.084,65.598,131.791,4.227,127.935,9.564,159.018,64.143,1,Agtron 55
100.434,48.688,46.615,68.477,170.601,59.826,164.653,64.876,131.874,4.152,127.693,9.533,159.562,63.512,1,Agtron 55
103.694,47.586,47.572,67.954,170.932,60.809,164.301,65.544,132.084,4.087,127.181,9.479,159.321,64.077,1,Agtron 55
102.548,48.283,47.275,68.507,170.713,59.935,164.392,64.809,132.022,4.14,127.477,9.646,159.316,63.436,1,Agtron 55
99.089,49.326,48.021,69.016,170.511,60.871,164.129,65.899,131.987,4.232,127.749,9.711,159.133,64.48,1,Agtron 55
100.187,48.805,47.747,68.748,170.522,60.242,164.141,65.16,131.991,4.157,127.595,9.709,159.074,63.758,1,Agtron 55
98.882,49.475,47.021,68.824,171.196,60.877,165.14,66.044,131.866,4.216,127.723,9.404,160.198,64.621,1,Agtron 55
99.231,48.792,45.712,68.043,170.381,59.155,164.711,64.117,131.719,4.111,127.632,9.4,159.549,62.709,1,Agtron 55
98.259,49.504,46.981,68.987,170.799,60.571,164.814,65.679,131.837,4.207,127.774,9.495,159.809,64.259,1,Agtron 55
100.118,48.933,45.198,68.115,170.602,58.947,165.15,63.991,131.707,4.109,127.746,9.349,159.995,62.6,1,Agtron 55
97.766,49.162,46.299,69.17,171.333,60.617,165.59,65.764,131.688,4.187,127.747,9.325,160.608,64.334,1,Agtron 55
97.351,48.866,46.002,68.715,171.242,59.505,165.592,64.629,131.636,4.205,127.867,9.488,160.483,63.285,1,Agtron 55
97.424,49.453,46.7,69.478,171.604,60.237,165.799,65.546,131.732,4.257,127.892,9.481,160.795,64.175,1,Agtron 55
97.931,49.087,44.243,67.036,172.312,56.275,167.289,61.11,131.418,4.099,128.741,10.639,161.834,60.125,1,Agtron 65
97.887,49.435,45.611,68.089,172.213,57.04,166.952,62.041,131.524,4.166,128.908,10.798,161.565,61.061,1,Agtron 65
95.806,49.082,45.964,68.266,172.112,56.888,166.814,61.919,131.43,4.224,129.075,10.966,161.379,60.977,1,Agtron 65
96.21,49.292,46.398,69.136,173.102,57.751,167.676,62.866,131.475,4.257,129.096,10.984,162.351,61.941,1,Agtron 65
97.31,49.166,45.485,67.607,172.178,56.705,166.838,61.558,131.49,4.132,128.8,10.84,161.402,60.583,1,Agtron 65
97.777,48.917,45.824,67.919,172.632,56.969,167.146,61.846,131.536,4.122,128.738,10.893,161.757,60.881,1,Agtron 65
99.794,49.118,47.615,68.599,171.644,57.133,165.578,62.012,131.862,4.168,128.628,11.096,160.196,61.048,1,Agtron 65
97.547,49.242,46.238,68.308,172.168,56.959,166.666,61.878,131.582,4.141,128.841,10.924,161.254,60.905,1,Agtron 65
97.892,49.293,45.887,67.837,172.603,56.707,167.108,61.602,131.577,4.139,128.831,10.977,161.689,60.68,1,Agtron 65
98.992,49.138,45.483,67.709,173.316,56.987,167.824,61.89,131.606,4.119,128.685,10.784,162.48,60.958,1,Agtron 65
98.744,49.095,45.041,67.313,172.319,56.355,166.973,61.243,131.568,4.091,128.615,10.731,161.548,60.29,1,Agtron 65
98.06,48.883,45.611,67.75,172.674,56.745,167.173,61.577,131.571,4.112,128.628,10.826,161.772,60.626,1,Agtron 65
99.539,48.884,44.098,65.912,172.077,55.797,166.796,60.394,131.563,4.029,128.402,10.554,161.306,59.424,1,Agtron 65
99.468,49.001,44.613,66.744,172.308,56.12,167.05,60.891,131.562,4.058,128.57,10.64,161.602,59.928,1,Agtron 65
99.977,48.696,44.061,65.455,172.885,55.991,167.614,60.447,131.499,3.877,128.46,10.687,162.152,59.535,1,Agtron 65
99.581,48.761,44.387,66.113,172.046,56.517,166.86,61.041,131.471,3.851,128.39,10.492,161.438,60.09,1,Agtron 65
98.532,48.694,44.639,65.861,172.81,56.281,167.46,60.782,131.468,3.897,128.562,10.789,162.01,59.893,1,Agtron 65
98.762,49.081,45.744,66.696,171.971,56.741,166.512,61.295,131.536,3.892,128.655,10.856,161.079,60.385,1,Agtron 65
99.347,48.724,44.669,66.115,172.853,56.137,167.528,60.727,131.5,3.927,128.594,10.796,162.079,59.834,1,Agtron 65
100.541,48.616,44.773,66.196,171.87,56.425,166.579,60.929,131.549,3.86,128.396,10.552,161.144,59.978,1,Agtron 65
100.431,48.685,44.237,65.655,172.939,56.077,167.62,60.535,131.542,3.877,128.468,10.701,162.175,59.638,1,Agtron 65
100.783,48.639,44.859,66.038,172.167,56.547,166.813,60.994,131.555,3.835,128.415,10.608,161.389,60.055,1,Agtron 65
100.354,48.836,44.523,66.012,172.432,56.126,167.126,60.628,131.558,3.901,128.435,10.64,161.675,59.703,1,Agtron 65
100.132,48.826,44.84,66.063,171.811,56.295,166.47,60.834,131.575,3.879,128.424,10.604,161.018,59.877,1,Agtron 65
99.485,48.78,44.315,65.813,172.441,55.924,167.236,60.423,131.474,3.881,128.522,10.706,161.754,59.509,1,Agtron 65
98.848,48.913,45.244,66.642,172.229,57.693,166.897,62.36,131.481,3.883,128.571,10.645,161.571,61.408,1,Agtron 65
98.495,48.673,44.364,65.446,171.679,56.469,166.535,60.887,131.407,3.8,128.605,10.713,161.059,59.9,1,Agtron 65
100.163,48.706,44.245,65.433,171.298,56.783,166.188,61.259,131.46,3.768,128.406,10.44,160.765,60.249,1,Agtron 65
96.042,48.336,42.437,64.808,174.707,53.739,169.884,58.495,131.158,4.208,129.222,11.378,164.217,57.712,1,Agtron 75
94.75,48.591,42.31,64.778,173.521,53.629,168.822,58.291,131.107,4.225,129.243,11.342,163.086,57.439,1,Agtron 75
96.113,48.391,41.993,63.797,173.793,53.204,168.97,57.763,131.163,4.166,129.032,11.301,163.223,56.926,1,Agtron 75
98.435,48.8,43.169,64.199,174.516,53.872,169.1,58.363,131.48,4.136,128.776,11.382,163.473,57.568,1,Agtron 75
98.077,48.626,43.868,64.812,174.177,54.02,168.61,58.61,131.515,4.191,128.773,11.467,162.991,57.799,1,Agtron 75
98.43,48.81,43.669,64.297,174.647,53.685,169.02,58.235,131.566,4.189,128.793,11.522,163.384,57.426,1,Agtron 75
98.264,48.787,43.814,64.698,174.338,54.12,168.692,58.621,131.559,4.173,128.736,11.472,163.078,57.811,1,Agtron 75
98.702,48.442,43.198,63.93,173.639,53.144,168.185,57.563,131.511,4.148,128.64,11.407,162.468,56.752,1,Agtron 75
98.623,48.966,43.674,64.397,173.907,53.907,168.365,58.363,131.565,4.147,128.789,11.451,162.728,57.554,1,Agtron 75
97.881,48.747,43.332,64.198,173.867,53.56,168.462,57.989,131.461,4.146,128.807,11.449,162.768,57.189,1,Agtron 75
99.229,48.679,44.033,64.827,173.783,53.796,168.115,58.255,131.638,4.154,128.639,11.436,162.469,57.433,1,Agtron 75
94.566,48.0,42.15,64.644,173.67,53.059,169.107,57.766,131.032,4.203,129.279,11.298,163.322,56.946,1,Agtron 75
95.168,47.938,42.849,65.375,172.541,53.068,167.975,57.889,131.09,4.199,129.342,11.345,162.168,57.04,1,Agtron 75
95.975,48.189,42.556,64.591,173.452,52.882,168.65,57.558,131.179,4.214,129.178,11.412,162.857,56.767,1,Agtron 75
94.749,40.146,48.05,39.268,169.607,72.33,158.311,69.343,129.189,2.997,120.526,7.261,153.026,66.373,0,Agtron 25
97.847,39.656,49.897,38.299,171.076,73.878,158.044,69.924,129.478,2.927,119.473,7.587,152.858,66.944,0,Agtron 25
96.675,39.463,50.72,37.96,168.722,72.918,155.691,68.887,129.334,2.936,119.395,7.791,150.291,65.788,0,Agtron 25
97.454,39.556,51.347,38.101,169.034,73.028,155.667,68.915,129.456,2.931,119.251,7.851,150.29,65.854,0,Agtron 25
98.174,38.834,52.082,37.067,170.233,72.448,156.242,68.149,129.429,2.968,118.822,8.058,150.811,65.111,0,Agtron 25
98.129,39.179,51.695,37.602,169.511,73.529,155.854,69.301,129.444,2.932,119.039,7.803,150.52,66.177,0,Agtron 25
56.317,61.73,37.974,61.499,165.371,66.303,166.169,71.661,128.749,3.403,131.469,4.757,161.525,69.231,0,Agtron 25
43.152,53.086,39.117,61.396,167.229,66.64,167.741,71.963,128.77,3.419,131.977,4.76,163.147,69.621,0,Agtron 25
30.72,39.597,40.786,60.476,166.92,66.748,167.031,71.805,128.785,3.382,132.597,4.679,162.382,69.463,0,Agtron 25
27.222,30.168,37.357,56.602,168.186,70.713,168.763,75.146,128.349,3.35,132.464,4.534,164.374,72.873,0,Agtron 25
33.84,40.864,35.392,55.573,167.174,70.36,168.017,74.808,128.379,3.319,131.841,4.355,163.613,72.472,0,Agtron 25
32.88,41.495,36.457,56.113,165.733,70.045,166.382,74.498,128.487,3.319,131.954,4.609,161.925,72.083,0,Agtron 25
26.537,27.697,37.065,56.22,168.676,70.394,169.3,74.771,128.323,3.338,132.437,4.427,164.903,72.472,0,Agtron 25
28.067,32.538,36.802,56.51,167.885,70.794,168.521,75.249,128.366,3.355,132.288,4.541,164.158,72.952,0,Agtron 25
36.794,45.872,34.857,54.16,169.768,71.265,170.099,75.436,128.556,3.302,131.762,4.408,165.852,73.206,0,Agtron 25
74.747,48.234,32.457,51.894,165.61,70.523,165.615,73.923,128.293,3.143,129.179,4.917,161.014,71.39,0,Agtron 25
81.495,44.572,42.684,56.05,170.623,67.776,165.93,69.984,129.276,3.388,126.561,6.915,161.124,67.769,0,Agtron 35
28.679,32.888,43.42,65.401,168.333,63.063,168.176,68.981,128.924,3.722,133.042,5.335,163.248,66.845,0,Agtron 35
67.649,50.125,40.604,64.345,166.447,63.597,165.867,68.846,128.884,3.645,130.404,6.129,160.838,66.592,0,Agtron 35
44.969,52.645,41.674,66.602,167.468,63.692,167.732,69.805,128.906,3.713,132.146,5.564,162.878,67.673,0,Agtron 35
74.832,47.032,41.877,62.453,167.603,64.941,165.514,69.1,129.061,3.599,129.017,6.526,160.51,66.824,0,Agtron 35
74.178,52.522,38.631,61.664,168.994,63.995,168.254,68.889,129.011,3.593,130.294,6.158,163.344,66.944,0,Agtron 35
95.021,40.341,57.351,41.457,172.992,70.561,157.448,65.912,129.855,3.227,118.615,9.023,151.832,63.215,0,Agtron 35
96.488,40.111,58.241,40.109,174.042,70.149,157.124,64.789,130.299,3.187,117.651,9.238,151.489,62.133,0,Agtron 35
94.328,40.346,57.914,41.935,171.636,69.425,156.169,64.85,129.813,3.266,118.733,9.213,150.47,62.213,0,Agtron 35
93.431,40.468,55.195,43.456,171.714,68.317,157.91,64.758,129.586,3.302,119.738,8.755,152.227,62.144,0,Agtron 35
93.723,40.705,57.145,42.266,173.429,70.009,158.072,65.465,129.829,3.292,118.955,9.163,152.453,62.924,0,Agtron 35
90.985,41.117,52.453,49.207,172.977,66.841,161.608,64.978,129.627,3.401,121.679,8.668,156.096,62.694,0,Agtron 35
92.167,40.335,54.707,47.494,173.16,67.224,160.438,64.583,129.574,3.389,120.786,8.962,154.753,62.158,0,Agtron 35
91.318,41.763,53.684,48.942,171.724,67.496,159.805,65.391,129.743,3.401,121.255,8.857,154.26,63.01,0,Agtron 35
88.642,43.404,48.263,53.073,171.332,66.048,162.571,66.025,129.755,3.44,123.714,8.12,157.342,63.915,0,Agtron 35
75.756,47.172,41.821,60.802,169.284,63.049,166.362,66.735,129.369,3.688,128.595,7.113,161.22,64.895,0,Agtron 35
70.007,48.477,39.376,62.81,168.422,61.231,167.7,66.395,128.973,3.748,130.447,6.438,162.505,64.531,0,Agtron 35
73.86,48.145,41.731,61.635,168.276,62.74,165.733,66.838,129.442,3.668,128.853,6.961,160.591,64.899,0,Agtron 35
81.388,46.076,43.604,57.61,168.896,63.489,164.044,65.946,129.428,3.551,126.644,7.495,158.828,63.913,0,Agtron 35
78.545,47.222,43.256,59.298,167.873,64.233,163.725,67.099,129.478,3.565,127.242,7.162,158.614,65.081,0,Agtron 35
72.847,45.692,41.496,63.276,170.914,59.406,168.636,63.79,129.188,3.778,129.124,7.595,163.273,62.088,0,Agtron 45
71.843,46.03,44.458,65.835,170.177,60.65,167.587,65.367,129.278,3.97,129.709,8.083,162.28,63.701,0,Agtron 45
72.876,45.387,41.643,63.271,171.028,59.51,168.655,63.917,129.177,3.815,129.017,7.532,163.297,62.176,0,Agtron 45
73.927,46.11,43.06,63.857,170.383,60.808,167.461,64.87,129.378,3.777,128.739,7.791,162.162,63.124,0,Agtron 45
73.725,45.038,42.889,63.688,169.879,59.628,167.224,63.907,129.189,3.837,128.921,7.759,161.818,62.175,0,Agtron 45
75.314,45.533,43.466,63.198,169.681,60.543,166.421,64.35,129.381,3.729,128.372,7.808,161.061,62.546,0,Agtron 45
76.953,44.762,42.835,61.53,170.488,59.906,166.871,63.318,129.313,3.673,127.767,7.83,161.419,61.516,0,Agtron 45
77.413,45.375,45.258,62.576,170.235,61.574,165.877,64.793,129.456,3.718,127.664,8.176,160.55,62.968,0,Agtron 45
77.331,44.721,43.174,61.309,170.917,60.444,167.064,63.734,129.302,3.685,127.687,7.858,161.674,61.946,0,Agtron 45
79.022,43.974,44.558,61.692,171.015,60.682,166.611,63.71,129.261,3.706,127.351,8.197,161.159,61.879,0,Agtron 45
79.446,44.168,44.075,60.795,171.473,61.15,166.987,64.017,129.255,3.637,127.122,8.016,161.605,62.165,0,Agtron 45
78.309,44.894,43.667,61.736,170.864,61.227,166.861,64.394,129.322,3.644,127.562,7.905,161.49,62.551,0,Agtron 45
80.155,44.023,43.344,60.355,171.057,60.671,166.877,63.655,129.208,3.617,127.235,7.877,161.45,61.79,0,Agtron 45
22.907,20.669,46.57,70.147,173.127,58.295,172.392,65.211,129.259,4.186,134.546,7.188,167.168,63.788,0,Agtron 55
21.719,18.147,46.342,69.817,171.194,56.946,170.593,64.027,129.352,4.188,134.463,7.116,165.245,62.606,0,Agtron 55
21.472,13.447,48.393,70.132,171.089,57.731,170.183,64.772,129.284,4.267,135.007,7.227,164.846,63.316,0,Agtron 55
23.414,21.766,46.413,70.595,170.257,58.147,169.772,65.363,129.319,4.292,134.284,7.342,164.466,63.868,0,Agtron 55
22.18,16.038,46.498,69.809,170.634,57.683,170.094,64.789,129.286,4.28,134.481,7.25,164.774,63.302,0,Agtron 55
21.256,14.946,48.306,69.902,169.958,57.742,169.049,64.761,129.358,4.307,134.871,7.116,163.662,63.244,0,Agtron 55
24.143,23.038,47.087,70.603,170.077,58.195,169.432,65.34,129.348,4.265,134.36,7.175,164.145,63.823,0,Agtron 55
22.223,16.739,48.616,70.891,170.612,58.305,169.656,65.521,129.332,4.375,134.828,7.173,164.375,64.056,0,Agtron 55
23.321,22.017,47.227,69.283,171.926,56.55,170.932,63.592,129.35,4.291,134.786,7.12,165.511,62.129,0,Agtron 55
23.812,21.866,46.731,68.551,172.343,56.168,171.516,63.119,129.239,4.24,134.854,7.129,166.049,61.675,0,Agtron 55
73.309,48.898,43.294,66.106,168.777,61.491,166.271,66.953,129.574,4.16,130.506,8.513,161.105,65.144,0,Agtron 55
79.197,45.492,46.502,63.042,168.898,62.636,164.173,66.426,129.576,3.994,128.503,9.134,158.916,64.459,0,Agtron 55
51.948,57.269,45.186,69.09,168.771,60.154,167.762,67.256,129.547,4.397,133.497,7.854,162.691,65.558,0,Agtron 55
25.949,30.416,48.364,68.573,169.242,60.246,167.759,67.25,129.513,4.476,134.765,7.586,162.634,65.563,0,Agtron 55
48.56,56.401,44.791,67.954,168.747,59.732,167.764,66.931,129.561,4.458,133.755,7.799,162.683,65.258,0,Agtron 55
40.463,49.533,45.639,68.133,168.678,59.817,167.676,67.053,129.505,4.464,134.046,7.75,162.556,65.399,0,Agtron 55
58.554,54.43,43.901,67.973,168.489,60.061,167.495,67.098,129.49,4.393,133.014,7.942,162.367,65.359,0,Agtron 55
56.461,54.256,43.804,67.793,168.406,59.293,167.53,66.407,129.453,4.401,133.207,8.049,162.32,64.716,0,Agtron 55
55.791,55.036,43.824,68.204,168.2,59.257,167.368,66.455,129.488,4.422,133.209,8.044,162.165,64.75,0,Agtron 55
29.829,38.157,45.915,68.021,169.501,59.828,168.369,66.999,129.52,4.481,134.281,7.814,163.257,65.372,0,Agtron 55
53.264,55.249,44.178,68.069,168.135,59.518,167.316,66.715,129.463,4.414,133.379,7.888,162.138,64.991,0,Agtron 55
39.716,48.95,44.936,68.295,168.56,60.186,167.54,67.367,129.576,4.396,133.731,7.869,162.466,65.674,0,Agtron 55
70.535,49.66,43.577,65.868,169.471,61.115,166.993,66.915,129.714,4.223,131.041,8.613,161.889,65.162,0,Agtron 55
44.577,53.852,45.002,68.196,168.908,59.454,167.967,66.69,129.552,4.462,133.909,7.845,162.846,65.037,0,Agtron 55
45.182,52.887,44.482,68.061,168.311,59.838,167.554,67.05,129.443,4.417,133.672,7.777,162.413,65.323,0,Agtron 55
54.588,51.794,43.397,68.064,168.462,59.948,167.641,67.044,129.374,4.41,132.924,8.0,162.455,65.308,0,Agtron 55
59.964,59.075,43.962,67.92,168.493,59.581,167.54,66.74,129.582,4.409,133.296,7.974,162.424,65.062,0,Agtron 55
42.278,50.77,44.863,68.091,169.515,60.037,168.5,67.216,129.548,4.433,133.832,7.874,163.43,65.581,0,Agtron 55
36.236,44.61,44.924,67.624,169.433,60.126,168.51,67.28,129.438,4.415,133.969,7.787,163.437,65.612,0,Agtron 55
84.702,45.071,48.479,62.196,174.001,60.203,166.974,62.695,130.029,4.087,127.472,10.988,161.485,61.229,0,Agtron 65
67.037,50.552,42.745,67.926,172.19,57.084,170.524,63.3,129.429,4.39,132.373,9.531,165.066,62.04,0,Agtron 65
66.495,50.821,43.166,67.018,171.945,56.428,169.877,62.398,129.574,4.37,132.063,9.713,164.34,61.137,0,Agtron 65
64.791,53.923,42.873,68.09,171.666,56.471,170.38,63.039,129.463,4.409,133.016,9.376,164.916,61.787,0,Agtron 65
63.149,51.489,43.744,68.732,171.739,57.268,170.148,63.676,129.513,4.387,132.823,9.468,164.742,62.43,0,Agtron 65
61.71,50.492,43.203,67.845,171.425,55.936,169.915,62.4,129.432,4.428,132.789,9.639,164.356,61.162,0,Agtron 65
78.946,46.24,46.968,63.86,172.85,58.826,167.589,62.523,129.784,4.145,129.103,10.687,162.073,61.131,0,Agtron 65
62.85,51.378,43.414,68.1,171.13,56.322,169.611,62.804,129.478,4.406,132.707,9.466,164.092,61.527,0,Agtron 65
69.812,48.86,44.083,66.615,172.787,57.451,170.127,63.081,129.624,4.298,131.589,9.782,164.704,61.851,0,Agtron 65
47.719,49.533,44.293,69.073,171.536,55.968,170.729,63.037,129.337,4.483,134.164,9.138,165.244,61.849,0,Agtron 65
44.549,52.21,46.036,69.411,171.876,55.387,170.808,62.613,129.517,4.57,134.846,9.147,165.302,61.545,0,Agtron 65
27.883,34.339,46.866,69.687,172.079,56.134,171.049,63.451,129.45,4.607,135.219,8.883,165.577,62.342,0,Agtron 65
33.454,44.356,46.17,69.645,171.844,55.988,170.957,63.263,129.444,4.549,135.039,9.086,165.483,62.162,0,Agtron 65
32.028,41.701,46.374,68.906,171.483,55.409,170.475,62.69,129.513,4.572,135.151,8.816,164.966,61.557,0,Agtron 65
37.186,48.879,45.95,69.335,172.218,55.842,171.219,63.106,129.55,4.526,134.983,9.05,165.777,62.029,0,Agtron 65
38.164,49.404,45.814,69.51,170.711,55.925,169.882,63.172,129.5,4.512,134.778,8.799,164.414,61.935,0,Agtron 65
38.229,50.18,45.844,69.282,171.419,55.442,170.572,62.71,129.513,4.526,134.953,8.907,165.077,61.561,0,Agtron 65
37.899,48.946,46.484,68.883,171.457,55.772,170.412,62.978,129.549,4.49,135.043,8.635,164.964,61.801,0,Agtron 65
37.068,48.129,47.291,69.181,170.603,55.2,169.536,62.418,129.562,4.538,135.296,8.813,163.972,61.252,0,Agtron 65
36.023,46.853,46.314,69.264,171.121,55.683,170.13,62.938,129.566,4.545,134.92,8.751,164.638,61.759,0,Agtron 65
29.897,39.17,46.455,69.249,170.538,55.603,169.806,62.743,129.359,4.504,135.112,8.59,164.265,61.568,0,Agtron 65
31.94,40.126,47.505,68.32,172.103,55.333,170.989,62.339,129.417,4.5,135.595,8.719,165.434,61.219,0,Agtron 65
34.822,44.991,47.599,69.782,171.073,55.786,170.056,63.012,129.47,4.531,135.34,8.755,164.566,61.868,0,Agtron 65
31.926,40.62,47.148,69.229,171.049,55.383,170.131,62.533,129.401,4.533,135.337,8.762,164.57,61.343,0,Agtron 65
36.729,46.828,46.426,68.745,170.86,55.281,169.973,62.381,129.466,4.477,135.062,8.648,164.421,61.224,0,Agtron 65
37.295,45.788,45.706,68.693,172.622,54.506,171.808,61.606,129.374,4.401,134.996,8.816,166.237,60.524,0,Agtron 65
40.941,49.593,46.32,69.362,171.581,55.047,170.703,62.175,129.45,4.402,134.883,8.672,165.171,60.998,0,Agtron 65
37.648,47.648,46.384,68.42,171.795,54.109,170.951,61.146,129.406,4.393,135.296,8.68,165.345,60.009,0,Agtron 65
22.524,19.872,49.019,68.597,169.736,54.074,168.582,61.032,129.375,4.435,135.871,8.354,162.817,59.809,0,Agtron 65
42.279,53.116,48.219,70.118,172.27,55.403,170.852,62.636,129.695,4.519,135.39,9.031,165.37,61.589,0,Agtron 65
43.557,50.872,45.859,68.586,172.867,54.565,171.989,61.588,129.395,4.391,134.999,8.779,166.438,60.512,0,Agtron 65
42.404,48.903,46.11,69.707,172.497,55.379,171.584,62.494,129.407,4.42,134.798,8.942,166.065,61.403,0,Agtron 65
37.874,47.78,46.878,69.24,173.046,54.994,172.078,62.108,129.412,4.428,135.305,8.788,166.563,61.036,0,Agtron 65
27.994,35.577,46.828,68.751,172.391,54.857,171.244,61.85,129.504,4.425,135.223,8.49,165.705,60.752,0,Agtron 65
43.282,51.386,45.461,69.385,174.076,51.195,173.021,58.648,129.559,4.672,135.333,9.797,167.241,57.707,0,Agtron 75
43.471,52.458,46.541,68.969,175.149,52.877,173.739,60.187,129.628,4.598,135.51,9.612,168.14,59.292,0,Agtron 75
45.501,53.723,46.333,69.565,174.806,51.653,173.438,59.131,129.673,4.677,135.535,10.073,167.718,58.242,0,Agtron 75
42.352,48.965,44.938,69.46,174.578,52.677,173.573,60.058,129.466,4.569,134.939,9.77,167.913,59.109,0,Agtron 75
36.775,46.802,46.477,69.168,174.918,52.611,173.619,59.951,129.558,4.592,135.583,9.631,167.994,59.031,0,Agtron 75
53.424,47.858,43.756,68.433,174.906,51.973,173.412,58.998,129.523,4.544,133.891,10.394,167.686,58.075,0,Agtron 75
87.829,41.99,52.829,59.254,175.581,57.981,166.268,59.135,129.701,3.926,125.68,11.916,160.305,57.509,0,Agtron 75
90.098,41.676,55.078,57.565,175.764,56.957,164.958,57.459,129.925,3.93,124.901,12.684,158.827,55.874,0,Agtron 75
92.562,40.44,58.183,55.752,176.235,59.185,163.409,58.347,129.945,3.845,123.241,12.688,157.286,56.61,0,Agtron 75
93.055,40.389,58.634,54.289,176.855,58.014,163.448,57.024,130.132,3.797,123.057,13.173,157.224,55.297,0,Agtron 75
93.873,39.853,59.134,54.171,176.215,59.435,162.619,57.971,130.074,3.733,122.589,12.716,156.431,56.125,0,Agtron 75
93.531,39.744,58.427,53.85,176.978,58.566,163.73,57.444,129.949,3.758,123.088,12.837,157.511,55.685,0,Agtron 75
94.484,39.554,59.588,53.21,176.906,60.008,162.765,58.285,130.142,3.679,122.241,12.634,156.625,56.42,0,Agtron 75
93.87,39.608,61.216,52.935,177.414,59.056,162.582,57.264,130.242,3.708,122.119,13.51,156.336,55.451,0,Agtron 75
94.703,38.991,60.692,52.722,176.608,60.196,162.016,58.154,130.082,3.635,121.883,12.711,155.813,56.219,0,Agtron 75
93.792,39.26,60.263,52.896,177.327,59.429,162.955,57.689,130.066,3.7,122.339,13.11,156.719,55.886,0,Agtron 75
94.661,39.052,63.658,52.235,176.31,61.821,160.319,59.07,130.256,3.635,120.874,12.932,154.168,57.032,0,Agtron 75
93.803,39.498,59.276,53.842,176.412,58.656,162.62,57.466,130.257,3.674,122.608,13.032,156.434,55.678,0,Agtron 75
93.989,39.673,49.844,39.599,176.701,73.438,163.384,69.274,129.034,3.305,119.569,7.068,158.09,66.536,0,Agtron 25
93.718,40.023,49.239,41.158,176.728,73.66,163.945,69.853,129.121,3.374,119.954,7.018,158.769,67.167,0,Agtron 25
87.896,40.414,43.828,50.645,174.69,71.469,167.596,70.873,128.559,3.573,123.792,6.301,162.718,68.44,0,Agtron 25
89.501,40.607,45.415,47.181,174.831,71.794,166.02,70.119,128.686,3.542,122.672,6.655,160.98,67.663,0,Agtron 25
89.416,40.898,43.73,42.277,170.807,73.159,161.016,69.975,129.074,3.567,121.984,7.485,155.805,67.423,0,Agtron 25
91.4,40.19,46.338,40.465,172.148,73.614,160.492,69.424,129.197,3.561,120.538,7.862,155.211,66.816,0,Agtron 25
103.22,34.232,64.637,34.032,177.705,77.976,154.097,67.586,130.517,3.432,113.183,10.052,148.308,64.529,0,Agtron 25
104.32,34.211,65.583,32.837,178.01,78.944,153.229,67.917,130.895,3.398,112.535,10.368,147.522,64.826,0,Agtron 25
91.722,42.434,68.106,41.587,179.224,74.166,157.21,65.748,130.77,3.864,115.892,11.567,151.499,63.234,0,Agtron 35
86.539,42.706,56.879,54.507,173.504,69.404,161.608,67.287,129.778,4.2,122.53,9.56,156.206,65.114,0,Agtron 35
88.55,42.635,64.681,47.932,175.63,73.916,158.224,68.232,129.924,4.106,119.029,10.621,152.738,65.744,0,Agtron 35
93.975,40.613,69.947,36.022,179.476,74.246,155.651,64.61,130.425,3.753,114.212,11.535,149.592,61.832,0,Agtron 35
93.535,40.113,70.916,35.124,179.285,74.959,155.183,64.999,129.923,3.752,113.789,11.431,149.056,62.104,0,Agtron 35
94.492,40.644,69.377,34.713,177.755,74.628,153.789,64.689,130.449,3.703,113.747,11.306,147.728,61.797,0,Agtron 35
93.559,40.795,68.197,36.648,177.61,74.055,155.053,65.101,130.345,3.73,114.785,11.114,149.051,62.281,0,Agtron 35
91.945,40.213,68.893,46.485,176.48,68.258,156.89,61.923,130.025,3.7,117.461,11.681,150.687,59.486,0,Agtron 45
91.4,40.71,69.152,47.645,175.309,69.317,156.251,63.34,129.963,3.946,117.938,11.654,150.128,60.838,0,Agtron 45
91.158,40.449,67.648,48.123,175.88,68.609,157.689,63.175,129.82,3.979,118.478,11.483,151.571,60.77,0,Agtron 45
90.451,40.689,66.072,50.492,176.066,67.816,159.226,63.369,129.718,4.108,119.472,11.333,153.191,61.097,0,Agtron 45
89.266,40.649,63.064,51.651,174.827,67.222,159.797,63.73,129.543,4.144,120.571,10.849,153.84,61.508,0,Agtron 45
88.576,41.134,62.422,53.444,174.738,67.895,160.255,64.767,129.582,4.178,121.008,10.779,154.431,62.569,0,Agtron 45
87.439,41.102,60.217,54.767,173.237,66.182,160.278,64.048,129.449,4.201,121.884,10.432,154.433,61.917,0,Agtron 45
81.769,41.364,53.258,63.574,170.701,58.529,163.327,60.404,129.353,4.437,126.254,10.41,157.268,58.76,0,Agtron 55
81.504,41.208,54.35,63.481,170.401,59.198,162.735,60.855,129.284,4.436,126.108,10.541,156.649,59.15,0,Agtron 55
81.716,41.317,52.918,64.161,170.453,58.61,163.383,60.765,129.338,4.461,126.383,10.284,157.368,59.14,0,Agtron 55
75.759,42.923,49.423,68.33,169.381,58.542,164.902,62.743,129.395,4.733,128.419,9.407,159.181,61.131,0,Agtron 55
78.811,43.018,52.237,66.808,169.959,60.371,163.612,63.343,129.617,4.646,127.154,9.899,157.919,61.62,0,Agtron 55
76.523,42.556,50.42,67.185,169.77,59.049,164.717,62.64,129.357,4.596,128.146,9.697,158.981,61.076,0,Agtron 55
73.717,45.068,52.43,71.855,168.446,60.959,163.835,65.534,129.795,4.687,129.441,9.872,158.374,64.014,0,Agtron 55
68.622,44.877,46.941,71.583,167.391,56.656,165.35,62.628,129.51,4.736,130.98,8.967,159.635,61.169,0,Agtron 55
77.192,42.877,53.246,68.873,170.094,58.565,164.211,61.879,129.55,4.489,128.387,10.903,158.374,60.451,0,Agtron 65
73.841,44.19,56.771,72.005,171.969,60.389,165.512,64.07,129.792,4.693,129.479,11.762,159.889,62.86,0,Agtron 65
72.097,45.485,55.723,73.346,172.138,60.765,166.553,65.289,129.996,4.753,130.509,11.509,161.099,64.216,0,Agtron 65
72.725,43.586,52.379,71.879,170.622,57.692,166.107,62.357,129.559,4.674,130.123,10.943,160.336,61.141,0,Agtron 65
71.085,45.279,52.461,73.962,169.91,57.489,165.975,62.851,129.768,4.729,131.038,10.971,160.253,61.684,0,Agtron 65
67.594,46.533,50.924,73.801,169.14,56.272,165.918,61.99,129.803,4.678,131.467,10.701,160.122,60.802,0,Agtron 65
63.976,47.812,50.8,75.103,169.679,56.558,166.656,62.682,129.919,4.746,131.816,10.624,160.954,61.593,0,Agtron 65
65.967,45.654,50.97,74.864,172.436,53.016,169.093,59.291,129.833,4.873,132.304,11.737,163.097,58.443,0,Agtron 75
61.791,45.284,50.42,75.79,171.937,52.64,169.287,59.483,129.758,4.91,132.861,11.416,163.315,58.675,0,Agtron 75
59.018,44.262,49.22,74.986,170.997,51.257,168.805,58.198,129.607,4.928,132.932,11.26,162.699,57.345,0,Agtron 75
67.769,43.933,48.457,73.402,172.318,51.452,169.618,57.747,129.566,4.84,132.053,11.349,163.508,56.874,0,Agtron 75
102.672,40.156,45.511,46.506,171.534,71.46,160.336,69.877,130.802,3.296,120.844,6.487,155.632,67.698,1,Agtron 25
104.768,39.562,43.223,46.13,170.267,70.878,159.941,69.542,130.862,3.328,121.167,6.144,155.214,67.372,1,Agtron 25
103.294,40.037,44.486,46.862,169.674,71.31,159.177,70.057,130.761,3.351,121.168,6.334,154.453,67.831,1,Agtron 25
104.836,38.918,43.818,45.78,169.548,71.032,159.08,69.59,130.708,3.307,120.98,6.234,154.292,67.36,1,Agtron 25
97.781,42.67,48.538,49.015,172.211,67.91,160.547,67.21,131.065,3.334,120.969,6.924,155.693,65.119,1,Agtron 25
97.864,42.446,47.903,49.091,172.31,67.122,161.017,66.75,131.023,3.38,121.195,6.915,156.129,64.669,1,Agtron 25
97.881,42.59,48.914,48.617,172.169,67.53,160.267,66.811,131.136,3.324,120.828,6.988,155.379,64.691,1,Agtron 25
95.922,42.977,51.707,53.253,171.14,64.223,159.662,65.001,131.451,3.876,122.426,8.418,154.569,63.277,1,Agtron 35
96.442,42.737,50.129,54.057,172.285,64.305,161.479,65.323,131.326,3.894,122.768,8.202,156.465,63.62,1,Agtron 35
95.867,43.641,50.362,54.079,170.486,64.18,159.866,65.402,131.441,3.93,123.014,8.148,154.841,63.667,1,Agtron 35
96.746,42.419,52.738,54.874,174.692,63.058,162.609,64.089,131.626,3.992,122.483,8.995,157.505,62.572,1,Agtron 35
95.539,42.949,53.935,56.053,172.328,64.093,160.431,65.196,131.512,3.992,122.617,8.874,155.362,63.519,1,Agtron 35
96.221,42.202,52.622,54.714,172.182,62.999,160.516,63.974,131.406,3.911,122.441,8.704,155.335,62.316,1,Agtron 35
96.282,42.491,52.966,54.984,171.557,62.777,159.939,63.953,131.476,3.953,122.53,8.742,154.734,62.254,1,Agtron 35
94.953,43.651,55.862,59.393,173.832,61.255,161.965,63.375,131.9,4.297,124.13,10.584,156.73,62.173,1,Agtron 45
94.09,43.831,56.966,58.309,175.558,62.078,162.836,63.757,131.964,4.289,123.84,10.967,157.644,62.647,1,Agtron 45
93.402,44.417,57.893,58.531,176.063,62.736,162.962,64.336,132.098,4.316,123.899,11.148,157.841,63.244,1,Agtron 45
93.089,44.381,58.14,59.142,175.682,62.863,162.786,64.564,131.985,4.358,124.097,11.166,157.656,63.468,1,Agtron 45
94.852,43.292,56.756,62.161,174.712,58.666,163.052,61.357,131.943,4.495,125.0,11.566,157.596,60.505,1,Agtron 55
93.963,43.937,57.94,62.703,176.391,59.492,164.291,62.207,132.047,4.574,125.276,12.027,158.932,61.449,1,Agtron 55
93.5,44.288,58.41,63.011,176.566,59.885,164.314,62.589,132.135,4.617,125.382,12.122,158.991,61.855,1,Agtron 55
93.142,44.03,58.646,63.251,176.428,59.706,164.224,62.41,132.017,4.64,125.405,12.183,158.858,61.683,1,Agtron 55
95.265,42.232,56.069,62.947,175.449,55.03,164.364,57.673,131.689,4.116,125.525,12.469,158.571,57.142,1,Agtron 65
95.348,42.296,56.799,63.236,176.929,55.551,165.365,58.023,131.774,4.109,125.397,12.747,159.621,57.612,1,Agtron 65
94.774,42.319,56.891,62.581,176.214,55.508,164.731,57.848,131.702,4.042,125.494,12.768,158.946,57.454,1,Agtron 65
95.874,41.791,54.858,60.898,178.127,55.54,166.567,57.806,131.689,4.023,124.919,12.196,160.9,57.236,1,Agtron 65
95.801,42.119,55.738,61.806,176.911,55.615,165.331,58.054,131.809,4.114,125.068,12.296,159.63,57.492,1,Agtron 65
95.317,42.27,56.085,62.09,177.276,56.179,165.65,58.586,131.747,4.102,125.098,12.291,160.007,57.983,1,Agtron 65
95.638,41.827,55.891,60.491,176.971,55.457,165.044,57.505,131.748,4.022,124.716,12.387,159.287,56.943,1,Agtron 65
95.638,41.827,55.891,60.491,176.971,55.457,165.044,57.505,131.748,4.022,124.716,12.387,159.287,56.943,1,Agtron 65
96.357,42.007,55.386,61.134,180.499,52.921,168.596,55.481,131.907,4.331,125.769,13.609,162.728,55.299,1,Agtron 75
94.807,42.685,55.567,62.235,178.642,52.653,167.424,55.56,131.821,4.35,126.583,13.738,161.505,55.44,1,Agtron 75
96.027,42.151,54.938,60.855,180.34,52.328,168.632,54.894,131.888,4.32,126.005,13.734,162.712,54.82,1,Agtron 75
94.038,43.389,58.834,63.542,181.397,54.259,168.749,57.107,132.145,4.544,126.529,14.431,162.982,57.066,1,Agtron 75
75.28,38.672,27.831,44.497,155.042,29.877,156.182,35.041,129.004,5.321,129.781,7.504,148.309,34.898,1,Agtron 65
76.313,43.358,26.445,43.351,156.721,29.861,157.486,34.945,129.511,5.344,129.465,7.25,149.765,34.887,1,Agtron 65
73.232,40.978,26.58,44.61,156.511,29.63,157.785,34.845,129.222,5.251,129.951,7.512,149.996,34.804,1,Agtron 65
75.88,39.342,32.184,45.709,161.158,35.109,160.739,40.931,129.269,5.479,129.952,7.916,153.31,40.731,1,Agtron 65
76.664,38.906,32.373,45.797,159.94,35.014,159.577,40.799,129.209,5.482,129.837,7.863,152.092,40.557,1,Agtron 65
73.866,42.236,35.973,48.823,155.854,33.894,154.298,40.994,130.313,6.631,130.448,7.903,146.807,40.658,1,Agtron 65
77.241,37.471,29.666,43.798,156.914,32.169,157.626,37.522,128.819,5.074,129.575,7.314,149.895,37.353,1,Agtron 65
79.779,37.984,29.451,43.255,157.689,32.186,158.195,37.362,128.903,5.047,129.304,7.321,150.487,37.217,1,Agtron 65
79.616,37.328,30.041,42.685,159.622,32.632,159.912,37.67,128.762,5.007,129.271,7.402,152.238,37.567,1,Agtron 65
78.636,37.62,30.048,44.369,157.217,33.434,157.768,38.71,128.839,5.029,129.385,7.238,150.113,38.439,1,Agtron 65
71.401,40.835,27.84,46.303,158.387,30.716,159.383,36.552,129.32,5.412,130.265,7.541,151.713,36.521,1,Agtron 65
72.554,39.825,28.569,46.393,156.761,31.124,157.705,36.881,129.214,5.408,130.077,7.48,149.989,36.728,1,Agtron 65
74.106,41.844,28.729,46.908,158.22,31.014,158.788,36.823,129.486,5.506,130.065,7.74,151.141,36.757,1,Agtron 65
70.444,40.905,28.532,47.423,158.429,30.895,159.238,36.907,129.43,5.577,130.419,7.761,151.575,36.893,1,Agtron 65
72.936,41.875,29.303,47.943,157.298,31.83,157.863,37.986,129.535,5.572,130.154,7.657,150.247,37.835,1,Agtron 65
80.977,36.185,26.85,37.761,156.134,32.906,157.378,36.972,128.351,4.424,128.602,6.242,149.622,36.609,1,Agtron 65
80.168,36.936,26.531,38.473,156.897,32.817,158.156,36.986,128.474,4.452,128.734,6.326,150.444,36.683,1,Agtron 65
80.235,36.503,27.056,38.367,156.294,32.915,157.529,37.096,128.382,4.485,128.743,6.343,149.779,36.759,1,Agtron 65
79.521,36.834,27.621,39.147,157.139,33.889,158.182,38.286,128.452,4.612,128.791,6.345,150.513,37.902,1,Agtron 65
82.29,35.82,28.499,37.779,157.358,33.794,158.127,37.851,128.221,4.576,128.442,6.37,150.391,37.46,1,Agtron 65
79.152,36.44,27.96,37.661,157.159,35.715,158.104,40.38,128.345,4.727,128.646,5.942,150.541,39.791,1,Agtron 55
79.206,36.649,27.578,37.74,157.584,35.548,158.573,40.224,128.386,4.741,128.664,5.943,151.018,39.667,1,Agtron 55
79.7,35.93,29.304,38.456,154.448,36.316,155.391,40.866,128.129,4.729,128.512,5.9,147.737,40.059,1,Agtron 55
78.794,36.246,28.31,37.931,159.417,35.897,160.16,40.721,128.336,4.887,128.713,6.03,152.648,40.207,1,Agtron 55
79.831,35.885,28.173,38.997,155.325,35.272,156.367,39.923,128.304,4.803,128.502,5.921,148.716,39.239,1,Agtron 55
77.076,36.426,26.878,39.511,156.497,34.77,157.89,39.658,128.414,4.843,128.922,5.917,150.285,39.085,1,Agtron 55
76.136,38.29,26.879,40.798,156.353,34.991,157.598,40.145,128.758,4.952,129.013,5.992,150.073,39.577,1,Agtron 55
76.924,36.065,27.041,39.536,156.144,34.663,157.541,39.541,128.371,4.858,128.881,5.889,149.91,38.958,1,Agtron 55
80.564,36.101,31.001,40.345,156.425,34.12,156.763,39.072,128.348,5.112,128.728,6.635,149.019,38.578,1,Agtron 55
79.579,36.092,29.568,41.125,155.234,34.462,156.034,39.373,128.405,4.971,128.8,6.386,148.324,38.811,1,Agtron 55
79.333,35.266,30.222,40.225,156.892,33.842,157.564,38.747,128.18,5.084,128.897,6.578,149.786,38.305,1,Agtron 55
79.354,35.482,29.864,39.853,156.728,33.764,157.46,38.667,128.227,5.009,128.859,6.501,149.694,38.204,1,Agtron 55
78.871,38.221,29.851,42.465,161.339,35.218,161.413,40.694,128.97,5.211,129.24,6.904,153.998,40.452,1,Agtron 55
79.963,37.51,32.369,40.122,159.432,37.562,159.033,42.75,128.536,5.356,128.632,6.531,151.57,42.138,1,Agtron 55
78.301,36.997,32.712,40.635,160.023,37.646,159.735,42.997,128.395,5.438,128.924,6.64,152.253,42.4,1,Agtron 55
78.672,36.877,32.455,40.527,158.695,37.292,158.526,42.583,128.383,5.424,128.844,6.582,150.992,41.937,1,Agtron 55
78.029,38.027,32.732,42.284,159.912,37.341,159.457,43.088,128.813,5.568,129.145,6.83,152.052,42.55,1,Agtron 55
79.224,38.307,32.653,40.66,162.584,38.624,161.794,44.035,128.748,5.513,128.833,6.71,154.511,43.526,1,Agtron 55
78.406,37.46,31.815,41.9,159.216,36.487,159.052,42.016,128.732,5.414,129.058,6.759,151.584,41.491,1,Agtron 55
75.262,38.99,27.985,45.96,156.31,28.91,157.316,34.133,129.142,5.507,130.105,8.074,149.425,34.114,1,Agtron 75
69.705,41.672,28.036,48.118,155.921,28.733,156.996,34.414,129.46,5.613,130.63,8.266,149.137,34.406,1,Agtron 75
74.072,41.83,27.525,46.362,156.422,28.658,157.369,33.901,129.398,5.493,130.165,8.126,149.521,33.929,1,Agtron 75
74.021,42.1,27.549,46.408,156.688,28.911,157.576,34.179,129.451,5.52,130.176,8.113,149.747,34.22,1,Agtron 75
69.784,43.666,30.269,49.668,158.432,29.941,158.692,36.37,129.844,5.768,130.903,8.626,151.009,36.435,1,Agtron 75
70.82,41.646,30.047,48.358,158.767,30.165,159.101,36.507,129.633,5.797,130.729,8.337,151.414,36.541,1,Agtron 75
73.43,40.238,30.338,47.849,157.434,29.917,157.864,35.873,129.403,5.601,130.522,8.415,150.086,35.862,1,Agtron 75
71.343,40.501,30.794,48.768,158.34,29.823,158.584,36.059,129.567,5.837,130.853,8.618,150.834,36.091,1,Agtron 75
72.632,42.501,28.699,48.695,154.949,27.426,155.711,32.592,129.587,5.783,130.74,8.931,147.738,32.684,1,Agtron 75
72.949,42.578,28.637,48.472,155.176,27.081,155.88,32.215,129.637,5.8,130.767,8.997,147.899,32.339,1,Agtron 75
72.963,42.479,28.37,48.041,155.064,27.122,155.849,32.038,129.56,5.71,130.677,8.961,147.858,32.147,1,Agtron 75
71.99,40.963,29.406,49.019,157.916,27.426,158.404,32.596,129.531,5.851,131.002,9.303,150.459,32.795,1,Agtron 75
78.999,36.434,26.262,35.07,158.382,37.277,159.58,41.599,128.189,4.495,128.382,5.448,152.132,40.882,1,Agtron 45
79.09,36.63,27.245,35.258,156.71,38.572,157.76,42.9,128.142,4.503,128.268,5.411,150.33,41.998,1,Agtron 45
78.943,36.614,26.636,35.298,158.064,37.637,159.179,41.959,128.2,4.519,128.371,5.508,151.738,41.213,1,Agtron 45
80.033,37.029,26.194,34.695,155.363,36.876,156.638,41.06,128.252,4.393,128.167,5.336,149.114,40.229,1,Agtron 45
81.691,36.309,28.835,37.565,155.83,35.536,156.539,40.075,128.298,4.686,128.28,5.969,148.906,39.376,1,Agtron 45
80.939,35.906,29.612,37.305,158.232,36.159,158.745,40.73,128.121,4.799,128.362,6.013,151.148,40.108,1,Agtron 45
80.721,35.844,28.739,37.529,159.326,35.749,159.933,40.291,128.218,4.738,128.411,6.027,152.372,39.77,1,Agtron 45
81.284,36.567,28.447,37.498,158.44,36.143,159.053,40.745,128.364,4.72,128.349,5.927,151.534,40.151,1,Agtron 45
79.919,38.249,32.928,38.873,160.438,40.548,159.754,45.4,128.447,5.133,128.448,6.401,152.464,44.628,1,Agtron 45
79.439,37.326,32.305,38.201,159.968,40.161,159.698,44.852,128.159,5.013,128.501,6.287,152.321,44.055,1,Agtron 45
78.711,37.123,31.567,37.62,158.434,40.735,158.515,45.387,128.058,4.905,128.512,6.037,151.143,44.459,1,Agtron 45
79.167,38.077,33.045,38.902,160.039,40.621,159.45,45.481,128.373,5.116,128.506,6.34,152.155,44.683,1,Agtron 45
76.877,37.192,24.65,32.544,157.482,40.202,159.122,44.16,128.063,4.034,128.329,4.954,151.858,43.135,1,Agtron 35
79.58,37.486,24.417,31.58,158.679,39.683,160.031,43.381,128.172,3.984,128.005,4.963,152.773,42.47,1,Agtron 35
78.64,38.278,24.029,32.526,160.035,39.557,161.392,43.459,128.347,4.052,128.188,5.037,154.206,42.651,1,Agtron 35
77.95,38.787,24.056,32.113,158.763,40.988,160.191,44.832,128.313,3.938,128.14,4.888,153.061,43.819,1,Agtron 35
76.034,39.891,21.407,28.887,157.706,42.203,159.729,45.558,128.177,3.607,128.121,4.604,152.665,44.401,1,Agtron 35
75.923,39.696,21.592,28.985,157.528,42.337,159.518,45.704,128.177,3.612,128.14,4.628,152.458,44.549,1,Agtron 35
75.262,40.6,21.119,28.979,158.155,42.53,160.198,45.934,128.256,3.577,128.182,4.59,153.189,44.777,1,Agtron 35
76.405,41.442,21.611,29.51,154.778,42.262,156.774,45.758,128.364,3.587,128.067,4.597,149.7,44.452,1,Agtron 35
77.132,40.956,21.512,29.133,156.559,42.017,158.521,45.389,128.285,3.583,128.015,4.61,151.44,44.178,1,Agtron 35
76.915,38.546,23.509,31.845,157.419,40.633,159.132,44.484,128.23,3.915,128.228,4.855,151.95,43.437,1,Agtron 35
79.329,38.353,24.222,30.882,157.318,41.398,158.715,45.016,128.163,3.895,127.938,4.857,151.539,43.88,1,Agtron 35
77.531,37.273,23.576,31.022,157.753,40.606,159.522,44.324,128.017,3.917,128.194,4.825,152.296,43.276,1,Agtron 35
76.061,37.643,23.586,31.604,158.334,40.629,160.121,44.497,128.102,3.961,128.375,4.871,152.931,43.504,1,Agtron 35
77.574,37.63,24.348,31.456,156.034,41.098,157.672,44.862,128.044,3.935,128.135,4.847,150.433,43.696,1,Agtron 35
77.778,44.653,18.394,26.065,155.985,44.164,158.521,47.195,128.287,3.183,128.036,4.284,151.617,45.687,1,Agtron 25
75.13,46.422,17.604,25.862,157.153,44.212,159.792,47.265,128.402,3.136,128.143,4.19,152.957,45.811,1,Agtron 25
77.471,43.543,17.841,24.795,155.719,44.341,158.41,47.21,128.17,3.071,127.96,4.067,151.496,45.668,1,Agtron 25
76.4,45.193,18.143,25.945,155.949,44.196,158.556,47.314,128.315,3.18,128.042,4.146,151.671,45.78,1,Agtron 25
78.416,42.614,18.539,25.231,155.77,44.872,158.36,47.82,128.076,3.166,127.978,4.142,151.459,46.234,1,Agtron 25
79.311,46.589,14.079,22.882,156.033,47.613,159.039,49.969,128.271,2.833,128.01,4.186,152.396,48.278,1,Agtron 25
78.837,46.267,13.795,22.476,155.297,46.36,158.469,48.662,128.24,2.781,127.992,4.077,151.716,46.984,1,Agtron 25
77.135,49.32,13.588,23.069,155.482,47.149,158.664,49.619,128.394,2.81,128.188,4.163,152.025,47.902,1,Agtron 25
72.55,48.015,13.375,23.117,155.093,46.707,158.554,49.272,128.278,2.806,128.434,4.14,151.859,47.535,1,Agtron 25
75.843,41.892,19.031,25.725,156.27,45.529,158.762,48.604,128.06,3.228,128.071,4.141,151.916,47.079,1,Agtron 25
76.354,42.736,19.347,26.076,157.273,46.222,159.556,49.309,128.161,3.294,128.073,4.223,152.787,47.8,1,Agtron 25
71.661,43.937,18.705,26.809,155.943,45.61,158.588,48.982,128.25,3.245,128.34,4.18,151.795,47.402,1,Agtron 25
72.857,40.998,19.544,26.704,155.19,46.045,157.818,49.295,127.963,3.264,128.349,4.246,150.969,47.666,1,Agtron 25
76.16,42.154,19.143,25.752,156.216,46.114,158.657,49.198,128.054,3.24,128.058,4.149,151.851,47.593,1,Agtron 25
79.547,46.124,37.473,59.789,148.824,71.469,148.706,75.309,128.598,3.863,128.098,5.684,143.748,72.56,1,Agtron 25
75.259,46.475,36.975,60.431,147.447,70.712,147.811,74.737,128.574,3.803,128.35,5.576,142.775,71.952,1,Agtron 25
79.101,44.067,37.246,59.84,149.568,71.136,149.459,74.988,128.479,3.908,128.145,5.72,144.455,72.251,1,Agtron 25
78.001,45.501,38.68,61.26,148.712,72.807,148.499,76.694,128.564,3.882,128.206,5.704,143.664,73.929,1,Agtron 25
80.382,42.683,38.371,59.465,148.184,70.083,148.034,74.026,128.336,4.022,128.089,5.668,142.874,71.232,1,Agtron 25
74.88,42.282,40.59,66.085,148.879,60.943,148.412,66.755,129.34,5.321,129.195,6.572,142.645,64.472,1,Agtron 35
69.438,46.44,38.288,66.3,150.938,60.446,150.881,66.6,129.63,5.393,129.682,6.595,145.165,64.517,1,Agtron 35
70.684,45.01,39.82,67.045,149.463,60.632,149.253,66.782,129.551,5.396,129.532,6.571,143.515,64.576,1,Agtron 35
71.4,44.662,39.812,66.93,149.339,60.945,149.159,67.035,129.489,5.323,129.479,6.5,143.445,64.799,1,Agtron 35
76.4,40.134,39.269,61.999,149.683,62.647,149.438,67.999,128.793,4.844,128.788,6.092,143.791,65.47,1,Agtron 35
76.03,40.634,39.817,62.623,149.497,63.409,149.156,68.778,128.852,4.841,128.787,6.069,143.592,66.238,1,Agtron 35
74.632,41.109,40.494,64.161,148.733,64.002,148.476,69.383,128.849,4.749,128.83,6.032,142.959,66.79,1,Agtron 35
79.558,40.158,38.928,60.693,149.37,63.201,148.944,68.033,128.721,4.6,128.326,5.99,143.308,65.466,1,Agtron 35
69.771,48.712,44.65,70.742,151.756,64.978,150.014,71.279,130.303,5.892,129.947,7.32,144.727,69.279,1,Agtron 35
70.675,45.312,46.599,71.966,150.529,66.349,148.696,72.55,130.02,5.867,129.86,7.289,143.459,70.443,1,Agtron 35
66.996,46.112,45.069,71.33,151.484,64.2,150.008,70.797,130.129,6.007,130.229,7.349,144.626,68.758,1,Agtron 35
69.565,48.991,44.783,71.211,150.239,65.526,148.735,71.816,130.268,5.714,129.865,6.997,143.506,69.751,1,Agtron 35
64.423,47.719,46.23,73.489,154.303,58.747,152.066,66.44,130.931,7.127,131.586,9.164,146.228,65.098,1,Agtron 45
67.316,45.639,45.603,72.346,152.407,59.13,150.456,66.422,130.632,6.876,131.209,8.853,144.594,64.915,1,Agtron 45
67.879,48.797,45.029,72.35,151.491,59.073,149.692,66.346,130.794,6.763,131.067,8.596,143.858,64.815,1,Agtron 45
67.197,46.777,43.336,71.175,153.807,59.186,152.15,66.367,130.565,6.793,131.061,8.618,146.33,64.892,1,Agtron 45
69.365,48.767,40.862,69.095,152.424,59.249,151.296,65.593,130.393,6.381,130.559,8.292,145.383,63.976,1,Agtron 45
71.099,48.417,41.927,69.326,151.313,59.691,150.204,66.05,130.306,6.294,130.244,7.9,144.332,64.306,1,Agtron 45
69.287,47.878,41.853,70.066,152.12,60.442,151.309,66.951,130.198,6.152,130.514,7.797,145.537,65.224,1,Agtron 45
68.211,46.374,42.414,70.804,151.552,59.954,150.661,66.519,130.202,6.322,130.667,7.99,144.813,64.826,1,Agtron 45
68.658,47.057,41.936,70.447,151.467,54.107,150.268,60.963,130.547,6.955,131.232,9.329,143.865,59.664,1,Agtron 55
65.886,45.673,41.477,70.539,151.768,53.918,150.908,60.857,130.417,6.932,131.427,9.21,144.482,59.601,1,Agtron 55
66.509,46.26,41.646,70.709,151.827,54.277,150.858,61.265,130.472,6.95,131.44,9.242,144.471,60.012,1,Agtron 55
66.726,45.488,41.373,70.504,150.231,54.613,149.468,61.326,130.307,6.832,131.234,8.949,143.058,59.926,1,Agtron 55
65.2,47.401,45.824,73.287,152.802,57.101,150.664,64.765,131.014,7.506,131.626,9.353,144.605,63.461,1,Agtron 55
67.686,46.884,44.66,72.049,153.633,56.555,151.536,64.014,130.934,7.5,131.585,9.47,145.41,62.805,1,Agtron 55
67.795,45.657,45.524,72.232,152.07,56.669,149.966,64.17,130.864,7.472,131.462,9.272,143.828,62.833,1,Agtron 55
69.011,47.764,41.754,71.195,153.095,52.038,151.723,58.672,130.75,7.356,131.785,10.267,145.103,57.656,1,Agtron 65
67.357,49.974,41.722,71.242,152.723,51.723,151.385,58.302,130.878,7.338,132.052,10.499,144.737,57.305,1,Agtron 65
71.301,46.906,41.982,70.39,152.491,52.505,151.046,58.855,130.642,7.252,131.516,10.269,144.422,57.761,1,Agtron 65
70.881,50.356,41.8,70.613,152.514,52.272,151.023,58.684,130.876,7.269,131.619,10.256,144.421,57.626,1,Agtron 65
67.826,46.765,45.502,73.291,155.094,53.09,152.712,60.352,131.063,7.681,132.351,10.925,146.226,59.455,1,Agtron 65
69.365,46.215,44.974,72.695,155.245,53.74,152.915,60.81,130.959,7.597,132.241,10.85,146.473,59.896,1,Agtron 65
67.269,45.998,45.835,73.469,155.236,53.243,152.756,60.394,131.064,7.741,132.524,11.147,146.258,59.525,1,Agtron 65
70.176,44.484,45.141,72.047,155.036,52.79,152.691,59.66,130.846,7.646,132.299,11.09,146.111,58.755,1,Agtron 65
67.612,45.729,46.964,73.908,155.842,54.092,153.049,61.393,131.125,7.807,132.662,11.218,146.628,60.554,1,Agtron 65
68.577,44.149,47.009,73.773,155.471,53.762,152.748,60.979,131.002,7.807,132.554,11.203,146.264,60.118,1,Agtron 65
72.21,43.61,42.215,70.9,151.517,52.703,150.46,59.183,130.224,6.877,131.362,9.857,143.84,58.033,1,Agtron 65
68.803,49.139,42.381,72.239,152.495,52.635,151.253,59.494,130.715,7.03,131.708,9.989,144.726,58.445,1,Agtron 65
71.829,46.421,47.387,73.406,154.619,50.233,150.986,55.731,131.514,8.277,133.506,13.238,144.01,54.9,1,Agtron 75
67.019,49.099,46.943,74.24,154.449,50.111,151.321,56.535,131.598,8.135,133.644,12.806,144.442,55.764,1,Agtron 75
65.009,49.094,48.689,75.234,155.891,51.348,152.219,58.07,131.813,8.311,133.88,12.901,145.477,57.367,1,Agtron 75
67.206,49.087,46.695,73.637,155.008,50.388,151.823,56.586,131.572,8.065,133.607,12.829,144.968,55.828,1,Agtron 75
65.132,48.909,47.932,74.791,157.135,50.603,153.486,57.05,131.774,8.314,134.04,13.255,146.671,56.424,1,Agtron 75
68.348,44.659,49.228,74.19,155.197,50.647,151.485,57.029,131.481,8.38,133.78,13.012,144.593,56.275,1,Agtron 75
64.655,49.09,47.493,74.234,156.83,50.389,153.288,56.82,131.737,8.268,133.911,13.032,146.473,56.171,1,Agtron 75
45.371,66.754,18.265,31.965,199.165,66.0,198.41,67.811,129.613,1.513,129.686,2.608,195.456,67.844,1,Agtron 25
35.357,59.644,11.139,19.15,201.498,72.941,200.909,73.729,129.029,1.339,129.457,2.695,198.647,73.39,1,Agtron 25
45.091,64.873,23.319,41.834,195.074,60.102,194.164,62.86,129.977,2.098,130.57,3.936,190.402,63.535,1,Agtron 35
32.363,55.624,23.017,38.211,195.052,65.631,193.99,67.926,129.683,1.79,130.647,3.417,190.655,68.316,1,Agtron 35
44.787,64.343,26.221,48.225,196.756,55.556,195.214,59.279,130.346,2.946,131.365,5.797,191.157,60.568,1,Agtron 45
33.706,56.926,25.675,43.961,197.027,61.907,195.417,65.059,130.03,2.469,131.189,4.633,191.892,65.917,1,Agtron 45
39.645,61.62,27.929,49.41,196.602,53.497,194.48,57.421,130.583,3.13,131.882,6.32,190.264,58.844,1,Agtron 55
27.58,44.072,25.99,48.414,196.017,57.924,195.259,61.86,129.693,3.216,131.774,5.883,191.28,63.196,1,Agtron 55
38.386,60.08,29.395,52.025,195.957,51.227,193.613,55.454,130.71,3.496,132.412,7.362,189.129,57.082,1,Agtron 65
30.704,46.678,27.755,50.379,190.481,55.719,189.988,59.462,129.699,3.019,132.282,6.695,185.416,60.965,1,Agtron 65
36.548,59.202,31.793,54.381,176.797,46.595,175.476,50.279,130.81,3.601,132.903,8.205,169.52,51.34,1,Agtron 75
30.067,45.757,29.71,53.649,184.657,54.914,184.058,58.724,129.896,3.524,132.666,7.521,179.046,59.999,1,Agtron 75
19.298,9.851,19.09,28.741,190.879,58.7,192.007,61.375,128.523,1.297,131.055,1.942,187.89,60.181,0,Agtron 25
22.481,20.264,12.762,16.283,187.109,63.541,188.66,65.06,128.225,1.043,130.787,2.965,184.618,63.514,0,Agtron 25
19.007,6.502,25.564,41.263,187.967,53.271,188.818,57.152,128.699,1.778,132.068,3.284,184.09,56.334,0,Agtron 35
19.28,6.652,23.851,33.111,192.392,58.057,192.711,60.978,128.485,1.656,132.267,3.276,188.492,60.265,0,Agtron 35
18.732,5.621,28.517,46.475,190.587,47.664,190.806,52.379,128.934,2.278,133.002,4.987,185.762,52.186,0,Agtron 45
19.692,6.721,27.563,42.247,187.927,53.774,188.439,57.882,128.653,2.093,132.657,4.155,183.681,57.208,0,Agtron 45
18.039,6.159,28.026,47.282,191.779,46.086,191.903,51.005,129.137,2.367,132.868,5.564,186.868,51.051,0,Agtron 55
18.655,5.956,29.398,46.727,193.774,48.02,193.371,53.078,129.092,2.79,133.349,5.594,188.527,53.169,0,Agtron 55
16.964,5.317,31.202,51.119,185.999,41.072,185.946,46.768,129.437,2.696,133.551,6.652,180.205,46.804,0,Agtron 65
17.71,5.488,32.187,50.809,184.713,43.671,184.776,49.088,129.243,2.597,133.703,6.369,179.085,49.102,0,Agtron 65
17.087,6.643,31.324,51.188,191.984,40.771,191.253,46.618,129.595,2.994,133.897,7.684,185.858,47.216,0,Agtron 75
36.926,22.687,23.551,46.158,184.142,59.849,186.098,64.386,128.041,2.321,130.618,4.347,181.599,62.899,1,Agtron 25
33.605,27.529,17.191,32.881,182.825,64.92,185.399,67.274,127.604,1.296,130.654,2.992,181.091,65.739,1,Agtron 25
36.808,18.935,29.428,55.328,189.458,55.311,190.207,61.47,128.438,3.425,131.893,5.88,185.601,60.788,1,Agtron 35
33.576,21.026,26.329,48.435,185.65,58.238,187.066,63.295,128.33,2.76,131.275,4.34,182.514,62.248,1,Agtron 35
32.27,24.647,31.345,62.015,195.792,49.94,195.526,57.578,129.269,4.284,132.646,8.164,190.97,57.811,1,Agtron 45
42.416,27.46,30.979,57.172,189.436,56.333,189.649,62.499,128.663,3.745,131.941,6.963,185.087,61.937,1,Agtron 45
34.204,22.118,32.629,63.36,190.454,47.098,190.527,55.098,129.235,4.438,132.95,8.515,185.421,55.19,1,Agtron 55
43.053,26.909,33.889,63.269,190.519,50.545,190.176,58.168,129.081,4.78,132.884,8.646,185.175,58.178,1,Agtron 55
33.604,19.343,34.817,66.032,180.299,41.205,181.008,49.791,129.267,4.625,133.587,9.489,174.893,49.786,1,Agtron 65
39.808,30.14,35.46,65.963,180.928,45.483,181.354,53.348,129.261,4.381,133.305,9.536,175.501,53.435,1,Agtron 65
36.462,31.059,34.187,66.737,174.259,33.727,175.223,42.516,129.527,4.779,133.763,11.219,168.314,42.733,1,Agtron 75
47.049,28.395,37.141,66.429,175.231,40.315,175.728,48.435,128.999,4.911,133.779,10.475,169.137,48.415,1,Agtron 75
64.936,34.446,21.795,40.49,179.505,58.821,181.492,62.873,127.765,2.149,129.363,4.459,176.525,61.079,0,Agtron 25
35.127,34.65,14.283,32.481,179.389,61.602,182.717,64.213,127.964,1.134,129.633,2.936,178.042,62.615,0,Agtron 25
68.781,33.323,28.326,50.584,183.859,54.828,184.618,60.175,128.067,3.031,130.033,6.018,179.536,58.969,0,Agtron 35
67.803,33.674,25.614,44.769,181.936,57.403,183.116,61.97,127.804,2.728,129.743,5.237,178.142,60.517,0,Agtron 35
76.365,32.975,32.382,57.163,193.328,51.26,192.482,57.569,128.427,3.924,130.742,8.222,187.634,57.331,0,Agtron 45
72.922,34.705,30.286,52.492,186.346,55.245,186.26,60.719,128.297,3.515,130.275,7.046,181.321,59.735,0,Agtron 45
72.939,32.383,32.107,57.916,193.559,49.091,192.919,55.707,128.392,3.978,130.994,8.361,187.912,55.637,0,Agtron 55
73.969,34.575,34.26,59.277,192.612,50.666,191.245,57.568,128.743,4.652,131.196,8.966,186.268,57.381,0,Agtron 55
75.213,32.313,34.294,61.318,188.679,43.771,188.098,51.192,128.561,4.356,131.537,9.703,182.416,51.25,0,Agtron 65
76.705,33.987,36.922,61.391,190.309,46.75,188.876,53.667,128.568,4.389,131.617,10.174,183.36,53.843,0,Agtron 65
74.745,32.608,35.864,63.816,176.818,34.272,176.94,42.517,128.774,4.666,132.304,11.25,169.998,42.507,0,Agtron 75
62.163,46.555,34.843,64.733,182.079,39.897,181.568,48.193,129.677,4.672,132.591,10.766,175.413,48.263,0,Agtron 75
26.178,29.924,26.465,50.776,156.914,55.294,160.133,60.976,128.735,1.964,130.17,4.684,154.516,58.003,0,Agtron 25
41.981,53.104,24.806,51.599,155.184,46.285,158.71,52.445,129.068,2.4,129.893,3.752,152.384,49.795,0,Agtron 35
46.344,57.84,27.189,57.211,157.654,42.716,160.685,49.904,129.417,3.189,130.517,5.736,154.181,47.811,0,Agtron 45
36.545,48.856,29.389,58.309,155.622,40.56,158.186,48.15,129.705,3.752,131.087,5.524,151.454,46.325,0,Agtron 55
35.505,49.104,25.896,56.2,153.005,32.195,156.453,39.307,129.486,3.42,131.141,6.481,149.065,38.004,0,Agtron 75
31.909,47.81,25.078,51.424,153.35,31.624,156.499,38.129,129.567,3.091,131.02,5.897,149.159,36.794,0,Agtron 65
92.919,44.018,29.604,37.633,157.767,51.194,156.071,51.875,129.542,1.273,126.326,6.896,149.712,50.147,1,Agtron 25
90.765,48.93,26.39,43.161,154.746,43.449,155.486,46.015,129.537,1.669,127.601,6.004,148.655,44.59,1,Agtron 35
91.528,51.219,28.459,48.053,155.476,39.676,156.252,43.084,129.785,2.178,128.731,7.506,149.249,42.145,1,Agtron 45
93.84,50.428,29.4,49.434,156.426,38.842,156.657,42.45,130.014,2.429,128.517,7.565,149.597,41.701,1,Agtron 55
97.447,48.544,27.615,47.15,153.294,32.588,153.887,35.086,130.001,2.124,128.36,8.437,146.372,34.771,1,Agtron 75
97.311,48.297,26.376,44.455,151.24,33.103,152.131,35.191,129.872,1.948,128.059,7.793,144.601,34.739,1,Agtron 65
20.57,7.412,64.786,55.617,173.899,61.863,169.053,65.163,128.839,3.727,141.086,8.439,163.454,63.923,1,Agtron 25
39.191,35.837,33.268,50.383,185.726,60.801,184.87,64.894,128.528,3.468,133.346,9.046,180.208,64.106,1,Agtron 25
37.344,27.892,39.047,57.764,189.867,55.959,187.886,61.621,128.912,4.192,134.689,10.125,183.008,61.522,1,Agtron 35
36.457,27.248,37.624,57.753,189.779,53.007,188.166,59.056,128.99,4.24,134.445,9.491,183.131,59.185,1,Agtron 45
37.409,29.939,41.077,61.922,186.229,49.579,184.246,56.479,129.381,4.703,135.142,10.277,178.732,56.732,1,Agtron 55
32.604,27.426,37.552,59.303,175.993,44.526,175.644,50.844,129.322,4.007,134.449,9.344,169.39,50.818,1,Agtron 65
47.461,38.825,41.561,64.068,173.849,45.046,172.857,52.107,129.463,4.587,134.428,10.439,166.477,52.095,1,Agtron 75
29.509,24.136,24.678,37.905,183.446,62.422,183.39,64.591,128.317,2.732,133.398,8.243,178.679,63.413,1,Agtron 25
33.231,35.674,22.182,38.653,183.62,62.779,184.374,65.362,128.331,2.349,132.512,7.97,179.874,64.376,1,Agtron 25
50.498,36.731,31.403,48.042,185.168,60.419,184.636,64.489,128.321,2.918,132.418,9.297,179.884,63.744,0,Agtron 25
59.467,32.764,34.907,54.868,188.835,56.162,187.804,61.503,128.36,3.538,132.83,10.113,182.853,61.388,0,Agtron 35
55.873,33.123,33.96,55.374,191.4,53.136,190.367,58.772,128.532,3.786,132.79,9.758,185.374,58.992,0,Agtron 45
63.311,32.83,37.312,59.517,188.385,50.303,187.169,56.682,128.504,4.326,133.019,10.514,181.754,57.199,0,Agtron 55
50.462,32.873,32.306,57.495,183.449,45.146,183.884,51.312,128.692,3.682,133.03,9.628,177.985,51.727,0,Agtron 65
60.186,35.458,37.15,61.536,181.262,45.706,180.609,52.218,128.849,4.102,133.007,10.856,174.523,52.661,0,Agtron 75
36.051,39.717,24.139,47.363,190.65,56.73,191.579,60.094,128.809,2.86,131.754,6.214,187.013,61.408,1,Agtron 65
29.633,34.164,22.891,46.079,193.401,58.71,194.209,62.221,128.871,2.977,131.411,5.752,190.064,63.444,1,Agtron 55
35.74,44.088,21.811,43.383,192.907,59.451,193.79,62.576,128.836,2.618,131.1,5.062,189.694,63.462,1,Agtron 45
30.649,39.029,21.824,41.024,193.153,64.112,193.767,66.958,128.774,2.244,130.893,4.39,190.089,67.483,1,Agtron 35
25.119,37.222,17.712,31.862,199.175,69.269,199.458,71.279,128.632,1.578,130.264,3.381,196.659,71.448,1,Agtron 25
25.791,31.412,29.601,47.97,183.281,58.582,183.327,62.041,129.165,2.831,132.757,6.184,178.504,62.99,1,Agtron 75
18.559,12.347,30.926,47.433,183.747,44.363,184.07,49.023,129.057,2.678,133.603,6.524,178.358,49.074,0,Agtron 65
30.984,42.647,26.176,44.065,189.104,48.016,189.471,52.854,129.341,2.547,132.186,5.925,184.47,52.675,0,Agtron 55
19.459,15.44,26.76,40.58,185.36,48.498,186.017,52.587,128.962,2.297,132.606,5.204,180.78,52.04,0,Agtron 45
33.189,42.126,23.975,37.782,184.551,54.673,185.766,58.438,128.712,2.004,131.709,4.568,180.968,57.586,0,Agtron 35
33.945,45.248,20.8,28.564,183.331,59.443,184.58,62.171,128.573,1.563,131.353,3.656,180.036,61.004,0,Agtron 25
20.637,22.647,31.123,47.887,185.817,46.278,185.799,50.956,129.252,2.626,133.56,7.336,180.297,51.562,0,Agtron 75
64.114,62.886,29.955,49.598,163.774,52.735,164.781,57.655,129.24,2.584,131.738,9.376,158.812,55.872,0,Agtron 25
58.391,58.461,33.718,56.858,164.978,48.129,165.786,54.23,129.398,3.165,132.158,9.645,159.54,52.798,0,Agtron 35
60.638,55.711,34.767,59.204,167.545,46.324,167.926,52.771,129.517,3.556,132.224,9.92,161.591,51.606,0,Agtron 45
73.225,45.888,37.597,61.47,166.713,45.643,166.686,52.262,129.385,3.953,132.303,10.115,160.197,51.223,0,Agtron 55
52.087,53.567,36.941,63.308,164.558,40.592,165.193,47.541,129.56,3.879,133.277,10.788,158.344,47.015,0,Agtron 65
55.602,56.737,37.086,64.276,163.664,41.717,164.169,48.796,129.746,4.01,133.03,10.603,157.408,48.194,0,Agtron 75
20.071,8.485,48.239,60.217,133.454,51.19,134.455,56.59,128.977,2.795,134.655,8.86,127.898,53.697,1,Agtron 25
22.944,8.365,51.368,67.085,138.057,48.351,139.167,54.757,128.782,3.429,135.447,9.198,132.359,52.317,1,Agtron 35
23.317,8.667,53.711,69.156,139.469,46.276,140.193,53.183,128.918,4.031,136.169,9.519,133.18,51.028,1,Agtron 45
20.449,7.646,54.829,67.916,142.786,44.325,142.169,51.685,129.87,4.802,136.549,9.211,135.053,49.905,1,Agtron 55
22.392,7.306,54.715,69.376,140.888,41.508,141.206,48.377,129.234,4.313,137.044,10.001,133.761,46.889,1,Agtron 65
22.1,7.894,51.86,69.403,142.911,41.256,143.391,48.105,129.342,4.323,136.543,10.241,135.976,46.764,1,Agtron 75
