25.825,57.213,16.907,35.361,14.549,34.265,12.48,31.01,0,Agtron 25
22.004,52.174,16.075,34.456,14.118,33.604,12.226,30.606,0,Agtron 25
23.399,54.546,16.562,34.752,14.677,34.165,12.72,31.209,0,Agtron 25
24.573,55.683,16.454,34.6,14.614,33.99,12.665,31.014,0,Agtron 25
24.618,56.152,16.256,34.411,14.368,33.85,12.477,30.915,0,Agtron 25
30.008,58.985,15.704,32.167,13.638,33.144,11.93,30.529,0,Agtron 25
27.839,57.382,14.554,31.068,13.525,33.071,11.944,30.595,0,Agtron 25
29.093,58.325,14.405,30.292,13.632,33.228,12.069,30.814,0,Agtron 25
28.138,57.253,15.179,32.232,13.935,33.546,12.267,30.998,0,Agtron 25
29.047,58.748,15.1,31.66,13.98,33.693,12.286,30.971,0,Agtron 25
27.905,57.813,15.421,32.264,14.129,33.8,12.4,31.083,0,Agtron 25
26.765,56.2,14.525,31.269,13.34,32.683,11.772,30.284,0,Agtron 25
27.798,57.463,15.144,31.918,13.704,33.195,12.064,30.75,0,Agtron 25
18.467,49.186,20.216,42.042,16.082,35.489,13.471,31.555,0,Agtron 35
18.565,48.975,20.479,42.67,16.046,35.571,13.423,31.591,0,Agtron 35
17.222,47.4,19.682,42.359,15.184,34.733,12.745,31.037,0,Agtron 35
17.345,47.225,20.034,42.843,15.602,35.265,13.056,31.375,0,Agtron 35
17.468,47.323,19.906,41.987,15.51,35.097,12.994,31.283,0,Agtron 35
17.299,46.91,21.527,45.32,16.298,36.366,13.427,31.926,0,Agtron 35
16.861,46.552,21.171,45.262,16.106,36.107,13.315,31.803,0,Agtron 35
16.722,46.168,21.69,46.104,16.584,36.731,13.665,32.202,0,Agtron 35
16.018,45.04,21.609,46.367,16.194,36.28,13.326,31.771,0,Agtron 35
16.253,45.244,21.338,45.806,16.263,36.384,13.426,31.927,0,Agtron 35
16.39,45.858,21.48,46.101,16.32,36.36,13.495,32.001,0,Agtron 35
15.016,42.688,24.37,51.949,18.552,39.452,14.978,33.67,0,Agtron 45
15.283,42.701,24.621,51.655,18.55,39.217,14.966,33.492,0,Agtron 45
14.845,42.331,25.054,52.834,18.876,39.805,15.151,33.791,0,Agtron 45
14.716,41.451,25.08,52.458,18.596,39.134,14.987,33.354,0,Agtron 45
14.434,41.298,25.032,52.629,18.91,39.65,15.229,33.778,0,Agtron 45
14.649,41.386,24.524,52.04,18.645,39.713,15.023,33.78,0,Agtron 45
13.948,40.697,24.654,52.499,19.157,40.523,15.419,34.445,0,Agtron 45
14.607,42.135,24.332,51.827,18.852,40.34,15.192,34.317,0,Agtron 45
13.945,40.81,24.391,52.155,18.383,39.698,14.762,33.804,0,Agtron 45
13.865,40.96,24.919,52.891,18.419,39.668,14.735,33.729,0,Agtron 45
13.965,40.544,26.67,56.03,20.689,42.956,16.384,35.915,0,Agtron 55
13.872,40.481,26.195,55.371,20.125,42.083,15.957,35.274,0,Agtron 55
13.659,40.176,25.902,55.404,20.012,42.213,15.874,35.363,0,Agtron 55
13.66,39.525,25.851,55.053,19.985,42.107,15.887,35.324,0,Agtron 55
14.166,41.254,26.426,55.676,20.554,42.788,16.322,35.878,0,Agtron 55
13.199,38.336,26.233,55.39,20.589,42.687,16.4,35.816,0,Agtron 55
13.608,38.799,26.564,55.687,20.957,43.024,16.639,35.929,0,Agtron 55
14.003,39.839,26.834,55.512,21.081,43.058,16.77,36.016,0,Agtron 55
13.65,38.886,27.013,56.447,21.373,43.739,16.989,36.496,0,Agtron 55
14.069,39.215,28.032,58.593,22.237,45.133,17.52,37.109,0,Agtron 65
14.088,38.754,27.89,57.802,22.6,45.484,17.956,37.661,0,Agtron 65
12.8,36.117,26.444,56.744,21.446,45.252,17.056,37.63,0,Agtron 65
12.984,37.01,26.416,56.883,21.361,44.876,16.977,37.253,0,Agtron 65
12.67,36.461,26.204,56.668,20.971,44.152,16.631,36.593,0,Agtron 65
12.894,36.642,26.58,56.84,21.396,44.625,17.006,37.129,0,Agtron 65
12.5,35.775,26.311,57.251,21.695,45.652,17.282,37.951,0,Agtron 65
12.984,37.423,26.239,56.429,21.026,44.089,16.761,36.782,0,Agtron 65
13.208,37.641,26.028,56.371,21.343,44.864,17.027,37.375,0,Agtron 65
13.092,37.538,26.369,56.684,21.482,44.869,17.151,37.424,0,Agtron 65
13.231,37.873,26.08,56.454,21.093,44.497,16.806,37.062,0,Agtron 65
14.065,40.879,27.588,58.447,21.834,45.569,17.242,37.685,0,Agtron 65
13.902,40.648,26.312,56.818,20.602,43.937,16.294,36.428,0,Agtron 65
13.391,39.181,26.703,57.486,20.849,44.294,16.556,36.871,0,Agtron 65
13.562,39.58,27.113,58.099,21.291,44.971,16.879,37.332,0,Agtron 65
13.336,39.242,26.866,58.148,21.012,44.627,16.592,36.948,0,Agtron 65
13.442,39.95,26.242,57.109,20.541,44.035,16.282,36.655,0,Agtron 65
13.688,40.333,27.178,58.306,21.269,44.962,16.797,37.27,0,Agtron 65
13.745,40.373,26.785,57.637,20.944,44.269,16.602,36.826,0,Agtron 65
13.702,40.688,26.533,57.373,20.925,44.349,16.576,36.836,0,Agtron 65
13.355,39.318,26.942,57.916,21.302,44.794,16.879,37.186,0,Agtron 65
12.62,36.841,25.838,57.028,21.079,44.707,16.753,37.116,0,Agtron 65
12.874,37.441,26.513,57.583,21.28,44.657,16.914,37.108,0,Agtron 65
12.543,36.201,26.063,57.014,21.197,44.872,16.866,37.257,0,Agtron 65
12.676,35.565,27.402,58.947,22.859,47.624,18.068,38.995,0,Agtron 75
13.224,37.298,27.523,59.161,23.46,48.959,18.52,39.965,0,Agtron 75
13.563,38.854,27.432,59.248,22.411,47.11,17.609,38.453,0,Agtron 75
13.037,37.383,27.026,58.961,22.117,46.888,17.375,38.206,0,Agtron 75
12.917,36.605,27.247,59.113,21.881,46.562,17.192,38.017,0,Agtron 75
13.214,37.047,27.086,58.559,22.877,48.326,18.075,39.578,0,Agtron 75
12.67,35.911,26.616,58.375,21.863,46.624,17.249,38.191,0,Agtron 75
12.845,36.133,27.145,58.596,22.478,47.631,17.695,38.853,0,Agtron 75
12.802,36.171,27.245,58.966,22.05,46.778,17.299,38.142,0,Agtron 75
12.07,33.922,26.623,58.001,22.137,47.091,17.51,38.568,0,Agtron 75
12.461,34.851,26.951,58.419,22.28,47.077,17.606,38.497,0,Agtron 75
12.356,34.601,27.81,59.04,22.382,46.913,17.569,38.348,0,Agtron 75
20.184,49.257,24.962,52.495,16.048,38.338,13.651,34.603,1,Agtron 25
12.722,38.288,29.079,60.225,16.181,38.143,13.398,34.193,1,Agtron 25
18.912,47.491,25.045,53.397,15.728,37.891,13.362,34.194,1,Agtron 25
13.083,38.858,29.802,60.802,16.498,38.382,13.615,34.333,1,Agtron 25
19.414,48.355,25.194,53.397,15.783,38.024,13.413,34.333,1,Agtron 25
12.489,37.845,29.54,60.46,16.391,38.263,13.552,34.285,1,Agtron 25
19.136,47.975,25.728,53.751,16.08,38.231,13.631,34.504,1,Agtron 25
12.768,38.312,29.812,60.954,16.438,38.374,13.588,34.376,1,Agtron 25
19.462,48.159,25.87,54.021,16.333,38.429,13.885,34.693,1,Agtron 25
12.851,38.41,29.295,59.651,16.851,38.813,13.949,34.765,1,Agtron 25
19.781,48.854,25.436,53.568,16.204,38.409,13.799,34.754,1,Agtron 25
12.665,38.159,28.642,59.166,16.248,38.209,13.468,34.232,1,Agtron 25
19.594,48.681,24.313,52.348,15.473,37.493,13.179,33.879,1,Agtron 25
12.963,38.742,29.159,59.626,16.511,38.363,13.663,34.327,1,Agtron 25
19.564,48.562,24.614,52.729,15.671,37.809,13.33,34.13,1,Agtron 25
12.722,38.046,29.598,60.286,16.758,38.664,13.846,34.547,1,Agtron 25
20.473,49.729,24.537,52.572,15.492,37.656,13.174,33.992,1,Agtron 25
13.39,39.537,29.666,60.606,16.581,38.446,13.678,34.388,1,Agtron 25
19.692,48.601,24.767,52.637,16.154,38.401,13.729,34.638,1,Agtron 25
13.252,39.279,29.082,59.732,16.462,38.306,13.581,34.191,1,Agtron 25
20.18,49.199,24.502,52.268,16.238,38.696,13.842,34.925,1,Agtron 25
13.093,38.946,28.735,59.295,16.534,38.693,13.709,34.633,1,Agtron 25
19.538,48.464,24.472,52.611,15.655,38.067,13.324,34.39,1,Agtron 25
13.288,39.183,29.099,59.895,16.517,38.682,13.657,34.607,1,Agtron 25
11.627,36.389,33.658,66.694,18.028,39.49,14.208,34.221,1,Agtron 35
11.956,36.886,34.925,69.156,18.619,40.121,14.543,34.6,1,Agtron 35
11.387,36.352,33.107,66.729,17.543,38.929,13.802,33.763,1,Agtron 35
11.264,35.76,34.025,68.711,17.925,39.412,14.002,33.972,1,Agtron 35
11.205,35.841,32.975,66.407,17.602,39.063,13.853,33.821,1,Agtron 35
11.223,35.818,33.456,68.137,17.757,39.262,13.88,33.859,1,Agtron 35
11.497,35.514,30.57,61.412,18.284,40.513,14.654,34.974,1,Agtron 35
12.081,36.051,31.793,63.564,18.905,41.178,15.03,35.311,1,Agtron 35
12.991,38.741,34.533,67.962,18.606,39.533,14.596,34.045,1,Agtron 35
11.521,36.782,33.484,66.823,17.916,38.695,14.309,33.881,1,Agtron 35
12.631,38.451,34.123,67.811,18.825,39.942,14.905,34.715,1,Agtron 35
12.658,38.742,32.926,65.395,18.126,38.878,14.409,33.786,1,Agtron 35
12.899,38.981,34.158,67.983,18.594,39.491,14.635,34.09,1,Agtron 35
12.708,38.85,33.33,65.962,18.052,38.839,14.314,33.764,1,Agtron 35
12.647,38.47,33.662,67.592,18.229,39.254,14.354,33.944,1,Agtron 35
12.617,38.561,33.946,66.594,18.448,39.204,14.603,34.026,1,Agtron 35
12.509,38.234,34.196,67.838,18.682,39.691,14.739,34.354,1,Agtron 35
12.262,37.794,33.382,66.348,18.232,39.141,14.485,34.034,1,Agtron 35
12.579,38.322,34.196,67.942,19.058,40.301,15.051,34.875,1,Agtron 35
12.432,38.328,33.303,66.346,17.93,38.814,14.224,33.781,1,Agtron 35
12.549,38.185,35.064,68.991,18.98,39.961,14.94,34.6,1,Agtron 35
12.612,38.538,33.707,66.438,18.493,39.535,14.691,34.393,1,Agtron 35
12.567,38.548,34.277,67.982,18.93,40.043,14.929,34.638,1,Agtron 35
12.218,37.896,33.533,66.317,18.295,39.115,14.569,34.132,1,Agtron 35
12.581,38.369,34.941,68.519,19.217,40.276,15.16,34.859,1,Agtron 35
12.414,38.492,33.45,66.327,18.39,39.427,14.62,34.344,1,Agtron 35
12.036,36.302,37.011,72.61,19.202,41.149,14.686,34.607,1,Agtron 45
12.187,36.564,37.661,73.084,19.481,41.316,14.899,34.799,1,Agtron 45
12.151,36.46,37.153,72.746,19.128,40.966,14.674,34.641,1,Agtron 45
11.984,36.173,37.701,72.877,19.859,41.803,15.205,35.164,1,Agtron 45
11.934,36.126,36.963,72.579,19.305,41.298,14.84,34.919,1,Agtron 45
11.85,36.133,37.344,73.014,19.339,41.181,14.772,34.616,1,Agtron 45
11.608,35.81,36.041,71.929,18.494,40.286,14.158,33.964,1,Agtron 45
11.847,36.148,37.684,73.416,19.092,40.733,14.501,34.117,1,Agtron 45
11.724,36.016,36.264,71.914,18.726,40.533,14.335,34.152,1,Agtron 45
11.818,34.451,36.006,69.093,21.054,43.672,16.443,36.879,1,Agtron 45
11.65,34.372,34.338,67.348,20.261,42.975,15.881,36.284,1,Agtron 45
11.417,33.896,34.666,68.184,19.942,42.443,15.544,35.757,1,Agtron 45
12.153,36.212,37.445,73.014,20.43,42.506,15.634,35.518,1,Agtron 55
12.32,35.885,40.214,74.978,22.273,44.514,17.037,37.221,1,Agtron 55
12.324,35.168,35.898,69.032,21.952,44.801,17.112,37.535,1,Agtron 55
12.257,35.268,35.238,68.398,21.233,44.16,16.535,37.04,1,Agtron 55
12.139,35.01,35.071,68.513,21.163,44.144,16.478,36.972,1,Agtron 55
12.039,35.004,35.493,69.219,21.009,43.887,16.333,36.834,1,Agtron 55
12.085,34.88,35.38,68.826,21.483,44.372,16.754,37.219,1,Agtron 55
11.888,35.657,38.075,73.313,21.146,43.445,16.193,36.298,1,Agtron 55
11.786,35.603,37.205,73.139,20.493,42.64,15.677,35.655,1,Agtron 55
11.937,36.07,37.29,73.045,20.157,42.36,15.373,35.406,1,Agtron 55
11.865,35.924,37.346,73.412,20.39,42.556,15.556,35.527,1,Agtron 55
11.685,35.118,38.521,73.843,21.517,43.818,16.458,36.617,1,Agtron 55
11.78,35.46,37.943,73.65,21.142,43.461,16.197,36.382,1,Agtron 55
11.67,35.353,37.841,73.427,20.892,43.177,15.996,36.188,1,Agtron 55
11.471,35.198,36.337,72.601,20.099,42.386,15.441,35.579,1,Agtron 55
11.459,34.981,37.775,73.594,20.77,42.996,15.896,36.019,1,Agtron 55
11.485,35.303,36.081,72.538,19.968,42.381,15.344,35.583,1,Agtron 55
11.213,34.563,37.306,73.612,20.264,42.533,15.528,35.731,1,Agtron 55
11.258,34.474,36.981,73.16,20.695,43.039,15.918,36.164,1,Agtron 55
11.206,34.385,37.764,73.924,20.838,43.278,15.964,36.32,1,Agtron 55
11.483,34.835,35.726,71.219,22.374,46.061,17.47,38.479,1,Agtron 65
11.741,34.977,37.198,72.329,23.168,46.659,18.051,38.929,1,Agtron 65
11.75,34.617,37.644,72.504,23.959,47.466,18.712,39.643,1,Agtron 65
11.759,34.805,38.161,73.332,23.902,47.48,18.617,39.63,1,Agtron 65
11.703,34.885,36.827,71.941,23.254,46.876,18.168,39.167,1,Agtron 65
11.794,35.05,37.086,72.293,23.11,46.703,18.01,38.962,1,Agtron 65
12.039,35.287,38.278,73.347,23.74,47.097,18.419,39.186,1,Agtron 65
11.646,34.667,37.519,72.712,23.498,47.034,18.326,39.299,1,Agtron 65
11.759,34.848,37.184,72.211,23.639,47.326,18.462,39.525,1,Agtron 65
11.72,34.922,36.786,72.044,23.035,46.772,17.953,39.065,1,Agtron 65
11.628,34.877,36.263,71.645,22.864,46.499,17.857,38.881,1,Agtron 65
11.761,35.015,36.774,72.145,22.992,46.58,17.934,38.935,1,Agtron 65
11.411,34.749,35.031,70.319,22.183,45.879,17.345,38.366,1,Agtron 65
11.621,34.968,35.793,71.082,22.498,46.226,17.57,38.652,1,Agtron 65
11.525,34.703,35.017,69.874,22.508,46.324,17.716,38.857,1,Agtron 65
11.565,34.765,35.398,70.508,21.988,45.327,17.278,38.087,1,Agtron 65
11.701,34.709,35.671,70.295,23.028,46.686,18.146,39.193,1,Agtron 65
11.844,34.919,36.735,71.228,23.299,46.61,18.337,39.173,1,Agtron 65
11.77,34.956,35.745,70.516,23.019,46.793,18.113,39.251,1,Agtron 65
11.737,35.126,35.66,70.682,22.184,45.538,17.421,38.262,1,Agtron 65
11.571,34.756,35.166,70.093,22.532,46.295,17.723,38.815,1,Agtron 65
11.802,35.261,35.713,70.555,22.386,45.781,17.606,38.481,1,Agtron 65
11.531,34.773,35.429,70.471,22.393,46.055,17.587,38.631,1,Agtron 65
11.574,34.729,35.715,70.567,22.401,45.777,17.58,38.383,1,Agtron 65
11.602,34.759,35.346,70.212,22.532,46.236,17.722,38.759,1,Agtron 65
12.212,35.518,36.499,71.025,22.753,45.902,17.866,38.548,1,Agtron 65
11.849,34.871,35.448,69.875,22.658,46.245,17.851,38.748,1,Agtron 65
11.866,35.155,35.291,69.851,21.938,45.087,17.243,37.813,1,Agtron 65
11.441,34.53,34.228,68.807,24.24,49.799,19.098,41.392,1,Agtron 75
10.895,33.411,34.03,68.8,23.854,49.262,18.764,40.875,1,Agtron 75
11.144,34.009,33.45,67.891,23.746,49.261,18.709,40.874,1,Agtron 75
11.517,34.728,34.12,68.573,23.915,49.311,18.785,40.863,1,Agtron 75
11.664,34.888,34.722,69.257,24.058,49.308,18.849,40.819,1,Agtron 75
11.686,34.959,34.478,68.779,24.377,49.937,19.122,41.322,1,Agtron 75
11.412,34.55,34.573,69.183,24.084,49.359,18.878,40.861,1,Agtron 75
11.526,34.754,33.838,68.421,23.643,49.01,18.548,40.571,1,Agtron 75
11.561,34.781,34.454,68.881,24.063,49.348,18.879,40.835,1,Agtron 75
11.408,34.505,34.221,68.617,24.098,49.397,18.944,40.939,1,Agtron 75
11.532,34.753,34.601,69.392,23.681,48.92,18.513,40.427,1,Agtron 75
10.894,33.389,33.972,68.609,24.063,49.6,18.984,41.26,1,Agtron 75
11.209,33.881,34.762,69.347,24.409,49.613,19.253,41.275,1,Agtron 75
11.115,33.803,34.182,68.671,24.268,49.644,19.111,41.18,1,Agtron 75
14.802,41.871,22.376,48.766,13.743,36.473,11.7,32.315,0,Agtron 25
16.43,44.569,22.186,48.367,13.315,36.055,11.284,31.765,0,Agtron 25
15.7,43.311,22.007,48.054,12.992,35.566,11.007,31.248,0,Agtron 25
16.562,44.536,22.424,48.46,13.712,36.618,11.612,32.146,0,Agtron 25
16.48,44.506,21.842,47.688,13.44,36.216,11.367,31.733,0,Agtron 25
16.771,44.919,22.253,48.196,13.157,36.002,11.121,31.568,0,Agtron 25
5.889,21.64,30.969,64.255,14.786,37.139,12.371,33.807,0,Agtron 25
5.857,21.486,31.194,64.552,15.117,37.795,12.643,34.439,0,Agtron 25
5.851,21.354,31.222,64.423,15.216,37.649,12.727,34.232,0,Agtron 25
7.527,25.741,28.267,60.132,14.843,37.789,12.704,34.687,0,Agtron 25
8.071,27.442,27.281,58.644,14.239,37.244,12.218,34.26,0,Agtron 25
8.026,27.099,27.94,59.319,14.429,37.349,12.356,34.328,0,Agtron 25
7.401,25.537,27.752,59.802,14.196,37.331,12.145,34.253,0,Agtron 25
7.767,26.299,28.059,59.859,14.717,37.861,12.607,34.796,0,Agtron 25
8.6,28.907,26.586,57.349,14.679,38.09,12.605,34.966,0,Agtron 25
10.254,32.182,24.794,54.984,13.537,36.384,11.734,33.535,0,Agtron 25
8.585,28.439,30.381,61.736,16.926,39.817,14.07,35.515,0,Agtron 35
5.195,18.085,34.22,69.394,16.516,38.895,13.429,34.62,0,Agtron 35
6.255,21.798,33.258,67.595,16.407,38.654,13.454,34.593,0,Agtron 35
5.405,18.617,34.541,69.568,16.641,38.849,13.57,34.735,0,Agtron 35
6.619,22.757,32.703,66.671,16.38,38.643,13.511,34.669,0,Agtron 35
7.341,25.375,31.336,64.786,17.319,39.666,14.352,35.52,0,Agtron 35
13.557,39.169,25.64,53.934,15.909,38.644,13.256,33.539,0,Agtron 35
14.056,40.228,24.727,52.831,16.052,38.595,13.38,33.377,0,Agtron 35
13.575,38.889,25.926,54.409,16.553,38.651,13.828,33.601,0,Agtron 35
12.704,37.609,25.683,54.926,16.061,38.073,13.422,33.238,0,Agtron 35
13.19,38.247,25.954,54.468,17.016,39.146,14.253,34.155,0,Agtron 35
11.931,35.956,27.841,59.225,17.179,39.383,14.292,34.561,0,Agtron 35
11.91,35.852,27.463,58.412,16.849,38.976,13.993,34.049,0,Agtron 35
12.352,37.084,28.167,59.283,16.881,38.985,14.007,34.168,0,Agtron 35
11.46,35.7,29.124,61.206,17.21,39.24,14.264,34.658,0,Agtron 35
7.889,27.706,31.56,65.585,17.999,39.952,14.889,35.64,0,Agtron 35
6.12,22.321,31.65,66.272,17.685,40.046,14.585,35.805,0,Agtron 35
7.41,26.73,31.933,66.231,17.674,39.786,14.557,35.467,0,Agtron 35
9.497,32.239,30.122,63.64,17.162,39.412,14.192,35.041,0,Agtron 35
8.723,30.292,31.263,64.841,17.614,39.906,14.583,35.643,0,Agtron 35
6.411,22.589,32.063,67.662,19.262,43.472,15.953,38.838,0,Agtron 45
6.362,21.457,35.336,70.325,21.14,45.111,17.386,39.989,0,Agtron 45
6.238,21.961,32.074,67.721,19.104,43.216,15.784,38.579,0,Agtron 45
6.777,23.6,33.242,68.516,19.728,43.835,16.295,39.008,0,Agtron 45
6.5,22.463,33.02,68.367,19.617,43.376,16.187,38.581,0,Agtron 45
6.69,23.249,32.98,68.15,19.232,42.784,15.87,38.039,0,Agtron 45
6.902,24.22,31.404,66.706,18.701,42.534,15.482,37.872,0,Agtron 45
7.615,25.982,33.369,68.153,19.75,43.467,16.309,38.621,0,Agtron 45
7.449,25.712,31.561,66.593,19.009,42.848,15.751,38.179,0,Agtron 45
7.918,26.991,32.035,67.353,19.115,43.095,15.785,38.243,0,Agtron 45
7.969,27.169,31.437,66.455,18.865,42.807,15.638,38.075,0,Agtron 45
8.09,27.577,31.858,67.119,18.798,42.634,15.552,37.898,0,Agtron 45
8.416,28.464,30.929,65.898,18.683,42.634,15.5,37.88,0,Agtron 45
4.501,14.834,37.066,74.359,20.511,44.565,16.367,38.648,0,Agtron 55
4.421,14.1,37.091,73.965,20.772,44.509,16.583,38.613,0,Agtron 55
4.453,13.603,38.373,74.767,21.775,45.796,17.397,39.638,0,Agtron 55
4.657,14.869,38.112,74.365,21.635,45.569,17.3,39.561,0,Agtron 55
4.632,14.729,37.66,73.855,21.634,45.704,17.332,39.662,0,Agtron 55
4.58,14.255,38.302,74.566,21.615,45.401,17.265,39.353,0,Agtron 55
4.669,14.786,38.401,74.644,21.573,45.333,17.252,39.36,0,Agtron 55
4.595,14.053,39.087,75.371,21.765,45.291,17.326,39.212,0,Agtron 55
4.449,14.134,36.965,73.963,20.595,44.373,16.356,38.321,0,Agtron 55
4.512,14.287,36.427,73.238,20.714,44.678,16.527,38.643,0,Agtron 55
8.61,28.747,35.519,69.851,21.311,44.1,17.18,38.266,0,Agtron 55
9.917,31.643,34.869,68.643,20.796,43.556,16.805,37.723,0,Agtron 55
5.295,17.366,37.883,72.405,21.581,44.52,17.16,38.338,0,Agtron 55
5.014,15.743,38.662,73.15,21.991,44.908,17.457,38.571,0,Agtron 55
5.009,16.171,37.45,71.293,21.983,44.688,17.504,38.425,0,Agtron 55
4.957,15.873,37.862,71.687,22.093,44.685,17.581,38.426,0,Agtron 55
5.124,16.63,37.264,71.017,21.855,44.507,17.449,38.348,0,Agtron 55
5.277,17.404,37.069,70.848,21.996,44.63,17.567,38.457,0,Agtron 55
5.175,16.914,37.296,71.186,21.856,44.345,17.401,38.09,0,Agtron 55
4.933,15.756,37.777,71.785,22.045,44.706,17.517,38.349,0,Agtron 55
5.303,17.516,37.302,71.183,21.787,44.319,17.372,38.188,0,Agtron 55
5.299,17.379,37.87,71.585,22.217,44.777,17.701,38.483,0,Agtron 55
6.956,23.73,36.057,69.567,21.959,44.669,17.67,38.711,0,Agtron 55
5.038,16.361,37.456,71.621,21.804,44.558,17.331,38.28,0,Agtron 55
5.21,17.019,37.386,71.272,21.797,44.394,17.381,38.214,0,Agtron 55
5.619,18.8,37.049,70.965,21.783,44.296,17.399,38.228,0,Agtron 55
5.334,17.856,37.235,70.997,22.039,44.68,17.571,38.436,0,Agtron 55
5.005,16.202,37.544,71.438,22.113,44.89,17.612,38.584,0,Agtron 55
5.188,17.018,37.307,71.075,22.075,44.95,17.623,38.713,0,Agtron 55
11.763,34.938,34.234,68.744,23.191,46.899,18.816,40.35,0,Agtron 65
7.756,26.039,35.826,71.126,23.648,47.432,19.08,40.789,0,Agtron 65
7.549,25.374,35.283,70.629,23.429,47.377,18.896,40.721,0,Agtron 65
6.978,23.506,36.096,71.138,23.955,47.852,19.313,41.089,0,Agtron 65
6.634,22.138,36.819,71.932,24.167,48.066,19.486,41.296,0,Agtron 65
6.575,21.866,36.148,71.088,24.122,48.015,19.435,41.185,0,Agtron 65
10.393,32.26,35.052,69.54,23.977,47.825,19.497,41.277,0,Agtron 65
6.304,21.323,36.341,71.374,23.646,47.311,19.012,40.563,0,Agtron 65
6.903,23.22,35.623,70.614,23.474,47.24,18.956,40.679,0,Agtron 65
5.217,16.212,37.285,72.167,24.477,48.676,19.694,41.775,0,Agtron 65
4.845,14.592,37.947,72.985,24.48,48.588,19.542,41.433,0,Agtron 65
4.819,14.304,38.444,73.493,24.42,48.343,19.462,41.202,0,Agtron 65
4.824,14.105,38.384,73.106,24.96,49.216,19.984,42.04,0,Agtron 65
4.674,13.803,37.821,72.733,24.329,48.423,19.417,41.323,0,Agtron 65
4.789,13.996,38.175,72.824,24.982,49.263,19.995,42.086,0,Agtron 65
4.686,14.103,37.875,73.011,23.863,48.009,19.04,40.983,0,Agtron 65
4.741,14.159,37.8,72.85,24.269,48.549,19.397,41.478,0,Agtron 65
4.543,13.353,37.775,72.786,23.868,47.957,19.049,40.96,0,Agtron 65
4.576,12.622,38.483,73.194,24.758,48.97,19.788,41.799,0,Agtron 65
4.567,12.993,38.213,72.963,24.53,48.724,19.609,41.649,0,Agtron 65
4.522,12.446,37.992,73.065,23.952,48.054,19.183,41.178,0,Agtron 65
4.537,12.262,37.99,72.669,24.751,49.374,19.866,42.265,0,Agtron 65
4.603,12.49,38.829,73.786,24.616,48.76,19.704,41.78,0,Agtron 65
4.561,12.438,38.226,73.264,24.469,48.993,19.608,41.961,0,Agtron 65
4.509,12.439,37.82,72.648,24.318,48.582,19.511,41.647,0,Agtron 65
4.537,12.385,37.278,72.474,24.414,49.246,19.679,42.456,0,Agtron 65
4.507,12.504,37.821,73.192,23.848,48.364,19.132,41.556,0,Agtron 65
4.514,12.493,37.189,72.536,24.062,48.872,19.354,42.008,0,Agtron 65
4.546,12.291,38.098,73.705,23.865,48.45,19.115,41.551,0,Agtron 65
4.7,12.752,39.459,74.194,25.693,50.406,20.572,43.162,0,Agtron 65
4.562,12.53,37.14,72.456,24.244,49.173,19.557,42.442,0,Agtron 65
4.67,12.825,38.186,73.3,24.658,49.258,19.857,42.451,0,Agtron 65
4.556,12.259,37.979,73.251,24.454,49.211,19.667,42.358,0,Agtron 65
4.592,13.429,37.328,73.086,23.603,48.284,18.913,41.498,0,Agtron 65
4.511,12.933,36.817,73.147,24.853,50.753,19.748,42.955,0,Agtron 75
4.64,13.208,37.617,72.948,25.684,51.45,20.498,43.692,0,Agtron 75
4.628,13.032,37.806,73.342,26.113,52.109,20.762,43.984,0,Agtron 75
4.741,13.702,37.207,72.858,25.104,50.594,20.054,43.024,0,Agtron 75
4.605,13.186,37.471,73.165,25.123,50.642,20.009,42.922,0,Agtron 75
5.048,15.345,36.28,71.784,25.581,51.559,20.517,43.93,0,Agtron 75
10.571,32.907,33.147,67.647,23.242,48.121,18.952,41.427,0,Agtron 75
11.496,34.636,32.999,66.938,24.202,49.338,19.706,42.266,0,Agtron 75
12.229,36.115,32.258,66.364,22.47,47.102,18.29,40.385,0,Agtron 75
12.847,36.924,32.007,65.196,24.183,49.767,19.782,42.653,0,Agtron 75
13.001,37.277,31.911,65.463,22.459,47.09,18.316,40.332,0,Agtron 75
13.409,37.619,31.913,65.059,23.875,49.186,19.52,42.142,0,Agtron 75
13.484,37.891,31.704,64.908,22.567,47.307,18.413,40.5,0,Agtron 75
13.583,37.727,32.256,65.066,23.842,49.053,19.447,41.878,0,Agtron 75
13.657,37.788,31.776,64.979,22.381,47.052,18.252,40.234,0,Agtron 75
13.675,37.505,32.037,64.857,23.723,48.832,19.338,41.659,0,Agtron 75
13.825,37.735,32.558,65.566,22.319,46.777,18.157,39.928,0,Agtron 75
13.479,37.052,32.28,65.382,23.413,48.498,18.981,41.226,0,Agtron 75
11.199,35.258,20.79,49.691,13.705,38.293,11.757,33.835,0,Agtron 25
11.001,34.91,21.6,51.029,13.855,38.541,11.88,34.179,0,Agtron 25
8.644,28.673,25.402,57.982,14.291,38.806,12.274,35.047,0,Agtron 25
9.703,31.246,24.109,55.375,15.048,39.758,12.971,35.715,0,Agtron 25
11.034,32.975,20.726,49.901,14.338,38.861,12.422,34.665,0,Agtron 25
11.72,34.684,20.069,48.819,13.999,38.55,12.107,34.236,0,Agtron 25
20.038,46.992,19.978,46.881,13.873,38.84,11.651,32.854,0,Agtron 25
21.38,48.692,20.125,46.06,14.207,39.151,11.888,32.936,0,Agtron 25
11.332,34.422,28.383,57.489,18.834,42.905,15.505,36.456,0,Agtron 35
9.535,30.011,32.61,65.302,19.064,42.592,15.691,37.102,0,Agtron 35
10.59,32.176,31.568,62.264,19.044,42.793,15.672,36.819,0,Agtron 35
12.235,36.644,24.899,52.523,16.941,40.982,13.979,34.512,0,Agtron 35
11.99,36.216,24.003,51.511,16.04,39.926,13.311,33.722,0,Agtron 35
12.37,37.223,23.441,50.49,15.964,39.696,13.254,33.491,0,Agtron 35
11.466,35.371,24.692,52.523,16.095,39.719,13.322,33.636,0,Agtron 35
10.17,31.7,30.07,62.302,18.501,42.732,15.138,36.387,0,Agtron 45
10.543,32.5,31.372,63.535,18.68,42.578,15.24,36.26,0,Agtron 45
10.264,31.902,31.16,63.463,18.759,42.769,15.322,36.508,0,Agtron 45
10.132,31.848,31.973,64.944,19.337,43.679,15.783,37.451,0,Agtron 45
9.114,29.503,31.663,64.794,18.762,42.745,15.34,36.817,0,Agtron 45
8.822,28.755,32.514,65.945,18.922,43.0,15.481,37.157,0,Agtron 45
8.101,26.688,32.469,66.291,19.12,43.304,15.657,37.555,0,Agtron 45
6.819,21.885,35.171,71.478,21.554,46.147,17.527,40.163,0,Agtron 55
6.817,21.643,35.608,71.681,21.721,46.225,17.699,40.258,0,Agtron 55
6.604,21.276,35.306,71.874,21.25,45.718,17.269,39.829,0,Agtron 55
5.92,19.552,36.829,74.103,20.913,45.237,16.767,39.38,0,Agtron 55
6.037,19.861,37.085,73.715,21.03,45.17,16.876,39.197,0,Agtron 55
6.174,19.789,36.963,73.431,21.597,45.814,17.437,39.921,0,Agtron 55
6.243,19.072,41.522,77.351,23.716,47.497,19.031,41.344,0,Agtron 55
5.68,18.007,38.757,75.578,22.742,47.018,18.265,40.94,0,Agtron 55
6.816,20.677,39.231,75.574,24.15,48.857,19.561,42.507,0,Agtron 65
7.029,20.052,43.684,78.784,27.615,52.179,22.254,45.146,0,Agtron 65
7.054,19.984,44.833,79.162,28.874,53.286,23.293,46.208,0,Agtron 65
6.721,19.76,41.148,77.471,25.909,50.645,20.943,44.043,0,Agtron 65
6.535,19.045,42.758,78.888,26.945,51.932,21.736,45.084,0,Agtron 65
6.15,18.145,42.002,78.281,26.575,51.731,21.447,44.855,0,Agtron 65
6.144,18.129,42.689,79.188,26.686,51.575,21.451,44.733,0,Agtron 65
6.01,17.545,42.235,79.231,28.132,54.354,22.459,46.44,0,Agtron 75
5.733,16.399,42.453,79.768,27.511,53.137,21.876,45.361,0,Agtron 75
5.566,16.101,41.322,78.85,27.007,52.864,21.481,45.069,0,Agtron 75
5.878,17.67,39.788,77.615,26.679,53.081,21.346,45.464,0,Agtron 75
16.7,44.955,23.646,54.79,14.908,38.37,12.436,33.622,1,Agtron 25
17.629,46.663,22.625,53.749,14.07,37.074,11.739,32.487,1,Agtron 25
17.251,45.766,23.618,54.768,14.639,37.873,12.193,33.179,1,Agtron 25
18.288,47.36,22.459,53.491,13.912,36.937,11.634,32.388,1,Agtron 25
11.509,36.818,26.329,58.053,16.605,39.786,13.679,34.838,1,Agtron 25
11.201,36.358,26.162,57.89,16.35,39.377,13.422,34.449,1,Agtron 25
11.07,36.286,26.192,57.845,16.011,38.852,13.093,33.827,1,Agtron 25
10.562,33.488,30.952,62.762,19.398,41.948,15.462,35.963,1,Agtron 35
10.5,33.559,30.533,62.889,19.006,41.75,15.192,35.969,1,Agtron 35
10.834,34.182,31.32,62.948,19.92,42.376,15.943,36.53,1,Agtron 35
10.988,34.241,31.783,64.484,20.54,43.748,16.312,37.493,1,Agtron 35
10.809,33.774,33.001,65.871,20.204,42.829,15.969,36.612,1,Agtron 35
10.495,33.209,31.361,64.336,19.522,42.244,15.512,36.208,1,Agtron 35
10.789,33.925,31.887,64.65,19.719,42.327,15.617,36.219,1,Agtron 35
11.42,33.975,36.64,69.069,24.077,47.056,18.884,39.807,1,Agtron 45
11.572,33.908,36.923,68.479,25.332,48.377,19.938,40.859,1,Agtron 45
11.405,33.529,37.863,68.945,25.847,48.788,20.259,41.023,1,Agtron 45
11.651,33.784,38.336,69.48,26.272,49.173,20.646,41.5,1,Agtron 45
11.382,33.456,38.056,71.62,25.734,48.94,20.112,41.162,1,Agtron 55
11.95,34.129,39.577,72.265,27.747,51.067,21.739,42.991,1,Agtron 55
11.936,33.938,40.245,72.616,28.224,51.228,22.077,43.044,1,Agtron 55
11.671,33.339,40.225,72.932,28.153,51.392,22.017,43.159,1,Agtron 55
10.418,30.952,37.354,72.117,25.984,50.041,20.475,41.97,1,Agtron 65
10.673,31.455,37.76,72.59,26.298,50.252,20.719,42.188,1,Agtron 65
10.582,30.838,37.805,72.054,26.772,50.633,21.178,42.586,1,Agtron 65
10.101,30.607,35.542,70.186,25.297,49.829,19.988,41.868,1,Agtron 65
10.527,31.479,36.595,71.166,25.741,49.971,20.26,41.933,1,Agtron 65
10.49,31.302,36.967,71.477,25.927,50.154,20.441,42.171,1,Agtron 65
10.269,30.817,35.797,70.177,25.514,49.811,20.145,41.776,1,Agtron 65
10.269,30.817,35.797,70.177,25.514,49.811,20.145,41.776,1,Agtron 65
11.487,33.234,36.482,70.365,28.846,54.603,22.81,45.539,1,Agtron 75
11.279,32.189,37.849,71.141,30.108,55.189,23.866,46.093,1,Agtron 75
11.395,32.819,36.357,69.955,29.461,55.094,23.359,45.94,1,Agtron 75
12.067,33.493,40.446,73.198,32.275,57.267,25.412,47.589,1,Agtron 75
10.062,28.91,20.679,47.848,31.951,55.0,27.404,48.36,1,Agtron 65
11.207,32.123,19.974,46.421,33.226,56.224,28.596,49.582,1,Agtron 65
9.947,28.976,20.428,47.564,32.7,55.911,28.136,49.273,1,Agtron 65
8.467,27.238,24.403,49.675,31.883,54.723,26.667,47.187,1,Agtron 65
8.827,27.744,24.317,49.868,31.67,54.187,26.535,46.857,1,Agtron 65
9.98,30.148,28.84,52.858,37.292,56.806,30.677,48.145,1,Agtron 65
9.883,28.816,21.678,47.647,30.978,53.182,26.478,46.77,1,Agtron 65
10.289,30.441,21.179,47.145,30.512,53.167,26.059,46.737,1,Agtron 65
9.922,29.625,21.258,46.817,30.724,53.622,26.269,47.177,1,Agtron 65
8.269,27.143,21.566,48.279,27.76,51.252,23.396,44.639,1,Agtron 65
8.488,26.626,21.855,49.245,31.579,55.319,26.752,48.211,1,Agtron 65
7.963,25.81,21.889,49.568,29.875,53.574,25.154,46.461,1,Agtron 65
8.852,28.088,22.353,50.001,31.463,55.193,26.499,47.843,1,Agtron 65
8.282,26.131,22.629,50.347,32.133,55.697,27.1,48.338,1,Agtron 65
8.001,26.638,23.044,50.987,30.178,53.762,25.182,46.345,1,Agtron 65
9.33,29.156,17.665,41.791,27.09,50.799,23.519,45.324,1,Agtron 65
9.041,28.625,17.86,42.3,27.357,51.166,23.722,45.598,1,Agtron 65
9.177,28.94,18.05,42.358,27.248,50.874,23.598,45.274,1,Agtron 65
8.709,28.275,18.607,43.154,26.992,50.845,23.24,45.123,1,Agtron 65
9.676,30.26,18.152,42.275,27.131,51.064,23.464,45.462,1,Agtron 65
7.713,26.534,18.577,41.952,25.354,48.29,21.671,42.631,1,Agtron 55
7.663,26.866,18.373,41.905,24.935,48.038,21.267,42.307,1,Agtron 55
7.758,27.06,18.793,43.083,23.927,46.984,20.363,41.417,1,Agtron 55
7.552,26.16,18.824,42.265,25.796,49.058,21.992,43.229,1,Agtron 55
7.085,25.609,18.212,43.224,23.284,46.907,19.742,41.261,1,Agtron 55
6.902,25.216,18.199,43.272,23.89,47.946,20.272,42.2,1,Agtron 55
6.946,25.626,18.888,44.326,24.181,48.042,20.382,42.049,1,Agtron 55
6.555,24.209,18.154,43.356,23.477,47.439,19.885,41.688,1,Agtron 55
9.291,29.211,20.418,45.192,27.613,50.109,23.478,43.963,1,Agtron 55
8.169,27.409,19.723,45.461,25.422,48.727,21.513,42.672,1,Agtron 55
8.932,28.008,19.932,44.884,27.466,50.143,23.436,44.115,1,Agtron 55
8.94,28.15,19.761,44.447,27.403,50.095,23.406,44.109,1,Agtron 55
8.979,28.838,21.588,46.459,29.664,52.597,25.114,46.029,1,Agtron 55
8.14,28.103,21.437,45.31,26.672,49.269,22.337,42.812,1,Agtron 55
7.82,26.824,21.936,45.825,27.324,49.986,22.893,43.438,1,Agtron 55
7.991,27.135,21.65,45.675,27.161,49.644,22.801,43.215,1,Agtron 55
7.86,27.223,22.948,47.107,28.141,50.687,23.409,43.768,1,Agtron 55
7.881,27.914,22.177,45.737,27.388,50.378,22.78,43.503,1,Agtron 55
7.801,26.604,22.129,46.575,27.866,50.518,23.34,43.877,1,Agtron 55
12.117,31.413,21.411,49.086,36.131,58.319,31.268,51.59,1,Agtron 75
9.886,27.876,22.504,50.871,35.655,57.987,30.554,50.823,1,Agtron 75
11.729,31.332,21.494,49.264,36.35,58.588,31.402,51.707,1,Agtron 75
11.849,31.689,21.591,49.295,36.537,58.682,31.55,51.788,1,Agtron 75
9.813,28.732,24.967,52.482,36.324,58.18,30.652,50.332,1,Agtron 75
9.564,28.117,24.293,51.365,35.53,57.669,29.99,49.902,1,Agtron 75
10.091,28.602,23.934,51.116,35.239,57.206,29.914,49.746,1,Agtron 75
10.65,29.134,24.86,51.903,37.532,58.963,31.86,51.23,1,Agtron 75
13.719,33.371,23.171,51.459,41.154,61.381,35.682,54.132,1,Agtron 75
14.337,34.2,23.223,51.216,42.307,61.98,36.755,54.702,1,Agtron 75
14.498,34.199,22.824,50.811,42.255,62.078,36.818,54.937,1,Agtron 75
14.322,33.349,23.864,51.853,44.085,63.782,38.351,56.396,1,Agtron 75
7.065,26.475,16.77,39.183,22.558,45.798,19.292,40.495,1,Agtron 45
7.023,26.542,17.191,39.571,21.842,44.499,18.612,39.286,1,Agtron 45
6.98,26.39,16.989,39.461,22.333,45.453,19.046,40.096,1,Agtron 45
7.394,27.499,16.491,38.837,22.042,44.838,18.88,39.698,1,Agtron 45
8.366,28.74,18.362,42.147,24.158,46.831,20.575,41.199,1,Agtron 45
8.222,28.254,18.687,42.16,24.718,47.552,21.05,41.848,1,Agtron 45
7.729,26.963,18.373,42.091,24.626,47.812,20.993,42.14,1,Agtron 45
8.027,28.2,18.373,41.948,24.357,47.394,20.725,41.714,1,Agtron 45
8.073,28.262,21.529,44.317,25.929,48.276,21.731,41.992,1,Agtron 45
7.717,27.355,20.752,43.617,24.935,47.355,20.968,41.259,1,Agtron 45
7.463,27.017,20.22,42.877,23.822,46.192,20.047,40.317,1,Agtron 45
7.512,26.853,21.539,44.401,25.335,47.576,21.194,41.316,1,Agtron 45
5.571,23.744,15.376,36.379,18.622,41.108,15.861,36.116,1,Agtron 35
6.272,25.534,15.018,35.478,20.151,43.206,17.353,38.374,1,Agtron 35
6.162,25.559,15.29,36.139,20.11,43.254,17.216,38.198,1,Agtron 35
5.549,23.999,15.19,35.739,18.847,41.434,16.104,36.565,1,Agtron 35
4.996,23.54,12.814,32.004,15.784,37.692,13.523,33.081,1,Agtron 35
4.902,23.167,12.954,32.116,15.905,37.65,13.625,33.016,1,Agtron 35
4.81,23.026,12.825,31.939,15.603,37.34,13.356,32.739,1,Agtron 35
5.847,26.206,13.259,32.577,16.094,37.681,13.781,33.069,1,Agtron 35
5.452,25.212,12.855,32.207,15.555,37.22,13.308,32.644,1,Agtron 35
5.455,24.017,14.675,35.341,17.808,40.198,15.172,35.323,1,Agtron 35
5.725,25.011,14.569,34.718,17.641,39.626,15.039,34.753,1,Agtron 35
5.681,24.585,14.381,34.695,18.033,40.449,15.434,35.632,1,Agtron 35
5.569,24.117,14.823,35.189,18.698,41.246,16.001,36.34,1,Agtron 35
5.494,23.937,14.763,35.288,17.618,39.601,15.022,34.79,1,Agtron 35
9.241,35.907,10.505,28.446,13.423,34.547,11.646,30.499,1,Agtron 25
8.558,34.745,10.156,27.927,12.862,33.892,11.131,29.855,1,Agtron 25
8.568,34.328,9.87,27.175,13.087,34.244,11.435,30.49,1,Agtron 25
8.757,35.136,10.328,28.095,12.779,33.491,11.048,29.5,1,Agtron 25
9.128,35.602,10.189,27.663,12.866,33.578,11.179,29.68,1,Agtron 25
15.986,42.934,6.959,23.667,11.676,32.433,10.392,28.902,1,Agtron 25
14.649,41.208,6.626,23.319,11.026,31.491,9.804,28.017,1,Agtron 25
15.846,43.392,6.76,23.634,11.157,31.595,9.913,28.053,1,Agtron 25
14.496,41.356,6.572,23.636,11.027,31.543,9.817,28.062,1,Agtron 25
7.164,30.95,10.795,28.217,13.434,33.643,11.66,29.681,1,Agtron 25
7.582,31.959,11.122,28.627,13.922,34.489,12.07,30.45,1,Agtron 25
6.929,30.599,11.055,28.918,12.954,33.019,11.168,28.993,1,Agtron 25
6.548,29.006,11.313,29.199,13.338,33.361,11.551,29.401,1,Agtron 25
7.552,32.088,10.754,28.163,12.974,33.048,11.243,29.152,1,Agtron 25
12.724,39.326,31.246,62.909,13.124,33.981,10.5,29.574,1,Agtron 25
11.261,36.378,31.263,63.294,12.742,33.505,10.2,29.199,1,Agtron 25
11.724,37.114,30.723,63.037,13.184,34.156,10.557,29.756,1,Agtron 25
12.078,37.852,32.547,64.396,13.364,34.391,10.698,30.044,1,Agtron 25
12.348,38.503,31.106,63.059,13.264,33.805,10.58,29.417,1,Agtron 25
7.79,27.426,34.18,69.288,15.996,35.861,12.025,29.888,1,Agtron 35
7.606,27.428,33.348,68.774,16.032,36.228,11.991,30.03,1,Agtron 35
7.468,27.01,34.365,69.795,15.889,35.621,11.841,29.477,1,Agtron 35
7.614,27.303,34.27,69.721,15.733,35.446,11.76,29.47,1,Agtron 35
8.125,28.616,32.041,65.555,14.76,34.463,11.308,29.195,1,Agtron 35
8.037,28.389,32.728,66.161,14.854,34.47,11.371,29.235,1,Agtron 35
7.834,27.572,33.611,67.619,14.631,34.069,11.197,28.941,1,Agtron 35
8.524,29.541,31.021,64.504,14.208,33.879,10.983,28.906,1,Agtron 35
8.516,29.711,39.525,73.557,18.667,38.614,13.718,31.559,1,Agtron 35
8.85,30.138,40.967,75.081,18.54,38.426,13.643,31.666,1,Agtron 35
8.303,28.926,39.908,74.167,18.693,38.882,13.701,31.766,1,Agtron 35
9.287,31.849,39.969,73.88,17.969,37.724,13.188,31.008,1,Agtron 35
7.571,25.879,41.967,75.905,23.664,44.658,17.125,35.303,1,Agtron 45
7.658,25.784,40.879,74.998,22.44,43.027,16.308,34.064,1,Agtron 45
7.358,25.372,40.656,74.813,21.786,42.13,15.799,33.369,1,Agtron 45
8.029,27.227,38.847,73.629,21.654,42.559,15.793,33.88,1,Agtron 45
8.492,29.603,36.017,71.562,19.443,41.098,14.236,32.777,1,Agtron 45
9.017,31.156,36.788,72.013,18.608,39.604,13.581,31.719,1,Agtron 45
8.726,30.64,37.077,72.58,18.14,38.808,13.238,31.115,1,Agtron 45
7.703,27.351,37.537,73.377,18.707,39.615,13.642,31.718,1,Agtron 45
7.855,26.542,37.21,72.935,21.935,43.789,16.014,34.318,1,Agtron 55
7.174,24.432,36.868,72.938,21.557,43.559,15.748,34.231,1,Agtron 55
7.528,25.733,37.076,73.102,21.577,43.266,15.709,33.812,1,Agtron 55
7.785,26.482,36.55,72.95,20.98,43.225,15.33,34.063,1,Agtron 55
7.05,24.328,41.429,75.756,23.401,44.608,16.761,34.751,1,Agtron 55
7.956,26.886,40.118,74.579,23.582,45.078,16.975,35.096,1,Agtron 55
7.614,25.768,40.669,74.937,23.288,44.356,16.739,34.59,1,Agtron 55
7.42,24.965,37.185,73.578,24.133,47.771,17.717,37.267,1,Agtron 65
7.471,25.099,37.421,73.447,24.732,48.598,18.201,37.824,1,Agtron 65
7.588,25.959,36.971,72.946,23.297,46.962,17.033,36.445,1,Agtron 65
7.157,24.993,37.235,72.999,23.815,47.469,17.433,36.812,1,Agtron 65
7.841,25.901,40.885,75.794,26.462,49.255,19.242,38.072,1,Agtron 65
8.418,27.242,40.151,75.237,26.015,48.862,18.949,37.81,1,Agtron 65
7.633,24.44,41.168,75.992,27.202,50.158,19.855,38.815,1,Agtron 65
8.314,26.649,40.013,74.794,26.676,49.862,19.516,38.533,1,Agtron 65
8.376,26.405,42.307,76.53,28.048,50.609,20.466,39.178,1,Agtron 65
7.971,25.13,41.981,76.539,27.565,50.213,20.088,38.836,1,Agtron 65
7.822,26.108,36.703,73.669,22.013,44.465,16.178,34.953,1,Agtron 65
7.237,25.208,37.937,74.552,22.834,45.495,16.647,35.501,1,Agtron 65
9.346,27.752,41.415,75.714,32.561,57.844,24.062,44.047,1,Agtron 75
8.602,26.13,42.539,76.393,32.094,56.136,23.649,42.804,1,Agtron 75
8.378,25.46,44.094,77.328,32.719,56.504,23.942,42.954,1,Agtron 75
8.755,26.578,42.077,75.75,32.155,56.461,23.769,43.127,1,Agtron 75
8.488,25.534,43.428,76.868,33.543,57.904,24.675,44.016,1,Agtron 75
8.865,26.0,43.747,76.792,33.236,57.155,24.458,43.568,1,Agtron 75
8.312,25.189,42.883,76.275,33.133,57.535,24.409,43.851,1,Agtron 75
2.429,11.891,12.85,33.909,10.064,30.012,8.792,27.48,1,Agtron 25
7.199,27.547,6.613,20.586,12.538,36.881,11.696,34.656,1,Agtron 25
2.457,10.593,17.32,44.206,12.292,32.926,10.164,28.764,1,Agtron 35
3.306,13.469,17.374,40.737,14.936,36.422,12.907,32.805,1,Agtron 35
3.326,15.145,20.195,50.683,15.656,39.244,12.591,33.232,1,Agtron 45
3.374,13.632,20.015,46.526,16.873,39.477,14.131,34.609,1,Agtron 45
4.717,21.134,20.97,52.29,17.822,42.709,14.439,36.365,1,Agtron 55
3.862,15.593,21.475,50.527,18.612,42.274,15.325,36.41,1,Agtron 55
21.287,52.216,23.764,54.778,42.755,67.328,38.231,62.699,1,Agtron 65
6.286,23.743,22.941,52.736,22.406,46.265,18.871,40.577,1,Agtron 65
28.891,60.271,26.098,57.258,56.087,69.36,50.914,64.823,1,Agtron 75
15.254,41.763,25.331,55.964,42.146,63.684,37.861,59.384,1,Agtron 75
2.292,8.707,11.782,31.302,8.823,26.133,7.792,23.872,0,Agtron 25
5.391,22.135,4.144,14.532,7.204,23.812,6.904,22.896,0,Agtron 25
2.308,6.129,17.544,44.411,11.018,29.962,9.244,26.357,0,Agtron 35
2.519,6.753,14.8,35.899,12.287,32.917,10.771,29.909,0,Agtron 35
2.41,6.124,19.972,49.897,13.506,34.85,11.009,29.56,0,Agtron 45
2.767,6.753,19.279,45.449,14.615,36.736,12.46,32.762,0,Agtron 45
2.413,6.124,20.179,50.458,14.298,36.539,11.606,30.799,0,Agtron 55
2.763,6.636,21.159,50.065,17.397,41.648,14.43,36.104,0,Agtron 55
2.486,6.262,22.212,54.8,15.813,39.376,12.605,32.503,0,Agtron 65
3.041,7.036,23.425,54.576,18.088,41.736,14.901,35.832,0,Agtron 65
3.096,7.129,23.531,54.596,21.388,48.137,17.57,40.897,0,Agtron 75
3.317,14.071,18.761,46.538,12.35,33.962,10.66,31.144,1,Agtron 25
10.252,31.855,11.248,34.05,11.803,35.096,11.043,33.517,1,Agtron 25
3.131,9.025,24.706,56.47,16.971,40.565,13.97,35.828,1,Agtron 35
3.416,10.665,21.902,50.077,17.063,40.697,14.68,37.146,1,Agtron 35
3.477,9.398,28.278,63.043,21.951,48.323,17.627,41.342,1,Agtron 45
3.731,10.267,26.362,58.006,20.192,45.017,16.849,40.067,1,Agtron 45
3.53,9.294,29.248,64.737,22.127,48.124,17.615,40.744,1,Agtron 55
3.92,9.874,29.936,64.469,23.579,49.284,19.057,42.373,1,Agtron 55
3.847,9.662,31.246,67.711,23.641,49.316,18.681,41.11,1,Agtron 65
4.392,10.621,32.063,67.186,24.574,49.035,19.791,41.625,1,Agtron 65
4.326,11.199,31.657,68.134,26.802,53.622,21.213,44.06,1,Agtron 75
4.609,10.86,32.967,68.354,26.539,51.783,21.202,43.105,1,Agtron 75
4.04,17.998,16.154,40.865,10.929,30.505,9.51,27.981,0,Agtron 25
10.621,32.968,10.075,32.618,10.446,31.52,9.773,30.107,0,Agtron 25
3.003,10.562,21.921,51.821,13.781,34.954,11.361,30.791,0,Agtron 35
3.445,13.499,19.178,45.834,13.889,35.581,11.909,32.329,0,Agtron 35
3.466,10.745,25.889,58.993,19.026,44.022,15.41,37.856,0,Agtron 45
3.439,11.723,23.321,53.615,16.788,40.318,13.956,35.72,0,Agtron 45
3.396,9.653,26.533,60.165,19.597,44.687,15.783,38.061,0,Agtron 55
3.533,9.956,27.476,61.012,21.477,47.148,17.37,40.594,0,Agtron 55
3.798,10.471,28.858,63.79,22.463,48.558,17.985,40.889,0,Agtron 65
4.174,10.907,29.611,63.887,23.981,49.757,19.496,42.666,0,Agtron 65
4.198,11.005,30.476,66.492,25.545,52.36,20.369,43.421,0,Agtron 75
4.155,10.991,31.307,65.963,26.895,53.568,21.542,44.851,0,Agtron 75
3.218,12.399,22.599,51.611,10.648,30.599,8.893,27.364,0,Agtron 25
2.909,13.385,21.041,53.253,10.077,29.022,8.15,25.603,0,Agtron 35
3.135,13.671,23.716,58.416,12.995,34.287,10.234,29.324,0,Agtron 45
2.48,10.553,24.223,60.104,12.643,32.69,9.659,27.294,0,Agtron 55
2.407,10.089,21.356,57.986,12.811,34.526,9.913,28.494,0,Agtron 75
2.559,11.675,19.232,53.587,12.549,34.467,9.908,28.838,0,Agtron 65
5.779,20.434,17.154,40.234,12.664,33.522,11.163,30.574,1,Agtron 25
4.921,19.51,18.053,46.031,12.136,32.81,10.304,29.318,1,Agtron 35
4.96,19.49,19.982,50.142,14.587,36.876,12.139,32.303,1,Agtron 45
4.904,19.006,21.491,52.669,15.695,37.989,12.899,32.828,1,Agtron 55
5.035,19.094,18.633,50.173,16.486,40.363,13.911,35.217,1,Agtron 75
5.035,18.961,17.38,47.432,15.783,39.039,13.485,34.399,1,Agtron 65
4.839,10.689,38.025,67.153,24.936,49.825,20.449,42.568,1,Agtron 25
5.203,14.471,25.275,51.564,25.448,53.449,21.973,47.466,1,Agtron 25
5.6,12.722,33.022,60.861,33.568,61.358,28.191,53.399,1,Agtron 35
6.041,14.186,31.675,60.727,33.06,60.176,27.915,53.021,1,Agtron 45
5.799,13.241,35.05,65.25,33.985,59.877,28.095,51.687,1,Agtron 55
5.317,12.602,31.275,62.588,29.574,54.75,24.604,47.369,1,Agtron 65
5.976,14.236,35.378,67.359,31.291,55.389,25.639,47.338,1,Agtron 75
8.713,26.496,13.144,35.84,19.236,47.865,17.273,43.082,1,Agtron 25
9.501,28.587,14.207,38.162,19.489,47.666,17.367,42.636,1,Agtron 25
5.44,16.316,24.215,50.102,24.023,51.371,20.627,45.23,0,Agtron 25
5.793,14.844,29.881,57.173,29.717,56.864,25.145,49.847,0,Agtron 35
5.643,14.924,28.363,57.302,28.859,56.4,24.416,49.788,0,Agtron 45
5.967,14.874,31.999,62.169,30.946,57.133,25.799,49.753,0,Agtron 55
5.431,13.957,28.556,59.318,28.772,55.174,24.235,48.315,0,Agtron 65
6.016,14.931,32.58,63.926,31.106,56.437,25.852,48.794,0,Agtron 75
13.264,33.937,21.124,49.12,39.748,64.176,36.515,61.213,1,Agtron 65
5.521,20.278,20.037,47.687,23.828,51.436,20.807,47.278,1,Agtron 55
4.982,19.266,18.15,45.167,19.863,47.541,17.311,43.691,1,Agtron 45
3.124,11.571,17.502,42.755,15.807,42.646,13.677,39.255,1,Agtron 35
2.791,10.385,13.372,33.177,13.22,38.427,11.84,36.091,1,Agtron 25
6.324,19.046,24.585,50.796,29.191,53.438,25.604,48.808,1,Agtron 75
3.025,8.313,21.497,51.257,17.923,43.539,14.832,37.433,0,Agtron 65
2.773,9.293,19.117,46.282,16.31,41.334,13.562,35.927,0,Agtron 55
2.486,8.25,17.061,43.375,13.864,38.025,11.629,33.28,0,Agtron 45
2.72,10.073,15.775,39.382,12.268,33.95,10.525,30.47,0,Agtron 35
3.058,12.771,11.812,29.638,10.646,30.191,9.539,28.066,0,Agtron 25
4.847,10.677,25.241,50.996,31.104,57.311,27.14,51.594,0,Agtron 75
5.696,18.573,25.405,49.103,24.779,49.656,21.263,43.389,0,Agtron 25
5.44,15.367,30.533,57.454,28.192,52.772,23.82,45.99,0,Agtron 35
5.33,15.689,30.051,59.286,26.956,51.715,22.561,44.922,0,Agtron 45
5.637,15.67,31.105,61.85,27.091,51.021,22.672,44.603,0,Agtron 55
5.928,16.109,33.201,63.738,29.899,53.583,24.788,45.91,0,Agtron 65
5.468,15.427,32.892,64.684,27.442,51.184,22.432,43.413,0,Agtron 75
5.057,10.826,36.789,63.863,19.999,39.775,16.338,33.233,1,Agtron 25
5.138,10.667,40.402,71.14,21.663,41.711,17.397,34.823,1,Agtron 35
5.205,11.143,41.468,73.537,22.575,42.552,17.865,35.234,1,Agtron 45
4.851,10.318,41.685,73.411,24.408,44.264,18.911,36.002,1,Agtron 55
5.387,10.602,42.686,74.904,25.564,45.743,20.111,37.292,1,Agtron 65
5.328,11.014,41.155,74.135,25.246,45.902,19.858,37.377,1,Agtron 75
