24.056,56.344,16.727,35.421,10.866,23.46,8.942,19.328,0,Agtron 25
20.301,51.188,15.908,34.522,10.498,22.802,8.738,18.967,0,Agtron 25
21.68,53.641,16.307,34.65,10.836,22.9,9.036,19.199,0,Agtron 25
22.837,54.806,16.194,34.487,10.817,22.914,9.026,19.197,0,Agtron 25
22.886,55.277,16.007,34.314,10.63,22.795,8.892,19.137,0,Agtron 25
28.195,58.239,15.425,32.023,9.899,21.376,8.363,18.3,0,Agtron 25
26.048,56.615,14.247,30.86,9.593,20.732,8.179,17.729,0,Agtron 25
27.232,57.576,14.097,30.075,9.614,20.605,8.221,17.687,0,Agtron 25
26.264,56.437,14.855,32.028,9.933,21.163,8.444,18.128,0,Agtron 25
27.168,57.96,14.782,31.442,10.057,21.856,8.536,18.559,0,Agtron 25
26.054,56.988,15.097,32.033,10.203,22.02,8.653,18.778,0,Agtron 25
25.002,55.413,14.222,31.032,9.44,20.401,8.036,17.49,0,Agtron 25
25.964,56.665,14.826,31.68,9.709,20.819,8.243,17.895,0,Agtron 25
16.874,48.032,19.971,42.0,12.571,26.456,10.078,21.352,0,Agtron 35
16.938,47.78,20.219,42.641,12.502,26.5,10.001,21.35,0,Agtron 35
15.673,46.223,19.482,42.338,11.721,25.359,9.389,20.457,0,Agtron 35
15.742,45.981,19.802,42.802,12.059,25.885,9.633,20.791,0,Agtron 35
16.006,46.284,19.695,41.983,12.002,25.737,9.595,20.684,0,Agtron 35
15.709,45.64,21.309,45.317,12.787,27.507,10.036,21.753,0,Agtron 35
15.332,45.372,20.979,45.291,12.618,27.165,9.932,21.475,0,Agtron 35
15.204,44.977,21.456,46.1,12.994,27.777,10.201,21.921,0,Agtron 35
14.569,43.866,21.378,46.361,12.708,27.441,9.966,21.64,0,Agtron 35
14.699,43.941,21.113,45.798,12.691,27.348,9.976,21.542,0,Agtron 35
14.817,44.581,21.286,46.119,12.804,27.448,10.09,21.766,0,Agtron 35
13.498,41.406,24.034,51.897,14.73,31.131,11.321,23.913,0,Agtron 45
13.71,41.278,24.315,51.607,14.804,31.025,11.373,23.839,0,Agtron 45
13.292,40.907,24.725,52.778,15.113,31.712,11.555,24.254,0,Agtron 45
13.2,40.098,24.772,52.43,14.934,31.167,11.482,24.004,0,Agtron 45
12.92,39.897,24.697,52.577,15.142,31.513,11.624,24.205,0,Agtron 45
13.104,40.018,24.165,52.002,14.823,31.465,11.381,24.172,0,Agtron 45
12.338,39.136,24.322,52.469,15.228,32.212,11.66,24.649,0,Agtron 45
12.975,40.615,24.018,51.802,14.996,32.088,11.504,24.618,0,Agtron 45
12.346,39.26,24.116,52.155,14.578,31.341,11.112,23.926,0,Agtron 45
12.31,39.432,24.604,52.849,14.581,31.191,11.062,23.703,0,Agtron 45
12.286,38.856,26.218,55.944,16.602,34.968,12.513,26.474,0,Agtron 55
12.237,38.804,25.808,55.315,16.207,34.248,12.233,25.982,0,Agtron 55
12.07,38.62,25.543,55.373,16.11,34.407,12.154,26.047,0,Agtron 55
12.039,37.932,25.42,54.985,16.014,34.133,12.128,25.974,0,Agtron 55
12.51,39.663,26.055,55.635,16.649,35.073,12.613,26.758,0,Agtron 55
11.634,36.815,25.764,55.306,16.582,34.896,12.597,26.614,0,Agtron 55
12.046,37.261,26.109,55.627,16.981,35.468,12.869,26.986,0,Agtron 55
12.413,38.344,26.351,55.434,17.111,35.535,13.008,27.133,0,Agtron 55
12.077,37.409,26.466,56.341,17.241,36.041,13.087,27.444,0,Agtron 55
12.55,37.798,27.257,58.337,17.99,37.652,13.569,28.427,0,Agtron 65
12.458,37.273,27.124,57.604,18.207,37.806,13.855,28.779,0,Agtron 65
11.012,34.268,25.643,56.497,16.828,36.84,12.751,27.972,0,Agtron 65
11.272,35.332,25.596,56.625,16.832,36.522,12.764,27.706,0,Agtron 65
11.046,34.799,25.573,56.51,16.842,36.473,12.761,27.672,0,Agtron 65
11.129,34.811,25.895,56.665,16.983,36.48,12.874,27.706,0,Agtron 65
10.779,34.034,25.4,56.955,16.864,36.951,12.788,27.987,0,Agtron 65
11.34,35.813,25.51,56.194,16.672,35.875,12.691,27.343,0,Agtron 65
11.473,35.977,25.22,56.09,16.782,36.466,12.775,27.752,0,Agtron 65
11.346,35.84,25.561,56.422,16.902,36.407,12.879,27.731,0,Agtron 65
11.564,36.283,25.335,56.227,16.667,36.194,12.676,27.533,0,Agtron 65
12.417,39.397,26.708,58.141,17.301,37.334,13.036,28.246,0,Agtron 65
12.282,39.134,25.655,56.618,16.491,36.103,12.452,27.368,0,Agtron 65
11.75,37.63,25.994,57.287,16.6,36.244,12.591,27.644,0,Agtron 65
11.875,38.0,26.317,57.855,16.839,36.746,12.734,27.903,0,Agtron 65
11.691,37.672,26.107,57.912,16.65,36.431,12.531,27.514,0,Agtron 65
11.713,38.272,25.535,56.9,16.17,35.665,12.196,27.004,0,Agtron 65
11.982,38.782,26.399,58.083,16.757,36.565,12.593,27.591,0,Agtron 65
12.109,38.905,26.136,57.481,16.738,36.316,12.661,27.622,0,Agtron 65
12.092,39.205,25.876,57.189,16.73,36.426,12.648,27.648,0,Agtron 65
11.687,37.747,26.262,57.744,16.969,36.756,12.824,27.873,0,Agtron 65
10.943,35.164,25.245,56.9,16.802,36.863,12.723,27.906,0,Agtron 65
11.247,35.922,25.795,57.375,16.975,36.731,12.887,27.951,0,Agtron 65
10.879,34.545,25.434,56.881,16.899,37.04,12.823,28.1,0,Agtron 65
11.019,34.056,25.899,58.308,17.707,39.16,13.392,29.671,0,Agtron 75
11.555,35.825,25.647,58.28,17.821,39.739,13.48,30.107,0,Agtron 75
11.932,37.372,25.989,58.588,17.44,38.574,13.122,29.112,0,Agtron 75
11.538,35.961,25.729,58.378,17.518,38.947,13.22,29.5,0,Agtron 75
11.42,35.215,25.831,58.467,17.092,38.145,12.873,28.851,0,Agtron 75
11.472,35.469,25.232,57.69,17.188,38.778,12.987,29.406,0,Agtron 75
11.079,34.383,25.205,57.73,16.983,38.124,12.841,28.94,0,Agtron 75
11.291,34.685,25.576,57.889,17.428,39.083,13.165,29.654,0,Agtron 75
11.152,34.596,25.836,58.363,17.103,38.265,12.827,28.801,0,Agtron 75
10.451,32.362,25.274,57.454,17.203,38.85,13.012,29.429,0,Agtron 75
10.819,33.301,25.724,57.976,17.523,39.255,13.25,29.725,0,Agtron 75
10.57,32.681,26.702,58.683,17.649,38.868,13.238,29.316,0,Agtron 75
17.862,47.261,24.532,52.385,11.302,26.084,9.162,21.713,1,Agtron 25
10.452,35.257,28.681,60.17,11.442,26.14,8.899,21.233,1,Agtron 25
16.691,45.449,24.647,53.281,11.142,25.907,9.018,21.543,1,Agtron 25
10.711,35.702,29.393,60.75,11.758,26.498,9.125,21.526,1,Agtron 25
17.126,46.298,24.784,53.284,11.122,25.93,8.998,21.564,1,Agtron 25
10.238,34.795,29.132,60.406,11.631,26.313,9.033,21.355,1,Agtron 25
16.862,45.924,25.313,53.642,11.375,26.135,9.173,21.709,1,Agtron 25
10.53,35.325,29.396,60.9,11.677,26.417,9.073,21.474,1,Agtron 25
17.16,46.095,25.451,53.911,11.652,26.427,9.457,22.071,1,Agtron 25
10.469,35.174,28.855,59.596,11.944,26.702,9.296,21.693,1,Agtron 25
17.487,46.884,25.008,53.454,11.413,26.165,9.26,21.869,1,Agtron 25
10.366,35.028,28.23,59.102,11.518,26.278,8.982,21.383,1,Agtron 25
17.303,46.575,23.917,52.221,10.949,25.554,8.897,21.335,1,Agtron 25
10.632,35.589,28.745,59.565,11.828,26.531,9.233,21.642,1,Agtron 25
17.321,46.544,24.2,52.603,11.069,25.835,8.976,21.541,1,Agtron 25
10.377,34.863,29.167,60.233,12.007,26.861,9.352,21.855,1,Agtron 25
18.185,47.736,24.136,52.443,10.929,25.553,8.86,21.286,1,Agtron 25
10.961,36.333,29.246,60.544,11.844,26.555,9.195,21.599,1,Agtron 25
17.308,46.438,24.322,52.513,11.411,26.319,9.248,21.948,1,Agtron 25
10.864,36.065,28.662,59.667,11.792,26.587,9.166,21.594,1,Agtron 25
17.719,46.989,24.035,52.135,11.413,26.401,9.284,22.025,1,Agtron 25
10.627,35.599,28.292,59.227,11.688,26.585,9.12,21.605,1,Agtron 25
17.178,46.312,24.022,52.478,10.872,25.633,8.797,21.296,1,Agtron 25
10.726,35.708,28.644,59.828,11.621,26.422,9.025,21.423,1,Agtron 25
8.802,31.683,33.241,66.661,13.554,29.329,9.994,22.851,1,Agtron 35
9.055,32.108,34.511,69.135,14.101,30.187,10.283,23.36,1,Agtron 35
8.53,31.436,32.722,66.691,13.195,28.882,9.697,22.492,1,Agtron 35
8.485,30.915,33.643,68.68,13.625,29.758,9.944,23.051,1,Agtron 35
8.455,31.092,32.588,66.361,13.313,29.198,9.807,22.741,1,Agtron 35
8.44,30.886,33.077,68.102,13.481,29.66,9.843,22.988,1,Agtron 35
8.684,31.226,29.868,61.407,13.235,28.757,10.018,22.678,1,Agtron 35
9.299,31.969,31.092,63.573,13.894,29.779,10.437,23.326,1,Agtron 35
10.854,35.784,34.172,67.92,14.421,30.403,10.627,23.577,1,Agtron 35
10.071,34.971,33.156,66.748,13.702,29.178,10.261,22.87,1,Agtron 35
10.465,35.51,33.736,67.768,14.274,30.134,10.567,23.441,1,Agtron 35
10.523,35.755,32.597,65.34,13.951,29.52,10.434,23.114,1,Agtron 35
10.774,36.058,33.809,67.935,14.38,30.328,10.623,23.528,1,Agtron 35
10.545,35.855,32.965,65.912,13.815,29.289,10.288,22.912,1,Agtron 35
10.417,35.271,33.323,67.546,14.034,30.028,10.361,23.339,1,Agtron 35
10.443,35.584,33.582,66.545,14.193,29.703,10.559,23.195,1,Agtron 35
10.386,35.322,33.815,67.793,14.382,30.372,10.649,23.661,1,Agtron 35
10.152,34.851,33.026,66.296,13.967,29.61,10.426,23.167,1,Agtron 35
10.339,35.206,33.799,67.903,14.577,30.803,10.788,23.959,1,Agtron 35
10.306,35.402,32.952,66.295,13.68,29.208,10.177,22.824,1,Agtron 35
10.363,35.231,34.678,68.955,14.511,30.354,10.683,23.511,1,Agtron 35
10.511,35.733,33.319,66.395,14.079,29.797,10.49,23.287,1,Agtron 35
10.413,35.609,33.902,67.935,14.518,30.581,10.727,23.713,1,Agtron 35
10.078,34.943,33.195,66.265,13.965,29.404,10.444,23.073,1,Agtron 35
10.474,35.602,34.549,68.477,14.763,30.802,10.923,23.964,1,Agtron 35
10.254,35.471,33.069,66.267,13.951,29.564,10.395,23.093,1,Agtron 35
9.347,31.78,36.572,72.607,14.961,32.363,10.722,24.554,1,Agtron 45
9.496,32.189,37.202,73.082,15.116,32.312,10.818,24.489,1,Agtron 45
9.416,31.951,36.726,72.74,14.767,31.816,10.589,24.174,1,Agtron 45
9.33,31.814,37.227,72.879,15.455,32.884,11.084,24.901,1,Agtron 45
9.204,31.556,36.522,72.576,14.906,32.275,10.712,24.56,1,Agtron 45
9.149,31.575,36.898,73.017,15.064,32.375,10.775,24.515,1,Agtron 45
8.951,31.167,35.627,71.923,14.365,31.511,10.29,23.92,1,Agtron 45
9.176,31.588,37.268,73.419,15.038,32.242,10.716,24.38,1,Agtron 45
9.04,31.368,35.834,71.917,14.554,31.756,10.433,24.134,1,Agtron 45
8.997,30.246,35.228,69.158,15.791,32.949,11.63,25.37,1,Agtron 45
8.912,30.186,33.588,67.389,15.253,32.58,11.308,25.211,1,Agtron 45
8.759,29.778,33.939,68.226,15.024,32.03,11.056,24.641,1,Agtron 45
9.504,31.766,36.99,73.017,16.164,34.283,11.634,25.954,1,Agtron 55
9.547,31.502,39.667,74.998,17.531,35.799,12.599,27.058,1,Agtron 55
9.492,30.958,35.102,69.092,16.771,34.833,12.384,26.799,1,Agtron 55
9.384,30.966,34.472,68.453,16.122,33.966,11.873,26.106,1,Agtron 55
9.32,30.738,34.31,68.561,16.14,34.159,11.9,26.269,1,Agtron 55
9.246,30.765,34.743,69.267,15.917,33.685,11.673,25.779,1,Agtron 55
9.272,30.601,34.636,68.883,16.402,34.453,12.106,26.496,1,Agtron 55
9.335,31.507,37.576,73.319,16.689,35.082,12.015,26.549,1,Agtron 55
9.123,31.053,36.738,73.156,16.089,34.19,11.545,25.808,1,Agtron 55
9.207,31.451,36.796,73.062,15.764,33.724,11.269,25.438,1,Agtron 55
9.121,31.23,36.883,73.433,16.01,34.092,11.453,25.675,1,Agtron 55
8.962,30.524,37.99,73.87,16.85,35.073,12.095,26.468,1,Agtron 55
8.985,30.752,37.43,73.67,16.537,34.831,11.883,26.361,1,Agtron 55
8.988,30.888,37.364,73.446,16.335,34.472,11.72,26.059,1,Agtron 55
8.829,30.65,35.9,72.618,15.677,33.824,11.282,25.603,1,Agtron 55
8.871,30.651,37.283,73.612,16.218,34.27,11.625,25.847,1,Agtron 55
8.816,30.602,35.628,72.547,15.514,33.755,11.152,25.523,1,Agtron 55
8.63,30.152,36.853,73.625,15.765,33.763,11.296,25.504,1,Agtron 55
8.617,29.928,36.527,73.177,16.104,34.338,11.593,25.987,1,Agtron 55
8.576,29.905,37.272,73.941,16.169,34.393,11.575,25.935,1,Agtron 55
9.117,30.824,35.215,71.22,17.594,37.878,12.953,28.801,1,Agtron 65
9.217,30.7,36.662,72.326,18.296,38.489,13.452,29.255,1,Agtron 65
9.191,30.395,37.07,72.509,18.841,39.118,13.881,29.744,1,Agtron 65
9.122,30.443,37.578,73.328,18.789,39.075,13.793,29.662,1,Agtron 65
9.235,30.739,36.281,71.941,18.33,38.667,13.523,29.48,1,Agtron 65
9.239,30.739,36.558,72.292,18.253,38.522,13.428,29.3,1,Agtron 65
9.341,30.763,37.741,73.372,18.809,38.922,13.778,29.52,1,Agtron 65
9.091,30.336,36.954,72.721,18.462,38.638,13.578,29.39,1,Agtron 65
9.119,30.39,36.618,72.205,18.599,39.025,13.71,29.726,1,Agtron 65
9.138,30.538,36.239,72.053,18.043,38.328,13.248,29.111,1,Agtron 65
9.021,30.412,35.739,71.648,17.924,38.187,13.195,29.082,1,Agtron 65
9.158,30.571,36.25,72.152,18.05,38.235,13.268,29.08,1,Agtron 65
8.907,30.312,34.52,70.321,17.385,37.613,12.819,28.651,1,Agtron 65
9.032,30.448,35.266,71.078,17.634,37.892,12.98,28.838,1,Agtron 65
8.995,30.279,34.464,69.869,17.602,37.961,13.092,29.104,1,Agtron 65
9.063,30.45,34.892,70.513,17.196,36.895,12.758,28.258,1,Agtron 65
9.082,30.207,35.134,70.299,18.046,38.324,13.446,29.417,1,Agtron 65
9.09,30.147,36.187,71.237,18.263,38.109,13.585,29.223,1,Agtron 65
9.134,30.426,35.165,70.499,17.979,38.364,13.363,29.398,1,Agtron 65
9.117,30.588,35.143,70.69,17.308,37.021,12.82,28.313,1,Agtron 65
8.985,30.191,34.611,70.091,17.601,37.879,13.078,28.998,1,Agtron 65
9.121,30.576,35.165,70.557,17.444,37.232,12.949,28.522,1,Agtron 65
9.032,30.444,34.891,70.477,17.499,37.652,12.972,28.814,1,Agtron 65
9.007,30.225,35.198,70.576,17.576,37.471,13.03,28.672,1,Agtron 65
9.037,30.271,34.8,70.204,17.665,37.945,13.136,29.08,1,Agtron 65
9.439,30.836,35.972,71.031,17.799,37.421,13.195,28.626,1,Agtron 65
9.443,30.829,34.877,69.861,17.878,38.169,13.358,29.377,1,Agtron 65
9.382,30.912,34.766,69.844,17.285,36.97,12.869,28.407,1,Agtron 65
9.07,30.582,33.529,68.721,18.967,41.7,14.134,31.833,1,Agtron 75
8.763,29.829,33.301,68.7,18.669,41.187,13.893,31.368,1,Agtron 75
8.935,30.329,32.767,67.811,18.656,41.332,13.924,31.551,1,Agtron 75
9.074,30.563,33.381,68.494,18.672,41.174,13.876,31.349,1,Agtron 75
9.222,30.793,33.992,69.181,18.877,41.277,13.996,31.404,1,Agtron 75
9.167,30.728,33.634,68.658,18.964,41.675,14.07,31.695,1,Agtron 75
8.952,30.313,33.776,69.083,18.818,41.193,13.96,31.344,1,Agtron 75
9.075,30.564,33.179,68.371,18.525,41.005,13.742,31.149,1,Agtron 75
9.108,30.587,33.717,68.798,18.901,41.36,14.05,31.494,1,Agtron 75
9.039,30.486,33.531,68.554,18.967,41.507,14.13,31.674,1,Agtron 75
9.068,30.51,33.867,69.307,18.592,40.909,13.756,31.063,1,Agtron 75
8.742,29.828,33.218,68.506,18.746,41.428,13.987,31.66,1,Agtron 75
8.924,30.074,34.066,69.277,19.15,41.68,14.299,31.904,1,Agtron 75
8.813,29.905,33.417,68.557,18.991,41.647,14.159,31.782,1,Agtron 75
12.373,39.421,21.584,48.619,9.256,22.921,7.689,19.778,0,Agtron 25
14.161,42.493,21.391,48.202,9.123,22.913,7.58,19.834,0,Agtron 25
13.564,41.27,21.214,47.871,8.976,22.703,7.483,19.696,0,Agtron 25
14.305,42.504,21.559,48.279,9.419,23.32,7.846,20.214,0,Agtron 25
14.314,42.554,21.012,47.494,9.322,23.287,7.76,20.145,0,Agtron 25
14.574,42.963,21.413,48.012,9.003,22.786,7.481,19.714,0,Agtron 25
4.611,18.944,30.45,64.239,9.893,23.693,7.689,19.21,0,Agtron 25
4.598,18.969,30.647,64.54,9.991,23.846,7.73,19.212,0,Agtron 25
4.72,19.196,30.632,64.41,10.155,23.977,7.885,19.331,0,Agtron 25
6.465,24.46,27.623,60.094,9.532,23.241,7.613,19.04,0,Agtron 25
6.911,25.969,26.708,58.59,9.077,22.608,7.265,18.545,0,Agtron 25
6.911,25.734,27.329,59.273,9.194,22.713,7.335,18.599,0,Agtron 25
6.34,24.236,27.108,59.758,9.009,22.668,7.179,18.518,0,Agtron 25
6.64,24.923,27.399,59.819,9.342,22.988,7.454,18.819,0,Agtron 25
7.285,27.185,25.953,57.281,9.247,22.893,7.41,18.704,0,Agtron 25
8.374,29.672,24.306,54.901,8.616,22.051,7.032,18.499,0,Agtron 25
6.2,24.234,29.777,61.732,11.645,26.565,9.114,21.57,0,Agtron 35
4.054,15.533,33.594,69.416,11.538,26.507,8.684,20.78,0,Agtron 35
4.654,18.305,32.769,67.6,11.55,26.478,8.818,21.145,0,Agtron 35
4.201,15.927,34.001,69.591,11.691,26.501,8.838,20.953,0,Agtron 35
4.797,18.824,32.224,66.673,11.499,26.335,8.867,21.284,0,Agtron 35
5.561,22.054,30.785,64.769,12.209,27.29,9.485,21.962,0,Agtron 35
11.376,36.798,24.732,53.812,11.629,26.765,9.524,22.86,0,Agtron 35
11.922,37.97,23.808,52.682,11.852,26.891,9.739,22.99,0,Agtron 35
11.413,36.509,25.044,54.306,12.352,27.31,10.146,23.34,0,Agtron 35
10.602,35.179,24.877,54.827,11.964,26.759,9.802,22.83,0,Agtron 35
10.911,35.644,25.069,54.377,12.65,27.652,10.404,23.658,0,Agtron 35
9.636,33.13,27.101,59.191,12.681,28.098,10.216,23.575,0,Agtron 35
9.716,33.147,26.681,58.363,12.495,27.745,10.088,23.331,0,Agtron 35
10.101,34.415,27.439,59.251,12.437,27.528,9.984,23.02,0,Agtron 35
9.265,32.967,28.524,61.183,12.678,27.987,10.075,23.181,0,Agtron 35
6.059,24.614,31.07,65.554,13.21,28.874,10.319,23.439,0,Agtron 35
4.537,19.057,31.128,66.235,12.842,28.622,9.949,23.101,0,Agtron 35
5.811,24.06,31.434,66.188,13.017,28.77,10.119,23.346,0,Agtron 35
7.749,29.869,29.592,63.594,12.76,28.578,10.051,23.523,0,Agtron 35
6.981,27.68,30.767,64.798,12.983,28.71,10.196,23.587,0,Agtron 35
4.413,18.295,31.4,67.615,13.261,30.883,10.201,24.724,0,Agtron 45
4.508,17.557,34.588,70.319,14.947,33.031,11.453,26.272,0,Agtron 45
4.21,17.38,31.415,67.666,13.153,30.582,10.085,24.426,0,Agtron 45
4.716,19.291,32.553,68.48,13.752,31.514,10.586,25.246,0,Agtron 45
4.563,18.428,32.387,68.348,13.842,31.457,10.658,25.205,0,Agtron 45
4.699,19.053,32.362,68.135,13.58,30.899,10.47,24.79,0,Agtron 45
4.729,19.665,30.806,66.676,13.138,30.577,10.176,24.663,0,Agtron 45
5.386,21.755,32.717,68.144,13.893,31.339,10.727,25.176,0,Agtron 45
5.177,21.339,30.935,66.568,13.231,30.565,10.244,24.632,0,Agtron 45
5.532,22.6,31.387,67.332,13.39,31.012,10.343,24.942,0,Agtron 45
5.586,22.831,30.762,66.424,13.08,30.48,10.148,24.616,0,Agtron 45
5.846,23.707,31.2,67.098,13.07,30.425,10.108,24.496,0,Agtron 45
5.993,24.294,30.261,65.868,12.989,30.503,10.102,24.679,0,Agtron 45
3.674,13.521,36.158,74.387,15.078,33.838,11.192,26.217,0,Agtron 55
3.625,12.808,36.251,74.006,15.443,34.008,11.498,26.42,0,Agtron 55
3.657,12.409,37.401,74.815,16.198,35.264,12.093,27.439,0,Agtron 55
3.778,13.364,37.16,74.391,15.953,34.651,11.89,26.913,0,Agtron 55
3.774,13.335,36.693,73.885,15.931,34.841,11.903,27.089,0,Agtron 55
3.736,12.811,37.378,74.622,16.034,34.664,11.949,26.886,0,Agtron 55
3.77,13.112,37.526,74.682,16.062,34.641,12.0,26.971,0,Agtron 55
3.742,12.561,38.169,75.423,16.29,34.719,12.114,26.926,0,Agtron 55
3.602,12.372,36.243,73.998,15.536,34.241,11.525,26.477,0,Agtron 55
3.615,12.378,35.636,73.266,15.479,34.321,11.539,26.628,0,Agtron 55
6.806,26.006,34.888,69.878,16.05,33.742,12.168,26.369,0,Agtron 55
7.951,28.963,34.243,68.672,15.863,33.535,12.155,26.593,0,Agtron 55
4.021,14.275,37.146,72.453,16.266,34.22,12.087,26.225,0,Agtron 55
3.973,13.475,37.84,73.213,16.536,34.639,12.253,26.443,0,Agtron 55
3.963,13.86,36.679,71.346,16.638,34.649,12.402,26.588,0,Agtron 55
3.944,13.649,37.07,71.742,16.777,34.686,12.508,26.646,0,Agtron 55
3.937,13.762,36.504,71.053,16.605,34.599,12.439,26.721,0,Agtron 55
4.065,14.519,36.338,70.885,16.715,34.723,12.52,26.79,0,Agtron 55
4.02,14.136,36.59,71.226,16.702,34.651,12.478,26.644,0,Agtron 55
3.971,13.778,36.965,71.847,16.73,34.812,12.445,26.644,0,Agtron 55
4.124,14.808,36.59,71.228,16.534,34.346,12.349,26.427,0,Agtron 55
4.197,15.014,37.067,71.639,16.823,34.788,12.56,26.738,0,Agtron 55
5.207,20.288,35.387,69.591,16.531,34.459,12.489,26.854,0,Agtron 55
3.96,13.837,36.677,71.67,16.468,34.466,12.241,26.378,0,Agtron 55
4.096,14.523,36.631,71.319,16.565,34.524,12.387,26.614,0,Agtron 55
4.307,15.885,36.364,71.006,16.506,34.29,12.349,26.433,0,Agtron 55
4.19,15.317,36.515,71.037,16.765,34.841,12.53,26.828,0,Agtron 55
3.933,13.696,36.748,71.488,16.715,34.88,12.46,26.771,0,Agtron 55
4.024,14.345,36.501,71.109,16.658,34.847,12.454,26.837,0,Agtron 55
9.529,32.18,33.32,68.706,17.453,36.676,13.432,28.986,0,Agtron 65
6.136,23.5,34.811,71.09,17.667,37.114,13.399,28.793,0,Agtron 65
5.856,22.494,34.305,70.581,17.525,37.083,13.286,28.73,0,Agtron 65
5.459,20.892,34.932,71.083,17.854,37.506,13.538,29.099,0,Agtron 65
5.147,19.477,35.565,71.863,17.874,37.428,13.54,29.018,0,Agtron 65
5.008,18.9,35.018,71.014,18.025,37.71,13.656,29.185,0,Agtron 65
8.263,29.466,34.009,69.487,17.872,37.339,13.745,29.481,0,Agtron 65
4.872,18.509,35.314,71.338,17.877,37.405,13.536,29.012,0,Agtron 65
5.185,19.956,34.582,70.554,17.619,36.971,13.41,28.862,0,Agtron 65
3.983,13.538,35.839,72.04,17.994,37.821,13.587,29.26,0,Agtron 65
3.778,12.106,36.642,72.923,18.314,38.191,13.722,29.285,0,Agtron 65
3.809,12.144,37.129,73.437,18.271,37.936,13.659,29.028,0,Agtron 65
3.785,12.008,36.822,72.988,18.413,38.429,13.834,29.582,0,Agtron 65
3.715,11.85,36.454,72.652,18.127,37.922,13.572,29.105,0,Agtron 65
3.757,11.72,36.753,72.74,18.558,38.638,13.94,29.733,0,Agtron 65
3.713,11.959,36.548,72.918,17.815,37.577,13.342,28.881,0,Agtron 65
3.767,12.188,36.422,72.75,18.025,37.937,13.515,29.167,0,Agtron 65
3.656,11.529,36.46,72.715,17.874,37.58,13.405,28.953,0,Agtron 65
3.693,11.145,36.907,73.069,18.318,38.218,13.756,29.468,0,Agtron 65
3.68,11.418,36.789,72.866,18.178,37.978,13.635,29.236,0,Agtron 65
3.679,11.017,36.66,72.988,17.808,37.349,13.395,28.829,0,Agtron 65
3.676,10.894,36.403,72.522,18.193,38.359,13.721,29.684,0,Agtron 65
3.72,10.995,37.364,73.702,18.213,37.882,13.682,29.25,0,Agtron 65
3.672,11.034,36.607,73.097,17.826,37.685,13.387,29.057,0,Agtron 65
3.647,10.914,36.423,72.552,18.004,37.777,13.569,29.222,0,Agtron 65
3.634,10.954,35.878,72.43,17.677,37.884,13.303,29.31,0,Agtron 65
3.643,10.894,36.538,73.157,17.657,37.668,13.277,29.18,0,Agtron 65
3.634,10.98,35.82,72.481,17.614,37.928,13.261,29.359,0,Agtron 65
3.678,10.819,36.682,73.597,17.611,37.639,13.225,29.109,0,Agtron 65
3.748,11.016,37.91,74.144,18.813,39.215,14.092,30.19,0,Agtron 65
3.602,10.762,35.687,72.378,17.471,37.617,13.157,29.136,0,Agtron 65
3.699,10.939,36.808,73.271,17.959,37.978,13.516,29.373,0,Agtron 65
3.635,10.663,36.52,73.208,17.72,37.803,13.307,29.181,0,Agtron 65
3.662,11.373,36.193,73.059,17.477,37.504,13.097,28.902,0,Agtron 65
3.442,10.741,34.784,72.746,17.591,39.046,13.006,29.599,0,Agtron 75
3.549,10.942,35.511,72.562,18.182,39.545,13.534,30.145,0,Agtron 75
3.51,10.793,35.417,72.859,18.399,40.221,13.649,30.574,0,Agtron 75
3.588,11.201,35.356,72.552,17.989,39.142,13.412,29.889,0,Agtron 75
3.566,11.076,35.596,72.868,18.083,39.348,13.446,29.951,0,Agtron 75
3.602,11.843,34.29,71.369,18.102,39.867,13.544,30.58,0,Agtron 75
7.933,29.327,31.748,67.448,16.67,36.787,12.872,29.249,0,Agtron 75
8.705,31.102,31.287,66.662,17.221,37.681,13.313,29.984,0,Agtron 75
9.49,32.768,30.981,66.255,16.403,36.019,12.738,28.833,0,Agtron 75
9.772,33.351,30.136,64.938,16.853,37.424,13.13,30.017,0,Agtron 75
10.21,34.029,30.555,65.358,16.324,35.898,12.734,28.858,0,Agtron 75
10.345,34.128,30.29,64.899,16.979,37.341,13.257,30.029,0,Agtron 75
10.65,34.629,30.445,64.849,16.551,36.286,12.951,29.293,0,Agtron 75
10.696,34.507,30.609,64.906,17.163,37.579,13.413,30.266,0,Agtron 75
10.781,34.514,30.391,64.901,16.295,35.882,12.758,29.029,0,Agtron 75
10.664,34.09,30.439,64.74,17.048,37.245,13.314,29.972,0,Agtron 75
10.915,34.402,31.173,65.542,16.279,35.505,12.739,28.798,0,Agtron 75
10.613,33.736,30.701,65.242,16.93,37.159,13.137,29.756,0,Agtron 75
8.357,31.391,19.912,49.601,8.536,22.755,7.123,19.323,0,Agtron 25
8.069,30.838,20.754,50.962,8.527,22.752,7.065,19.2,0,Agtron 25
5.815,23.723,24.78,57.979,8.775,23.096,7.118,19.093,0,Agtron 25
6.686,26.487,23.377,55.354,9.332,24.06,7.692,20.197,0,Agtron 25
8.268,28.935,20.149,49.894,9.264,24.388,7.765,20.564,0,Agtron 25
8.947,30.86,19.422,48.795,9.104,24.341,7.662,20.686,0,Agtron 25
17.711,45.105,18.967,46.601,9.512,25.289,8.012,21.6,0,Agtron 25
18.947,46.848,19.03,45.732,9.686,25.292,8.14,21.529,0,Agtron 25
8.51,30.422,27.29,57.462,13.575,29.74,10.978,24.761,0,Agtron 35
6.523,24.838,31.844,65.377,13.436,29.375,10.547,23.751,0,Agtron 35
7.479,27.335,30.533,62.352,13.428,29.089,10.711,23.944,0,Agtron 35
9.841,33.592,23.836,52.355,12.39,28.406,10.163,23.859,0,Agtron 35
9.784,33.369,23.006,51.328,11.83,27.864,9.788,23.571,0,Agtron 35
10.287,34.624,22.544,50.318,11.978,28.084,9.93,23.774,0,Agtron 35
9.261,32.383,23.824,52.425,11.968,27.918,9.831,23.481,0,Agtron 35
7.757,27.974,29.081,62.277,13.779,31.059,11.054,25.83,0,Agtron 45
8.061,28.788,30.443,63.558,13.934,31.074,11.102,25.643,0,Agtron 45
7.763,28.044,30.243,63.477,13.954,31.176,11.11,25.683,0,Agtron 45
7.446,27.721,30.997,64.974,14.05,31.368,11.086,25.623,0,Agtron 45
6.577,25.126,30.857,64.827,13.83,31.078,10.908,25.342,0,Agtron 45
6.238,24.109,31.747,65.986,13.91,31.28,10.947,25.477,0,Agtron 45
5.372,21.146,31.727,66.338,13.965,31.514,10.96,25.632,0,Agtron 45
4.13,14.759,34.522,71.518,15.831,34.925,12.161,27.916,0,Agtron 55
4.162,14.638,34.935,71.717,15.919,35.009,12.252,27.995,0,Agtron 55
4.07,14.357,34.704,71.902,15.634,34.616,11.982,27.611,0,Agtron 55
3.644,12.798,36.201,74.104,15.244,33.851,11.382,26.399,0,Agtron 55
3.819,13.473,36.413,73.731,15.455,34.098,11.61,26.749,0,Agtron 55
3.855,13.063,36.336,73.449,15.876,34.663,12.008,27.293,0,Agtron 55
3.975,12.32,40.772,77.386,17.437,36.076,13.052,28.142,0,Agtron 55
3.716,11.966,38.079,75.585,16.681,35.884,12.466,27.939,0,Agtron 55
4.099,13.251,38.235,75.575,17.224,36.652,13.033,28.794,0,Agtron 65
4.22,12.343,42.136,78.763,19.523,39.488,14.682,30.83,0,Agtron 65
4.269,12.259,43.224,79.133,20.257,40.147,15.197,31.18,0,Agtron 65
4.074,12.379,40.053,77.459,18.448,38.421,13.87,29.971,0,Agtron 65
4.037,11.983,41.266,78.825,18.813,39.013,14.073,30.275,0,Agtron 65
3.917,11.482,40.594,78.205,18.736,39.244,14.052,30.51,0,Agtron 65
3.944,11.441,41.387,79.154,18.899,39.038,14.079,30.164,0,Agtron 65
3.76,11.285,39.695,78.853,18.967,40.657,14.014,31.134,0,Agtron 75
3.766,10.632,40.649,79.582,19.523,41.045,14.415,31.414,0,Agtron 75
3.654,10.596,39.349,78.555,19.006,40.667,14.048,31.168,0,Agtron 75
3.666,11.59,37.761,77.264,18.282,40.174,13.544,30.869,0,Agtron 75
14.029,42.148,23.151,54.74,10.9,27.328,8.855,23.139,1,Agtron 25
15.197,44.24,22.281,53.7,10.596,27.051,8.63,22.94,1,Agtron 25
14.755,43.237,23.145,54.695,10.853,27.273,8.811,23.087,1,Agtron 25
15.938,45.098,22.088,53.418,10.501,27.002,8.595,23.019,1,Agtron 25
8.755,32.866,25.651,57.985,12.147,28.514,9.693,24.063,1,Agtron 25
8.444,32.314,25.509,57.822,11.927,28.116,9.457,23.594,1,Agtron 25
8.547,32.565,25.596,57.775,12.0,28.258,9.53,23.752,1,Agtron 25
7.758,28.905,30.265,62.743,14.824,31.554,11.356,25.521,1,Agtron 35
7.547,28.679,29.856,62.871,14.231,30.889,10.872,24.942,1,Agtron 35
7.805,29.292,30.642,62.942,15.04,31.663,11.519,25.591,1,Agtron 35
7.792,29.099,31.01,64.497,15.263,32.549,11.544,26.041,1,Agtron 35
7.823,28.957,32.256,65.887,15.322,32.156,11.581,25.788,1,Agtron 35
7.599,28.402,30.652,64.332,14.781,31.699,11.248,25.564,1,Agtron 35
7.916,29.305,31.182,64.65,15.022,31.977,11.393,25.742,1,Agtron 35
7.972,28.402,35.789,69.137,18.302,36.467,13.634,28.497,1,Agtron 45
7.918,28.008,35.932,68.577,19.124,37.508,14.325,29.39,1,Agtron 45
7.843,27.739,36.834,69.051,19.708,38.133,14.731,29.798,1,Agtron 45
7.957,27.865,37.278,69.601,19.848,38.142,14.842,29.83,1,Agtron 45
7.747,27.365,37.193,71.71,19.635,38.621,14.537,29.903,1,Agtron 55
7.928,27.592,38.541,72.391,20.855,40.115,15.446,31.014,1,Agtron 55
7.917,27.364,39.211,72.753,21.37,40.434,15.826,31.235,1,Agtron 55
7.606,26.524,39.15,73.079,21.17,40.459,15.652,31.205,1,Agtron 55
6.823,24.131,36.474,72.172,19.901,40.249,14.908,31.252,1,Agtron 65
6.921,24.411,36.855,72.665,19.985,40.111,14.94,31.087,1,Agtron 65
6.806,23.644,36.849,72.13,20.313,40.388,15.271,31.418,1,Agtron 65
6.361,23.243,34.668,70.226,19.106,39.677,14.32,30.812,1,Agtron 65
6.795,24.508,35.741,71.236,19.552,39.883,14.595,30.901,1,Agtron 65
6.764,24.287,36.074,71.543,19.626,39.891,14.673,30.973,1,Agtron 65
6.551,23.603,34.924,70.226,19.428,39.895,14.588,31.028,1,Agtron 65
6.551,23.603,34.924,70.226,19.428,39.895,14.588,31.028,1,Agtron 65
7.353,25.981,35.268,70.314,21.636,44.284,16.226,34.162,1,Agtron 75
7.16,24.709,36.52,71.054,22.657,44.944,17.053,34.724,1,Agtron 75
7.111,25.034,35.08,69.883,22.05,44.802,16.59,34.577,1,Agtron 75
7.622,26.02,38.806,73.139,23.99,46.415,17.898,35.598,1,Agtron 75
8.396,26.285,20.148,47.397,27.064,49.566,22.831,42.521,1,Agtron 65
8.424,27.851,19.326,45.954,26.683,49.641,22.411,42.353,1,Agtron 65
7.496,25.016,19.761,47.105,26.162,49.274,21.949,41.969,1,Agtron 65
6.092,22.997,23.657,49.301,25.898,48.172,21.032,39.781,1,Agtron 65
6.698,24.109,23.695,49.513,26.29,48.16,21.472,40.084,1,Agtron 65
7.657,26.259,28.287,52.56,32.042,51.961,25.753,42.469,1,Agtron 65
8.052,26.061,21.193,47.237,26.291,47.972,22.08,41.138,1,Agtron 65
8.2,27.202,20.692,46.746,25.677,47.635,21.516,40.741,1,Agtron 65
7.441,25.766,20.676,46.438,24.96,47.23,20.815,40.136,1,Agtron 65
7.61,25.59,21.193,47.87,24.673,46.397,20.57,39.559,1,Agtron 65
6.599,23.336,21.187,48.824,25.562,48.693,21.077,40.84,1,Agtron 65
7.16,24.255,21.393,49.17,26.003,48.56,21.573,41.085,1,Agtron 65
7.093,24.953,21.707,49.572,25.979,48.993,21.357,40.985,1,Agtron 65
6.365,22.66,21.976,49.942,26.069,49.153,21.375,40.978,1,Agtron 65
6.941,24.374,22.569,50.624,26.115,48.505,21.408,40.592,1,Agtron 65
8.646,27.782,17.266,41.257,23.942,45.814,20.648,40.331,1,Agtron 65
8.05,26.793,17.373,41.767,23.465,45.566,20.126,39.879,1,Agtron 65
8.503,27.569,17.621,41.823,24.026,45.893,20.656,40.264,1,Agtron 65
7.923,26.627,18.176,42.664,23.505,45.331,20.034,39.479,1,Agtron 65
8.759,28.499,17.727,41.763,23.641,45.522,20.254,39.815,1,Agtron 65
7.195,25.339,18.277,41.494,23.101,44.357,19.648,38.714,1,Agtron 55
7.127,25.59,18.083,41.458,22.785,44.202,19.343,38.491,1,Agtron 55
8.772,27.915,18.716,42.588,23.86,44.595,20.484,39.402,1,Agtron 55
6.231,23.583,18.419,41.847,22.256,43.859,18.706,37.782,1,Agtron 55
8.124,26.57,18.135,42.754,23.237,44.484,19.882,39.202,1,Agtron 55
7.149,24.948,17.946,42.808,22.491,44.112,19.105,38.531,1,Agtron 55
7.157,25.241,18.632,43.879,22.847,44.373,19.283,38.555,1,Agtron 55
7.123,24.474,17.946,42.886,22.661,44.244,19.288,38.76,1,Agtron 55
8.618,27.903,20.152,44.789,25.298,46.493,21.387,40.305,1,Agtron 55
8.664,27.483,19.588,45.009,24.711,45.911,21.006,40.094,1,Agtron 55
8.081,26.482,19.633,44.475,24.789,46.254,20.988,40.128,1,Agtron 55
8.054,26.586,19.441,44.031,24.647,46.114,20.887,40.039,1,Agtron 55
6.47,24.526,21.019,46.132,24.053,46.085,19.805,38.786,1,Agtron 55
6.783,25.397,21.097,44.964,23.582,44.521,19.485,37.77,1,Agtron 55
6.253,23.747,21.528,45.489,23.723,44.774,19.546,37.826,1,Agtron 55
6.665,24.583,21.262,45.322,23.886,44.823,19.774,38.096,1,Agtron 55
6.234,23.995,22.484,46.771,24.349,45.401,19.888,38.02,1,Agtron 55
5.896,24.036,21.688,45.403,23.31,44.565,18.974,37.135,1,Agtron 55
6.331,23.743,21.7,46.224,24.136,45.398,19.87,38.349,1,Agtron 55
8.423,26.283,20.622,48.66,27.933,51.156,23.444,43.505,1,Agtron 75
7.227,23.601,21.725,50.414,28.377,51.531,23.646,43.54,1,Agtron 75
8.148,26.09,20.685,48.818,28.1,51.474,23.538,43.67,1,Agtron 75
8.126,26.251,20.718,48.826,28.019,51.356,23.437,43.518,1,Agtron 75
6.76,23.721,24.232,52.108,28.734,51.774,23.414,42.787,1,Agtron 75
6.549,23.264,23.533,50.96,28.095,51.217,22.912,42.368,1,Agtron 75
7.209,24.169,23.242,50.708,28.453,51.226,23.464,42.87,1,Agtron 75
7.053,23.858,23.963,51.459,29.07,52.149,23.792,43.236,1,Agtron 75
9.083,27.228,22.075,50.899,31.016,54.123,26.008,45.777,1,Agtron 75
9.168,27.539,22.113,50.693,31.314,54.492,26.23,45.971,1,Agtron 75
9.174,27.382,21.72,50.298,31.067,54.386,26.095,45.995,1,Agtron 75
7.801,24.851,22.252,51.135,29.848,54.189,24.722,45.149,1,Agtron 75
6.453,24.907,16.57,38.755,20.73,41.984,17.657,36.705,1,Agtron 45
6.84,25.591,17.147,39.196,21.129,41.846,18.044,36.774,1,Agtron 45
6.575,25.118,16.842,39.057,21.001,42.154,17.889,36.869,1,Agtron 45
7.861,27.595,16.432,38.379,21.919,42.844,18.915,38.021,1,Agtron 45
8.525,28.467,18.26,41.716,23.451,44.513,20.039,39.093,1,Agtron 45
7.352,26.47,18.446,41.781,22.477,43.697,19.009,37.921,1,Agtron 45
6.579,24.68,18.083,41.726,21.772,43.273,18.35,37.405,1,Agtron 45
7.134,26.291,18.125,41.565,22.013,43.317,18.586,37.546,1,Agtron 45
6.532,25.372,21.258,44.052,23.075,43.54,19.076,36.897,1,Agtron 45
6.495,24.983,20.528,43.337,22.577,43.114,18.793,36.777,1,Agtron 45
6.738,25.412,20.134,42.572,22.372,42.669,18.747,36.7,1,Agtron 45
6.314,24.568,21.343,44.125,23.014,43.349,19.051,36.812,1,Agtron 45
5.938,23.997,15.569,36.016,19.354,40.066,16.669,35.377,1,Agtron 35
5.786,24.096,14.978,35.108,19.073,39.975,16.415,35.214,1,Agtron 35
5.423,23.574,15.237,35.79,18.832,39.866,16.078,34.821,1,Agtron 35
5.283,23.175,15.333,35.44,18.592,39.217,15.931,34.429,1,Agtron 35
5.821,25.18,13.292,31.764,17.784,38.421,15.508,34.152,1,Agtron 35
5.866,25.214,13.449,31.885,18.012,38.571,15.708,34.287,1,Agtron 35
5.554,24.748,13.346,31.749,17.542,38.153,15.257,33.812,1,Agtron 35
7.253,28.493,13.805,32.313,18.992,39.46,16.648,35.342,1,Agtron 35
6.777,27.694,13.427,32.002,18.228,38.84,15.935,34.66,1,Agtron 35
5.863,24.422,14.959,35.023,18.869,39.572,16.277,34.986,1,Agtron 35
6.381,26.096,14.866,34.403,18.91,39.426,16.346,34.894,1,Agtron 35
5.999,24.754,14.553,34.36,18.592,39.286,16.071,34.749,1,Agtron 35
5.525,23.555,14.944,34.85,18.735,39.444,16.128,34.729,1,Agtron 35
6.64,25.767,15.115,34.94,19.642,40.168,17.072,35.814,1,Agtron 35
10.547,37.843,11.312,28.35,16.729,37.347,14.839,33.609,1,Agtron 25
9.692,36.56,11.002,27.938,16.06,36.711,14.211,32.953,1,Agtron 25
9.744,35.998,10.658,27.091,16.342,36.897,14.593,33.447,1,Agtron 25
10.232,37.31,11.234,28.162,16.584,37.165,14.718,33.532,1,Agtron 25
10.624,37.687,11.056,27.672,16.533,37.002,14.729,33.47,1,Agtron 25
16.976,44.208,8.073,24.263,15.082,35.796,13.606,32.276,1,Agtron 25
15.775,42.526,7.776,23.857,15.18,36.115,13.758,32.775,1,Agtron 25
16.896,44.652,7.991,24.34,15.047,35.863,13.582,32.345,1,Agtron 25
15.372,42.365,7.836,24.352,14.935,35.838,13.498,32.35,1,Agtron 25
8.36,32.997,11.589,28.238,16.575,36.599,14.687,32.926,1,Agtron 25
8.565,33.929,11.883,28.633,16.367,36.258,14.409,32.371,1,Agtron 25
8.169,32.733,12.025,29.077,16.516,36.647,14.564,32.842,1,Agtron 25
7.778,31.129,12.214,29.276,16.827,36.765,14.903,33.09,1,Agtron 25
8.901,34.35,11.649,28.292,16.428,36.494,14.549,32.832,1,Agtron 25
12.411,38.635,31.069,62.765,12.287,29.86,9.846,25.72,1,Agtron 25
11.119,35.593,31.181,63.125,12.67,30.707,10.29,26.846,1,Agtron 25
11.379,36.277,30.575,62.889,12.203,29.748,9.752,25.519,1,Agtron 25
11.616,36.952,32.382,64.261,12.204,29.645,9.715,25.405,1,Agtron 25
12.613,38.163,31.04,62.878,13.482,31.515,10.959,27.658,1,Agtron 25
8.942,27.858,34.244,69.067,18.112,36.393,14.28,31.461,1,Agtron 35
7.8,26.61,33.345,68.579,17.036,35.347,13.151,29.87,1,Agtron 35
7.988,26.617,34.406,69.588,17.623,35.858,13.72,30.695,1,Agtron 35
8.21,26.965,34.327,69.51,17.49,35.652,13.659,30.637,1,Agtron 35
8.85,28.704,32.058,65.346,15.89,33.778,12.581,29.263,1,Agtron 35
8.818,28.536,32.746,65.952,16.097,33.907,12.757,29.461,1,Agtron 35
8.594,27.654,33.638,67.414,15.99,33.822,12.699,29.538,1,Agtron 35
9.71,30.162,31.073,64.276,16.003,34.16,12.918,30.141,1,Agtron 35
8.172,28.819,39.406,73.431,18.041,35.726,13.265,28.712,1,Agtron 35
8.824,29.479,40.9,74.933,18.436,35.949,13.706,29.431,1,Agtron 35
8.001,28.002,39.801,74.034,17.848,35.601,13.026,28.372,1,Agtron 35
9.124,30.996,39.948,73.72,18.247,35.836,13.625,29.513,1,Agtron 35
7.04,24.161,41.809,75.771,22.673,41.526,16.323,31.884,1,Agtron 45
7.59,24.655,40.797,74.834,22.561,41.196,16.598,32.481,1,Agtron 45
7.251,24.171,40.571,74.652,22.214,40.646,16.397,32.307,1,Agtron 45
7.735,25.785,38.742,73.472,21.297,40.14,15.609,31.502,1,Agtron 45
8.407,28.872,35.993,71.395,19.763,39.49,14.713,31.514,1,Agtron 45
9.367,31.004,36.806,71.82,20.032,39.23,15.154,32.158,1,Agtron 45
9.011,30.307,37.12,72.382,19.342,38.424,14.584,31.487,1,Agtron 45
7.991,26.878,37.59,73.177,19.91,39.031,14.991,31.846,1,Agtron 45
8.476,26.029,37.246,72.718,24.194,44.141,18.427,35.759,1,Agtron 55
7.707,23.741,36.918,72.708,23.591,43.675,17.941,35.36,1,Agtron 55
8.218,25.359,37.151,72.872,24.015,43.922,18.295,35.648,1,Agtron 55
8.948,26.544,36.636,72.677,24.163,44.159,18.681,36.437,1,Agtron 55
6.898,22.914,41.199,75.582,23.341,42.582,16.917,33.031,1,Agtron 55
7.856,25.807,39.878,74.392,23.421,43.041,17.029,33.319,1,Agtron 55
7.708,24.894,40.477,74.747,23.585,42.774,17.239,33.465,1,Agtron 55
8.324,25.093,37.124,73.33,26.129,47.399,19.909,37.883,1,Agtron 65
8.188,25.019,37.321,73.174,26.818,48.314,20.502,38.627,1,Agtron 65
8.905,26.807,36.956,72.718,25.915,47.259,19.819,37.928,1,Agtron 65
8.012,25.213,37.147,72.759,26.178,47.577,19.988,38.09,1,Agtron 65
7.761,24.822,40.624,75.65,26.075,47.118,19.064,36.005,1,Agtron 65
8.385,26.443,39.932,75.095,25.577,46.688,18.705,35.646,1,Agtron 65
7.618,23.467,40.827,75.797,26.593,47.811,19.479,36.505,1,Agtron 65
8.623,26.223,39.649,74.55,26.559,47.941,19.642,36.925,1,Agtron 65
8.184,25.451,41.93,76.365,26.863,47.83,19.518,36.185,1,Agtron 65
8.067,24.515,41.66,76.362,26.898,47.84,19.647,36.451,1,Agtron 65
9.711,27.547,36.686,73.392,25.172,45.255,19.516,37.192,1,Agtron 65
8.082,25.24,37.792,74.299,25.0,45.307,19.026,36.507,1,Agtron 65
10.256,28.322,40.013,74.981,32.135,55.227,24.248,42.582,1,Agtron 75
8.646,25.42,41.482,75.839,31.153,53.74,23.172,40.989,1,Agtron 75
8.127,24.505,42.921,76.801,30.871,53.402,22.591,40.118,1,Agtron 75
8.783,25.914,41.018,75.19,31.154,54.017,23.235,41.249,1,Agtron 75
8.126,24.554,41.785,76.118,30.916,54.219,22.684,40.652,1,Agtron 75
9.106,25.715,42.36,76.115,31.804,54.197,23.591,41.237,1,Agtron 75
7.963,24.119,41.384,75.578,30.706,53.918,22.582,40.549,1,Agtron 75
1.847,8.586,12.566,33.66,7.541,21.301,6.387,18.411,1,Agtron 25
6.068,25.215,5.982,19.382,8.162,24.587,7.557,22.592,1,Agtron 25
1.915,7.426,17.024,44.064,9.837,26.003,7.829,21.125,1,Agtron 35
2.347,7.762,16.925,40.375,11.58,28.001,9.757,24.127,1,Agtron 35
2.022,7.736,19.736,50.478,12.227,31.914,9.343,24.808,1,Agtron 45
2.375,7.639,19.493,46.165,13.422,31.697,10.907,26.323,1,Agtron 45
2.025,7.645,20.297,52.075,12.745,33.338,9.629,25.57,1,Agtron 55
2.359,7.285,20.669,50.065,13.971,33.329,10.982,26.596,1,Agtron 55
2.316,9.847,21.3,54.572,14.182,36.878,10.653,28.151,1,Agtron 65
2.934,10.241,22.076,52.383,15.219,35.175,12.017,28.051,1,Agtron 65
11.268,38.072,22.709,56.887,23.098,47.057,19.198,40.087,1,Agtron 75
4.587,19.058,23.365,55.583,17.816,39.955,14.236,32.496,1,Agtron 75
2.03,8.394,11.52,31.119,6.877,19.337,5.934,16.838,0,Agtron 25
5.173,22.108,4.112,15.001,5.698,17.946,5.402,16.775,0,Agtron 25
2.022,5.565,17.221,44.278,8.891,23.727,7.221,19.58,0,Agtron 35
2.037,5.999,13.88,35.357,8.695,23.336,7.384,20.113,0,Agtron 35
2.128,5.602,19.594,49.774,11.311,29.705,8.934,23.783,0,Agtron 45
2.217,5.889,18.258,45.057,10.592,27.647,8.673,23.202,0,Agtron 45
2.124,5.619,19.756,50.318,11.928,31.302,9.374,24.905,0,Agtron 55
2.131,5.652,19.82,49.68,12.577,32.497,9.914,26.144,0,Agtron 55
2.201,5.722,21.768,54.691,13.449,34.754,10.388,27.214,0,Agtron 65
2.526,6.233,22.42,54.337,14.12,34.52,11.191,27.942,0,Agtron 65
2.422,6.091,21.984,54.092,16.004,39.774,12.576,31.722,0,Agtron 75
2.659,13.047,18.342,46.413,9.024,24.579,7.456,21.125,1,Agtron 25
9.48,31.524,10.627,33.785,7.573,23.37,6.961,21.848,1,Agtron 25
2.17,6.321,23.801,56.234,12.147,30.05,9.375,24.042,1,Agtron 35
2.384,8.635,20.819,49.768,11.593,28.801,9.462,24.492,1,Agtron 35
2.291,6.124,26.706,62.531,15.352,37.134,11.432,28.491,1,Agtron 45
2.454,7.332,24.783,57.542,13.614,32.729,10.638,26.689,1,Agtron 45
2.439,6.266,27.834,64.239,16.127,38.19,12.004,29.301,1,Agtron 55
2.641,6.917,27.785,63.722,16.369,37.809,12.39,29.789,1,Agtron 55
2.851,6.932,30.183,67.297,18.599,41.709,13.972,32.237,1,Agtron 65
3.292,7.7,30.628,66.638,19.016,40.597,14.658,32.271,1,Agtron 65
3.116,7.528,30.143,67.434,21.088,46.366,15.976,35.788,1,Agtron 75
3.46,7.957,31.393,67.694,21.096,44.485,16.232,35.012,1,Agtron 75
3.473,17.176,16.004,40.842,8.534,23.215,7.17,20.041,0,Agtron 25
10.005,32.673,9.742,32.509,7.309,22.374,6.72,20.864,0,Agtron 25
2.355,8.945,21.577,51.758,10.808,27.316,8.485,22.068,0,Agtron 35
2.684,12.179,18.626,45.714,10.16,26.126,8.311,22.049,0,Agtron 35
2.396,7.755,24.965,58.803,14.087,34.74,10.697,27.048,0,Agtron 45
2.449,9.668,22.387,53.451,11.912,29.989,9.287,24.141,0,Agtron 45
2.383,6.905,25.535,60.035,14.598,35.84,11.006,27.594,0,Agtron 55
2.289,7.186,25.568,60.55,14.415,35.314,10.736,27.167,0,Agtron 55
2.575,7.049,27.574,63.613,16.699,39.79,12.513,30.449,0,Agtron 65
2.701,7.379,27.567,63.413,16.42,38.349,12.401,29.674,0,Agtron 65
2.947,7.428,29.261,66.192,20.064,45.364,15.232,35.164,0,Agtron 75
2.84,7.416,28.903,65.168,19.435,43.818,14.711,34.015,0,Agtron 75
2.642,9.649,23.183,52.078,8.524,23.776,6.758,19.369,0,Agtron 25
2.093,9.535,20.894,53.084,7.592,21.26,5.801,17.226,0,Agtron 35
2.166,8.217,23.926,58.462,10.392,27.542,7.735,21.521,0,Agtron 45
2.143,8.838,24.344,60.144,10.899,27.876,7.976,21.557,0,Agtron 55
2.145,7.604,21.3,57.817,12.055,31.744,9.3,25.822,0,Agtron 75
2.034,8.339,19.179,53.43,10.591,29.589,8.109,23.612,0,Agtron 65
4.701,15.515,17.94,41.081,12.588,29.55,11.149,26.914,1,Agtron 25
4.67,16.009,18.545,46.014,13.983,32.545,12.254,29.839,1,Agtron 35
4.273,14.359,20.996,50.531,16.385,36.471,13.974,32.363,1,Agtron 45
4.125,13.805,21.654,52.401,16.509,36.194,13.89,31.745,1,Agtron 55
6.82,20.648,19.447,49.976,23.295,45.205,20.799,41.518,1,Agtron 75
7.42,21.056,18.309,47.232,24.495,45.851,22.266,42.813,1,Agtron 65
4.14,9.81,36.025,66.415,19.069,39.509,15.182,31.965,1,Agtron 25
3.32,11.564,21.019,48.656,13.85,34.283,11.407,28.329,1,Agtron 25
3.182,8.88,26.264,57.413,17.578,40.399,13.867,32.287,1,Agtron 35
3.603,10.586,26.811,58.891,18.65,41.75,14.664,33.442,1,Agtron 45
3.758,9.654,30.993,64.118,21.936,45.624,17.034,36.114,1,Agtron 55
3.928,9.075,29.67,62.079,22.239,44.917,17.818,36.624,1,Agtron 65
4.43,10.269,33.843,67.07,24.204,46.476,19.051,37.284,1,Agtron 75
7.591,26.04,10.467,32.882,10.93,31.572,9.62,27.0,1,Agtron 25
8.36,28.013,11.547,35.286,11.473,32.3,9.994,27.341,1,Agtron 25
3.648,13.452,20.587,47.409,14.387,35.134,11.853,28.806,0,Agtron 25
3.447,10.161,25.774,55.333,17.988,40.573,14.374,32.666,0,Agtron 35
3.415,10.748,25.035,56.258,17.376,39.98,13.713,31.948,0,Agtron 45
3.751,10.472,29.032,61.502,20.468,43.629,16.012,34.662,0,Agtron 55
3.395,9.183,26.093,58.746,18.999,42.084,15.087,33.85,0,Agtron 65
3.842,9.946,30.173,63.503,21.568,44.725,16.926,35.561,0,Agtron 75
3.218,12.395,19.48,48.559,13.776,34.003,11.122,27.986,1,Agtron 65
2.289,7.799,18.883,46.816,12.605,31.83,10.003,25.637,1,Agtron 55
2.161,7.884,17.23,44.455,11.072,29.481,8.874,24.01,1,Agtron 45
2.112,7.009,16.883,42.16,10.112,26.478,8.228,21.771,1,Agtron 35
2.233,8.038,12.981,32.636,8.766,23.323,7.541,20.124,1,Agtron 25
3.739,10.402,23.383,50.299,18.451,37.88,15.321,31.85,1,Agtron 75
2.468,6.728,20.609,50.69,13.811,35.39,11.021,28.633,0,Agtron 65
2.06,6.439,17.957,45.319,11.72,31.238,9.33,25.249,0,Agtron 55
1.934,6.301,16.27,42.725,10.088,28.79,8.104,23.4,0,Agtron 45
2.086,7.244,15.471,39.152,9.233,25.336,7.603,21.018,0,Agtron 35
2.528,11.029,11.681,29.579,8.112,21.784,7.057,19.028,0,Agtron 25
3.118,7.417,22.274,49.978,18.535,41.716,15.331,35.068,0,Agtron 75
4.117,13.153,24.455,48.455,20.039,42.924,16.884,36.383,0,Agtron 25
3.781,8.87,29.033,56.676,22.1,44.927,18.227,37.794,0,Agtron 35
3.572,8.868,28.356,58.349,20.921,43.607,17.078,36.614,0,Agtron 45
3.842,9.364,29.692,61.157,21.393,43.289,17.451,36.595,0,Agtron 55
4.178,9.9,31.413,62.861,23.665,46.031,19.135,38.023,0,Agtron 65
3.946,9.458,31.762,64.157,22.541,44.692,17.96,36.45,0,Agtron 75
5.943,10.843,39.787,65.179,25.07,43.359,21.1,37.265,1,Agtron 25
5.854,10.613,42.716,72.019,25.026,43.225,20.592,36.688,1,Agtron 35
5.903,11.024,44.067,74.515,26.034,44.125,21.114,37.107,1,Agtron 45
5.257,9.987,43.607,74.124,26.546,44.507,20.924,36.429,1,Agtron 55
6.07,10.483,44.28,75.22,28.672,46.418,23.203,38.707,1,Agtron 65
5.934,10.837,42.539,74.428,27.998,46.361,22.626,38.555,1,Agtron 75
