55.14,63.559,20.616,33.855,73.271,92.839,69.13,89.769,0,Agtron 25
48.475,59.993,19.726,33.112,69.138,91.153,65.357,88.169,0,Agtron 25
61.424,61.503,21.722,32.642,91.049,96.646,86.321,93.645,0,Agtron 25
55.122,62.179,20.602,32.877,77.407,94.034,73.266,91.03,0,Agtron 25
60.717,62.226,21.09,32.424,87.776,96.135,83.292,93.16,0,Agtron 25
64.812,62.356,20.43,30.202,84.38,97.0,80.024,93.741,0,Agtron 25
60.415,62.378,19.461,30.059,77.665,88.046,73.808,85.173,0,Agtron 25
59.966,62.619,19.092,29.37,74.657,87.428,70.968,84.605,0,Agtron 25
63.286,61.781,20.69,31.008,83.014,89.311,78.778,86.323,0,Agtron 25
63.243,62.856,20.367,30.447,80.687,88.61,76.558,85.634,0,Agtron 25
61.087,62.753,20.505,31.067,78.785,87.889,74.699,84.937,0,Agtron 25
61.495,61.307,18.651,29.463,84.699,97.235,80.913,94.544,0,Agtron 25
63.974,61.655,19.226,30.016,87.939,97.866,84.121,95.38,0,Agtron 25
52.41,60.577,25.355,40.513,80.969,86.607,75.927,83.767,0,Agtron 35
54.583,60.587,25.828,41.047,84.51,87.663,79.304,84.832,0,Agtron 35
51.034,59.344,23.447,40.679,83.307,95.298,78.831,92.883,0,Agtron 35
51.646,58.966,23.941,41.063,85.016,95.446,80.381,93.019,0,Agtron 35
52.782,59.255,25.14,40.514,84.156,87.68,79.224,85.081,0,Agtron 35
50.607,58.663,25.438,43.526,83.608,94.435,78.637,91.893,0,Agtron 35
54.534,58.905,25.636,43.33,91.559,95.996,86.367,93.544,0,Agtron 35
51.88,58.501,25.968,44.205,87.478,95.388,82.265,92.784,0,Agtron 35
52.134,58.091,25.926,44.446,89.021,95.828,83.827,93.279,0,Agtron 35
52.547,58.957,26.704,44.259,85.774,87.765,80.389,85.026,0,Agtron 35
52.661,59.1,27.03,44.491,85.813,87.659,80.374,84.857,0,Agtron 35
49.27,56.819,28.915,49.941,86.543,93.614,80.578,90.635,0,Agtron 45
47.657,56.171,29.088,49.655,84.112,93.252,78.221,90.244,0,Agtron 45
48.115,56.536,29.313,50.881,85.023,93.225,79.074,90.339,0,Agtron 45
48.482,55.863,29.847,50.334,85.656,92.849,79.589,89.77,0,Agtron 45
47.157,55.782,29.147,50.722,85.171,93.481,79.31,90.681,0,Agtron 45
38.416,54.23,28.684,50.834,65.165,80.015,59.758,76.491,0,Agtron 45
32.107,52.351,27.533,51.84,55.447,75.614,50.532,72.208,0,Agtron 45
44.77,56.006,28.323,50.049,80.074,92.697,74.303,89.519,0,Agtron 45
43.085,55.509,28.084,50.551,76.416,91.502,70.844,88.412,0,Agtron 45
46.937,56.037,28.984,50.978,84.554,93.593,78.73,90.818,0,Agtron 45
12.646,39.222,26.913,56.272,18.166,37.779,13.867,29.255,0,Agtron 55
42.155,54.917,29.383,53.83,77.016,91.451,71.164,88.49,0,Agtron 55
41.57,54.951,29.053,53.966,75.566,91.158,69.764,88.097,0,Agtron 55
43.995,54.89,29.597,53.323,80.325,92.512,74.284,89.4,0,Agtron 55
45.628,56.013,32.661,53.935,79.583,84.02,72.624,79.992,0,Agtron 55
42.188,53.531,31.651,53.867,76.614,83.717,70.15,80.037,0,Agtron 55
49.807,54.679,31.743,53.35,92.786,93.784,85.945,90.778,0,Agtron 55
12.741,38.652,27.071,55.796,18.663,38.283,14.342,29.789,0,Agtron 55
44.362,53.512,32.727,54.715,81.687,84.566,74.938,81.024,0,Agtron 55
43.354,53.674,32.546,56.414,80.962,91.729,74.013,87.749,0,Agtron 65
41.087,52.677,33.55,56.073,74.087,82.785,67.102,78.233,0,Agtron 65
11.382,34.622,26.665,57.036,18.745,40.146,14.382,31.135,0,Agtron 65
43.0,52.487,32.89,55.141,78.654,84.445,71.646,80.059,0,Agtron 65
39.688,51.899,30.38,54.813,75.489,90.644,69.193,86.759,0,Agtron 65
39.389,51.831,30.634,54.999,75.021,90.601,68.703,86.699,0,Agtron 65
11.187,34.409,26.55,57.535,19.049,40.671,14.65,31.564,0,Agtron 65
39.995,52.349,30.077,54.542,76.013,91.21,69.926,87.602,0,Agtron 65
11.857,36.346,26.124,56.558,18.548,39.515,14.282,30.675,0,Agtron 65
40.641,52.488,30.33,54.732,77.557,91.532,71.343,87.851,0,Agtron 65
11.985,36.69,26.291,56.716,18.559,39.481,14.293,30.69,0,Agtron 65
12.9,39.867,27.708,58.633,19.225,40.565,14.669,31.332,0,Agtron 65
39.687,54.105,29.84,55.093,73.317,90.092,67.15,86.202,0,Agtron 65
41.8,54.217,30.764,55.548,77.459,91.445,71.078,87.548,0,Agtron 65
42.502,54.594,31.222,56.076,78.565,91.67,72.019,87.694,0,Agtron 65
42.066,54.3,31.094,56.137,78.186,91.61,71.589,87.573,0,Agtron 65
42.647,54.9,30.247,55.176,78.617,91.807,72.26,88.032,0,Agtron 65
44.662,55.393,31.567,56.195,82.482,92.603,75.774,88.838,0,Agtron 65
46.332,55.988,31.515,55.48,84.475,92.789,77.66,88.974,0,Agtron 65
12.599,39.707,26.791,57.652,18.632,39.658,14.288,30.819,0,Agtron 65
12.113,38.162,27.113,58.161,18.691,39.662,14.305,30.719,0,Agtron 65
39.668,51.989,30.239,55.248,75.937,90.573,69.628,86.646,0,Agtron 65
42.241,52.925,31.23,55.522,80.625,92.006,74.065,88.167,0,Agtron 65
11.219,34.878,26.255,57.289,18.499,39.728,14.199,30.736,0,Agtron 65
11.448,34.371,27.45,59.103,20.332,43.33,15.599,33.578,0,Agtron 75
12.126,36.275,27.636,59.359,21.11,44.902,16.219,34.845,0,Agtron 75
12.418,37.792,27.466,59.383,19.956,42.702,15.219,32.919,0,Agtron 75
11.874,36.211,27.126,59.162,19.725,42.611,15.034,32.783,0,Agtron 75
11.861,35.597,27.306,59.289,19.514,42.222,14.883,32.568,0,Agtron 75
12.026,35.921,27.16,58.772,20.352,43.945,15.615,34.114,0,Agtron 75
11.401,34.647,26.531,58.496,19.066,41.682,14.553,32.119,0,Agtron 75
11.749,35.072,27.199,58.789,20.084,43.399,15.367,33.58,0,Agtron 75
11.52,34.892,27.258,59.155,19.397,42.122,14.724,32.32,0,Agtron 75
10.897,32.704,26.903,58.327,19.955,43.267,15.33,33.586,0,Agtron 75
11.154,33.55,27.115,58.717,19.738,42.814,15.099,33.031,0,Agtron 75
10.931,32.998,27.974,59.334,19.762,42.289,15.011,32.541,0,Agtron 75
43.731,59.65,28.081,51.263,60.69,81.214,56.603,77.98,1,Agtron 25
37.581,54.974,32.131,58.943,61.859,80.794,57.431,77.866,1,Agtron 25
42.808,58.792,28.143,52.177,60.733,81.369,56.691,78.198,1,Agtron 25
37.64,55.073,33.01,59.452,61.55,80.655,56.934,77.53,1,Agtron 25
42.572,59.109,28.166,52.214,59.366,80.621,55.406,77.499,1,Agtron 25
36.464,54.355,32.466,59.205,60.789,80.01,56.415,77.186,1,Agtron 25
41.271,58.517,28.526,52.599,58.29,79.724,54.385,76.776,1,Agtron 25
35.408,53.908,32.526,59.774,59.046,79.26,54.794,76.522,1,Agtron 25
42.025,58.761,28.728,52.853,59.539,80.557,55.576,77.544,1,Agtron 25
35.581,53.968,32.003,58.465,59.481,79.401,55.165,76.629,1,Agtron 25
40.026,58.438,27.894,52.545,55.357,78.137,51.701,75.343,1,Agtron 25
24.84,48.367,29.708,58.608,39.379,65.648,36.195,63.512,1,Agtron 25
31.266,55.121,25.399,51.802,38.582,65.645,35.875,63.544,1,Agtron 25
36.262,54.404,31.97,58.422,60.31,80.212,55.956,77.349,1,Agtron 25
39.682,58.32,26.935,51.77,54.165,77.514,50.634,74.769,1,Agtron 25
33.346,52.654,32.04,59.213,56.334,77.641,52.169,74.919,1,Agtron 25
42.318,59.518,27.092,51.541,57.248,79.815,53.569,76.963,1,Agtron 25
34.702,53.939,32.189,59.508,57.159,78.542,52.939,75.802,1,Agtron 25
35.871,56.792,26.556,51.852,48.076,73.249,44.796,70.708,1,Agtron 25
35.052,54.125,31.663,58.614,57.464,78.548,53.219,75.723,1,Agtron 25
41.769,58.978,27.123,51.205,57.686,79.478,53.898,76.515,1,Agtron 25
32.196,52.606,30.866,58.358,53.038,75.879,49.158,73.293,1,Agtron 25
34.039,55.983,25.959,51.932,44.846,70.97,41.866,68.696,1,Agtron 25
27.163,49.812,30.44,59.24,44.007,69.589,40.572,67.354,1,Agtron 25
30.141,52.708,35.695,65.756,52.888,73.32,47.956,70.413,1,Agtron 35
30.667,52.985,37.022,68.188,53.681,73.429,48.447,70.416,1,Agtron 35
30.287,53.48,35.082,65.829,51.147,72.057,46.353,69.199,1,Agtron 35
28.309,51.429,35.928,67.844,50.168,70.959,45.239,67.988,1,Agtron 35
30.868,53.175,35.151,65.424,54.236,74.007,49.304,71.12,1,Agtron 35
28.952,51.873,35.389,67.259,50.912,71.373,46.02,68.469,1,Agtron 35
31.23,51.49,34.493,59.991,52.124,75.364,46.376,70.142,1,Agtron 35
29.942,50.581,35.184,62.28,49.349,72.856,43.712,67.867,1,Agtron 35
31.543,52.469,36.626,66.95,55.747,73.983,50.79,71.551,1,Agtron 35
28.504,48.56,35.26,65.942,59.597,75.653,55.538,74.56,1,Agtron 35
31.118,51.755,36.187,66.81,56.888,74.798,52.1,72.63,1,Agtron 35
33.017,53.274,35.131,64.348,58.431,75.861,53.727,73.685,1,Agtron 35
32.7,52.903,36.274,66.96,57.76,75.102,52.864,72.869,1,Agtron 35
31.824,52.808,35.455,64.941,56.713,74.865,52.022,72.644,1,Agtron 35
33.978,53.731,35.945,66.517,59.414,76.079,54.474,73.802,1,Agtron 35
32.341,52.789,36.143,65.527,58.167,75.526,53.335,73.319,1,Agtron 35
32.122,52.343,36.337,66.803,57.891,75.297,52.996,73.056,1,Agtron 35
31.815,51.96,35.555,65.312,57.744,75.597,53.052,73.422,1,Agtron 35
31.249,51.88,36.3,66.928,57.069,74.7,52.142,72.371,1,Agtron 35
31.984,52.492,35.486,65.307,57.153,75.113,52.485,72.924,1,Agtron 35
30.704,51.444,37.129,67.985,56.537,74.458,51.633,72.262,1,Agtron 35
30.627,51.498,35.779,65.443,56.612,74.69,51.953,72.563,1,Agtron 35
31.363,52.087,36.305,66.983,57.381,74.892,52.532,72.742,1,Agtron 35
32.918,52.487,35.787,65.23,60.074,76.625,55.377,74.622,1,Agtron 35
30.684,51.31,37.005,67.497,56.957,74.565,52.046,72.364,1,Agtron 35
32.152,52.677,35.549,65.293,58.936,75.838,54.288,73.863,1,Agtron 35
35.349,56.142,39.526,71.45,56.924,74.684,50.965,71.073,1,Agtron 45
33.097,54.319,40.044,71.966,56.361,74.359,50.428,70.86,1,Agtron 45
33.967,54.397,39.603,71.598,58.604,75.708,52.76,72.448,1,Agtron 45
32.522,53.799,39.991,71.787,56.459,74.247,50.532,70.791,1,Agtron 45
33.453,54.159,39.398,71.449,57.728,75.141,51.885,71.753,1,Agtron 45
34.68,55.469,39.91,71.833,58.025,75.29,51.984,71.737,1,Agtron 45
36.61,56.452,38.781,70.698,60.401,76.662,54.472,73.271,1,Agtron 45
36.454,57.322,40.288,72.223,56.355,74.15,50.286,70.461,1,Agtron 45
36.495,56.863,38.975,70.7,58.14,75.381,52.174,71.764,1,Agtron 45
31.901,50.722,40.08,67.466,55.347,76.355,48.523,70.665,1,Agtron 45
35.54,52.614,39.215,65.465,60.897,79.54,53.827,73.785,1,Agtron 45
32.953,51.244,39.144,66.467,56.392,76.943,49.559,71.174,1,Agtron 45
33.095,54.334,39.8,71.931,56.148,73.75,50.022,69.951,1,Agtron 55
31.183,52.279,42.503,73.876,56.752,74.228,50.215,70.226,1,Agtron 55
29.55,49.616,39.665,67.581,51.102,73.274,44.25,67.054,1,Agtron 55
29.809,50.076,39.014,66.962,50.671,73.395,43.923,67.197,1,Agtron 55
28.062,48.843,38.537,67.204,47.801,71.227,41.304,65.084,1,Agtron 55
30.096,50.072,39.166,67.782,51.694,74.116,45.044,68.288,1,Agtron 55
31.27,50.532,39.396,67.273,53.928,75.04,47.052,69.07,1,Agtron 55
32.303,53.075,40.468,72.187,58.366,74.944,52.064,71.197,1,Agtron 55
35.19,55.275,39.862,71.936,60.007,75.848,53.64,72.073,1,Agtron 55
37.414,57.409,40.053,71.806,58.953,75.731,52.548,71.774,1,Agtron 55
35.686,56.452,39.925,72.248,57.983,74.795,51.658,70.907,1,Agtron 55
33.465,54.102,40.981,72.686,58.994,75.293,52.518,71.44,1,Agtron 55
34.189,54.754,40.527,72.473,58.729,75.164,52.289,71.228,1,Agtron 55
35.396,55.016,40.569,72.168,62.851,77.649,56.353,74.038,1,Agtron 55
34.326,54.568,38.942,71.438,60.14,75.852,53.991,72.253,1,Agtron 55
34.07,54.136,40.377,72.385,61.363,76.669,54.981,73.075,1,Agtron 55
35.645,55.56,38.704,71.356,61.56,76.613,55.433,73.133,1,Agtron 55
35.047,54.259,40.053,72.354,63.592,78.005,57.25,74.574,1,Agtron 55
33.609,53.43,39.577,71.974,61.57,76.683,55.313,73.171,1,Agtron 55
35.802,54.667,40.618,72.611,65.442,78.846,58.889,75.379,1,Agtron 55
28.947,50.984,37.349,70.41,55.207,73.052,49.49,69.35,1,Agtron 65
30.748,51.994,38.977,71.431,58.264,74.677,52.212,70.967,1,Agtron 65
27.232,48.921,39.139,71.724,54.326,72.234,48.35,68.313,1,Agtron 65
30.478,51.136,40.003,72.405,59.704,75.65,53.447,71.896,1,Agtron 65
29.88,51.259,38.596,71.058,57.312,74.103,51.316,70.299,1,Agtron 65
30.566,51.723,38.915,71.388,57.872,74.631,51.791,70.791,1,Agtron 65
30.401,52.392,40.075,72.452,55.078,72.658,48.795,68.443,1,Agtron 65
27.26,49.575,39.01,71.942,53.052,71.645,47.138,67.669,1,Agtron 65
31.002,52.123,39.078,71.277,58.84,75.001,52.646,71.085,1,Agtron 65
33.64,54.015,38.929,71.012,62.15,77.016,55.874,73.26,1,Agtron 65
34.038,54.069,38.505,70.576,62.666,76.929,56.396,73.167,1,Agtron 65
32.129,52.676,38.818,71.157,60.326,75.808,54.146,72.022,1,Agtron 65
30.452,52.5,36.811,69.459,55.758,73.157,49.985,69.331,1,Agtron 65
33.047,53.91,37.867,70.094,60.196,75.703,54.134,71.936,1,Agtron 65
33.441,54.215,37.182,68.858,60.404,75.992,54.411,72.114,1,Agtron 65
33.401,53.95,37.601,69.479,60.299,75.875,54.347,72.132,1,Agtron 65
31.843,52.545,37.732,69.313,59.513,75.491,53.487,71.569,1,Agtron 65
33.403,53.58,38.971,70.157,61.362,76.196,55.147,72.312,1,Agtron 65
33.401,53.768,37.929,69.489,61.117,76.358,54.989,72.447,1,Agtron 65
31.475,53.271,37.535,69.781,55.961,73.36,50.183,69.535,1,Agtron 65
33.413,54.225,37.3,69.088,59.973,75.782,53.983,71.895,1,Agtron 65
32.642,54.074,37.685,69.609,57.523,74.281,51.669,70.47,1,Agtron 65
32.663,53.93,37.481,69.499,58.581,74.849,52.656,70.991,1,Agtron 65
31.542,53.118,37.633,69.646,56.686,73.746,50.821,69.869,1,Agtron 65
32.741,53.464,37.462,69.216,59.761,75.472,53.788,71.598,1,Agtron 65
37.101,55.372,39.187,69.758,66.713,78.822,60.253,75.076,1,Agtron 65
35.251,54.22,38.034,68.668,64.213,77.409,57.962,73.48,1,Agtron 65
36.127,55.506,37.848,68.666,63.097,76.923,56.953,73.101,1,Agtron 65
33.788,53.171,36.497,67.733,65.895,78.99,59.565,74.903,1,Agtron 75
9.017,30.165,33.681,68.795,19.696,42.591,14.822,32.935,1,Agtron 75
31.332,52.11,35.498,66.941,61.376,76.697,55.314,72.471,1,Agtron 75
9.377,31.008,33.761,68.577,19.809,42.717,14.91,33.098,1,Agtron 75
9.538,31.266,34.368,69.264,19.949,42.727,14.969,33.038,1,Agtron 75
9.607,31.437,34.122,68.782,20.316,43.495,15.291,33.724,1,Agtron 75
9.281,30.802,34.217,69.185,20.031,42.852,15.056,33.193,1,Agtron 75
32.71,53.612,36.086,67.391,61.56,76.656,55.267,72.195,1,Agtron 75
9.42,31.058,34.1,68.888,19.993,42.834,15.038,33.146,1,Agtron 75
30.713,52.275,36.175,67.69,59.276,75.476,53.109,71.008,1,Agtron 75
9.329,30.897,34.25,69.406,19.559,42.258,14.621,32.537,1,Agtron 75
9.011,30.188,33.633,68.616,19.816,42.89,14.948,33.262,1,Agtron 75
30.337,50.705,36.643,68.436,60.446,75.737,54.373,71.57,1,Agtron 75
28.906,50.346,35.884,67.834,58.016,74.712,52.033,70.389,1,Agtron 75
24.882,48.762,24.212,48.126,31.701,58.929,28.986,55.525,0,Agtron 25
26.732,51.415,24.234,47.749,30.37,57.759,27.523,53.853,0,Agtron 25
27.206,50.911,24.448,47.388,32.123,59.49,29.16,55.396,0,Agtron 25
28.025,51.855,24.884,47.763,32.553,59.607,29.468,55.394,0,Agtron 25
34.307,54.679,26.692,46.783,43.695,70.433,39.355,64.559,0,Agtron 25
28.258,52.203,24.801,47.522,32.018,59.602,28.953,55.299,0,Agtron 25
11.55,27.545,34.769,63.08,47.849,73.328,44.806,71.621,0,Agtron 25
9.537,21.448,35.315,63.309,46.876,72.9,43.702,70.956,0,Agtron 25
9.802,21.653,35.628,63.106,48.471,73.838,45.221,71.842,0,Agtron 25
11.111,25.695,32.327,59.065,43.397,71.236,40.632,69.205,0,Agtron 25
11.473,27.062,31.26,57.585,42.115,70.029,39.464,67.999,0,Agtron 25
11.475,26.833,32.092,58.255,42.575,70.458,39.84,68.375,0,Agtron 25
10.88,25.453,31.975,58.721,42.351,70.717,39.635,68.587,0,Agtron 25
11.23,26.126,32.139,58.793,42.788,70.941,40.038,68.865,0,Agtron 25
11.959,28.982,30.361,56.346,42.76,71.496,40.053,69.368,0,Agtron 25
16.839,35.765,27.512,54.19,42.968,70.261,40.765,68.805,0,Agtron 25
17.921,37.172,31.967,60.991,43.135,68.592,39.945,66.623,0,Agtron 35
8.967,18.266,38.395,68.037,48.481,73.36,44.689,71.181,0,Agtron 35
11.894,26.305,36.249,66.563,47.5,71.352,44.111,69.735,0,Agtron 35
9.238,19.349,38.38,68.304,47.523,71.887,43.844,69.922,0,Agtron 35
12.071,27.275,35.199,65.813,42.508,67.579,39.281,65.814,0,Agtron 35
14.724,31.882,34.395,63.781,49.6,72.982,46.108,71.169,0,Agtron 35
23.973,47.679,28.084,53.251,32.857,58.659,29.191,53.84,0,Agtron 35
25.758,49.416,27.69,52.13,34.644,60.376,30.669,55.038,0,Agtron 35
27.098,49.139,29.544,53.556,39.225,64.275,34.894,58.828,0,Agtron 35
22.029,45.476,27.561,54.297,32.182,57.406,28.827,53.409,0,Agtron 35
23.644,46.827,28.322,53.776,34.388,59.385,30.656,54.8,0,Agtron 35
22.348,44.643,29.795,58.481,37.382,62.189,33.742,58.526,0,Agtron 35
21.27,43.998,29.207,57.76,33.547,58.508,30.027,54.635,0,Agtron 35
20.181,43.899,29.503,58.702,32.029,56.698,28.682,53.192,0,Agtron 35
18.231,41.777,30.098,60.679,32.554,57.186,29.348,54.382,0,Agtron 35
12.074,30.899,33.152,64.931,36.814,61.137,33.503,58.964,0,Agtron 35
14.951,32.134,34.347,65.272,50.889,72.52,47.332,70.89,0,Agtron 35
11.104,29.624,33.473,65.581,35.231,59.76,31.924,57.506,0,Agtron 35
12.314,34.428,30.831,63.224,27.702,51.55,24.715,48.977,0,Agtron 35
12.159,33.212,32.156,64.354,30.86,54.651,27.767,52.307,0,Agtron 35
7.007,21.275,32.712,67.285,25.648,49.362,22.361,45.927,0,Agtron 45
7.076,20.491,36.025,69.923,27.378,50.659,23.639,46.757,0,Agtron 45
7.112,20.87,32.774,67.325,26.973,51.078,23.664,47.858,0,Agtron 45
7.598,22.534,33.864,68.141,27.061,50.773,23.65,47.338,0,Agtron 45
7.536,21.806,33.642,67.99,27.284,50.923,23.884,47.609,0,Agtron 45
8.162,23.147,33.587,67.769,28.603,52.453,25.268,49.439,0,Agtron 45
8.383,24.273,31.895,66.371,27.627,51.629,24.458,48.677,0,Agtron 45
8.984,26.024,33.803,67.834,27.579,51.077,24.196,47.839,0,Agtron 45
9.829,26.894,32.09,66.236,30.307,54.499,27.082,51.779,0,Agtron 45
10.49,28.444,32.503,67.019,30.036,54.199,26.745,51.321,0,Agtron 45
12.421,31.445,32.121,66.052,33.322,57.996,30.018,55.29,0,Agtron 45
14.554,33.712,33.057,66.544,38.709,63.04,35.174,60.359,0,Agtron 45
23.597,42.414,33.488,64.877,53.238,73.902,49.019,70.86,0,Agtron 45
8.948,16.72,41.263,72.887,55.871,76.028,50.985,73.423,0,Agtron 55
8.274,15.739,41.066,72.554,51.673,72.98,46.771,70.078,0,Agtron 55
7.763,15.065,42.224,73.408,47.996,70.558,42.949,67.111,0,Agtron 55
7.889,15.708,41.645,73.079,47.991,70.449,43.046,67.225,0,Agtron 55
7.848,15.668,41.121,72.61,47.51,70.41,42.618,67.132,0,Agtron 55
7.161,14.951,41.698,73.392,42.515,66.432,37.581,62.634,0,Agtron 55
7.629,15.377,41.913,73.36,46.142,69.36,41.21,65.968,0,Agtron 55
7.871,14.995,42.977,73.955,48.291,70.738,43.183,67.42,0,Agtron 55
8.343,15.365,41.396,72.405,53.37,74.498,48.296,71.477,0,Agtron 55
9.044,15.753,41.008,71.598,58.501,77.433,53.467,74.788,0,Agtron 55
7.156,26.422,35.311,69.826,17.693,36.415,13.723,29.536,0,Agtron 55
8.275,29.276,34.577,68.632,17.253,35.795,13.478,29.262,0,Agtron 55
4.314,14.772,37.7,72.396,18.029,37.124,13.734,29.635,0,Agtron 55
9.288,18.604,42.982,71.573,53.676,74.394,48.324,71.205,0,Agtron 55
8.468,18.083,40.989,70.0,49.299,71.401,44.171,68.143,0,Agtron 55
8.14,16.502,41.635,70.316,49.152,70.997,43.966,67.676,0,Agtron 55
4.342,14.237,37.3,70.943,19.385,39.024,15.054,31.916,0,Agtron 55
8.851,19.721,40.347,69.657,47.952,70.015,42.961,66.827,0,Agtron 55
9.252,20.9,40.482,69.998,49.338,71.057,44.336,68.042,0,Agtron 55
8.057,16.351,41.357,70.487,48.826,71.14,43.662,67.813,0,Agtron 55
8.736,18.875,40.72,69.926,49.112,70.877,44.105,67.813,0,Agtron 55
4.537,15.368,37.755,71.544,19.186,38.543,14.781,31.178,0,Agtron 55
11.997,28.349,38.332,68.653,47.892,69.704,43.227,66.961,0,Agtron 55
8.065,17.03,40.975,70.354,47.307,69.927,42.205,66.513,0,Agtron 55
8.452,17.838,40.819,70.014,48.408,70.565,43.399,67.391,0,Agtron 55
9.434,21.063,40.108,69.814,49.082,70.746,44.2,67.891,0,Agtron 55
8.394,18.86,40.406,69.825,47.069,69.433,42.037,66.111,0,Agtron 55
8.041,16.871,40.956,70.185,48.261,70.647,43.145,67.3,0,Agtron 55
8.393,17.737,40.88,69.785,48.877,71.142,43.801,67.862,0,Agtron 55
15.692,38.11,35.025,68.336,37.325,60.371,32.873,56.443,0,Agtron 65
10.771,26.554,38.295,70.221,46.373,68.702,41.421,65.111,0,Agtron 65
6.209,22.74,35.104,70.605,19.835,40.525,15.429,32.675,0,Agtron 65
8.849,23.086,38.607,70.293,41.158,64.958,36.112,60.532,0,Agtron 65
8.539,21.387,39.321,71.048,41.752,65.018,36.674,60.654,0,Agtron 65
5.424,19.233,36.007,71.055,20.815,41.784,16.239,33.828,0,Agtron 65
8.737,29.83,34.775,69.534,20.465,41.094,16.174,33.786,0,Agtron 65
5.307,18.874,36.249,71.329,20.8,41.682,16.265,33.953,0,Agtron 65
9.481,23.773,37.737,69.844,42.045,65.17,37.205,61.265,0,Agtron 65
4.467,13.965,37.187,72.122,21.552,43.007,16.859,35.062,0,Agtron 65
4.176,12.502,37.788,72.97,21.294,42.513,16.456,34.164,0,Agtron 65
6.961,14.19,41.695,72.382,42.683,65.956,37.179,61.151,0,Agtron 65
6.684,13.939,41.375,72.093,40.973,64.455,35.489,59.313,0,Agtron 65
4.157,12.27,37.689,72.695,21.483,42.804,16.663,34.64,0,Agtron 65
6.586,13.735,41.015,71.847,40.88,64.498,35.399,59.371,0,Agtron 65
4.041,12.299,37.582,73.018,20.288,41.284,15.59,32.97,0,Agtron 65
4.217,12.651,37.639,72.811,21.351,42.802,16.578,34.666,0,Agtron 65
6.361,13.385,40.8,71.779,39.767,63.414,34.398,58.322,0,Agtron 65
4.046,11.481,38.136,73.213,21.049,42.225,16.22,33.806,0,Agtron 65
4.128,11.907,38.057,72.935,21.556,42.947,16.736,34.806,0,Agtron 65
3.941,11.275,37.548,73.098,19.782,40.354,15.176,32.083,0,Agtron 65
4.324,11.459,38.204,72.565,23.261,45.627,18.404,37.826,0,Agtron 65
4.101,11.374,38.547,73.788,21.102,42.151,16.315,33.964,0,Agtron 65
5.744,12.496,40.519,72.538,34.246,58.24,28.995,52.353,0,Agtron 65
4.033,11.298,37.597,72.636,20.976,42.195,16.284,34.107,0,Agtron 65
4.026,11.352,36.974,72.494,20.628,42.289,16.018,34.25,0,Agtron 65
4.02,11.302,37.595,73.195,20.482,41.91,15.875,33.932,0,Agtron 65
3.873,11.205,36.66,72.592,19.445,40.69,14.91,32.337,0,Agtron 65
3.894,11.01,37.572,73.758,19.294,40.243,14.715,31.814,0,Agtron 65
4.076,11.351,39.034,74.253,21.344,42.863,16.377,34.168,0,Agtron 65
3.916,11.078,36.721,72.5,19.86,41.256,15.321,33.088,0,Agtron 65
4.041,11.338,37.814,73.339,20.47,41.712,15.81,33.514,0,Agtron 65
4.064,11.099,37.733,73.259,20.952,42.607,16.281,34.578,0,Agtron 65
3.855,11.59,36.859,73.137,18.91,39.691,14.386,31.272,0,Agtron 65
3.871,11.149,36.508,73.151,21.027,44.137,16.053,34.967,0,Agtron 75
4.068,11.459,37.462,72.942,22.351,45.53,17.259,36.527,0,Agtron 75
4.187,11.413,37.861,73.295,23.844,47.754,18.546,38.697,0,Agtron 75
4.15,11.763,37.152,72.817,22.328,45.366,17.353,36.73,0,Agtron 75
4.12,11.629,37.412,73.129,22.389,45.491,17.351,36.705,0,Agtron 75
4.253,12.42,36.418,71.722,23.144,46.872,18.12,38.221,0,Agtron 75
8.49,29.982,32.693,67.689,19.007,40.415,14.99,33.069,0,Agtron 75
15.703,39.058,33.185,66.743,32.066,55.482,27.603,50.28,0,Agtron 75
17.66,41.593,32.72,66.083,30.948,54.267,26.68,49.249,0,Agtron 75
17.212,41.3,32.245,64.985,30.784,54.507,26.403,49.022,0,Agtron 75
18.921,42.937,32.449,65.137,31.451,54.97,27.177,49.93,0,Agtron 75
20.343,43.885,32.756,64.648,34.772,58.322,30.159,52.983,0,Agtron 75
19.403,43.52,32.347,64.572,31.364,54.982,27.031,49.764,0,Agtron 75
11.682,35.537,31.622,65.112,19.966,41.703,15.974,34.628,0,Agtron 75
19.532,43.322,32.502,64.603,31.06,54.638,26.719,49.322,0,Agtron 75
18.946,42.474,32.607,64.533,31.824,55.319,27.311,49.78,0,Agtron 75
19.652,43.342,33.437,65.146,30.531,53.874,26.081,48.289,0,Agtron 75
18.304,41.81,32.75,65.092,31.268,54.791,26.741,49.238,0,Agtron 75
20.882,44.413,23.288,49.304,30.237,59.855,27.253,55.055,0,Agtron 25
20.074,43.691,23.748,50.612,29.39,58.915,26.542,54.463,0,Agtron 25
19.149,39.159,27.355,57.343,37.128,66.414,34.475,63.55,0,Agtron 25
17.013,38.429,25.47,54.941,30.48,59.194,28.037,56.228,0,Agtron 25
20.326,40.895,22.576,49.453,34.496,62.157,32.135,59.36,0,Agtron 25
21.344,42.678,22.136,48.379,33.41,61.495,30.908,58.184,0,Agtron 25
33.175,54.377,25.307,47.005,35.045,64.577,30.384,56.339,0,Agtron 25
31.608,54.478,24.101,46.11,30.023,58.981,25.937,51.346,0,Agtron 25
19.753,43.007,30.894,56.953,32.367,57.671,28.05,51.59,0,Agtron 35
19.278,39.525,34.654,64.55,39.517,63.926,35.526,60.227,0,Agtron 35
18.948,40.716,33.762,61.636,33.982,58.987,29.849,53.965,0,Agtron 35
26.158,48.189,30.816,52.114,39.964,66.766,34.322,58.186,0,Agtron 35
23.286,46.176,28.928,51.302,34.16,61.328,29.346,53.412,0,Agtron 35
23.889,47.19,28.258,50.282,34.0,60.8,29.221,52.953,0,Agtron 35
24.48,46.926,29.939,52.114,36.988,63.762,31.915,55.922,0,Agtron 35
21.427,43.252,33.573,61.511,35.883,60.805,31.089,54.358,0,Agtron 45
21.687,43.586,34.818,62.696,36.018,60.803,31.183,54.46,0,Agtron 45
22.456,43.904,34.867,62.534,38.123,62.838,33.158,56.514,0,Agtron 45
25.144,45.609,36.681,63.792,44.581,68.701,38.933,61.938,0,Agtron 45
20.758,41.749,34.603,63.944,37.958,62.558,33.375,57.193,0,Agtron 45
19.778,40.73,35.128,65.148,37.151,61.837,32.697,56.708,0,Agtron 45
25.228,44.039,37.703,65.103,49.252,71.843,43.362,65.236,0,Agtron 45
9.275,23.729,35.588,71.223,30.104,53.157,26.185,49.235,0,Agtron 55
10.048,24.853,36.089,71.409,31.263,54.348,27.296,50.441,0,Agtron 55
12.416,28.668,36.375,71.443,35.49,58.867,31.286,54.977,0,Agtron 55
7.397,18.804,37.713,73.72,31.007,54.558,26.864,50.747,0,Agtron 55
6.958,18.919,37.578,73.47,27.965,50.943,23.897,46.748,0,Agtron 55
7.335,18.611,37.659,73.099,30.008,53.06,25.905,49.058,0,Agtron 55
6.114,15.456,42.312,76.994,28.537,50.467,23.877,45.422,0,Agtron 55
5.264,13.84,39.723,75.204,25.729,48.178,21.24,42.634,0,Agtron 55
6.472,16.914,39.651,75.338,27.754,50.091,23.301,44.887,0,Agtron 65
6.481,15.731,44.196,78.493,30.472,52.247,25.243,46.117,0,Agtron 65
6.53,15.622,45.541,78.808,32.21,53.925,26.698,47.661,0,Agtron 65
5.912,14.927,41.72,77.181,28.011,50.186,23.141,44.185,0,Agtron 65
5.593,13.978,43.37,78.592,27.962,50.279,22.819,43.622,0,Agtron 65
5.353,13.317,42.688,77.962,27.571,50.183,22.485,43.42,0,Agtron 65
5.419,13.241,43.493,78.843,28.094,50.383,22.873,43.672,0,Agtron 65
5.529,13.255,43.106,78.853,30.505,54.301,24.849,46.804,0,Agtron 75
4.682,11.623,42.853,79.585,25.833,49.042,20.274,40.61,0,Agtron 75
4.917,11.883,42.086,78.549,27.565,51.182,22.056,43.293,0,Agtron 75
4.917,12.938,40.326,77.363,26.538,50.593,21.274,42.832,0,Agtron 75
49.352,59.736,33.714,52.672,69.607,84.568,61.612,76.146,1,Agtron 25
58.332,61.132,34.028,51.102,81.794,87.553,73.098,79.528,1,Agtron 25
52.192,60.754,30.028,52.652,83.501,102.2,76.424,95.56,1,Agtron 25
55.192,61.075,33.386,51.23,74.905,85.622,66.646,77.364,1,Agtron 25
50.51,58.495,34.173,55.338,93.011,103.087,84.487,96.107,1,Agtron 25
49.531,58.334,33.531,55.312,91.316,102.634,83.122,95.974,1,Agtron 25
49.026,58.31,33.923,55.213,90.311,102.61,81.905,95.547,1,Agtron 25
40.721,55.332,36.27,60.553,79.123,98.298,71.26,92.122,1,Agtron 35
43.92,56.341,36.275,60.526,84.694,100.023,76.67,94.077,1,Agtron 35
41.336,55.826,36.335,60.787,79.829,97.893,72.121,92.132,1,Agtron 35
47.861,56.678,42.467,60.983,81.384,84.906,71.14,77.0,1,Agtron 35
41.617,55.484,38.567,63.519,81.389,98.77,73.085,92.588,1,Agtron 35
42.658,55.585,37.408,61.937,83.199,99.214,74.865,92.928,1,Agtron 35
46.023,56.581,38.546,61.947,88.431,99.54,79.628,93.353,1,Agtron 35
42.713,55.596,41.827,66.613,85.515,98.048,76.465,92.232,1,Agtron 45
45.91,56.138,43.093,65.591,93.196,99.808,83.264,93.673,1,Agtron 45
45.646,56.092,43.937,65.996,93.425,99.881,83.294,93.657,1,Agtron 45
46.193,56.071,44.492,66.481,94.536,99.86,84.353,93.766,1,Agtron 45
43.181,55.386,43.284,69.131,88.161,98.056,78.698,92.347,1,Agtron 55
47.403,56.327,45.468,69.349,97.111,99.173,86.782,93.604,1,Agtron 55
50.631,56.756,46.905,69.289,103.608,99.332,92.612,93.851,1,Agtron 55
46.639,55.852,46.065,70.011,97.012,99.347,86.583,93.717,1,Agtron 55
39.431,53.5,41.931,69.97,83.043,96.77,74.191,90.952,1,Agtron 65
43.767,54.873,43.288,70.037,91.133,98.583,81.539,92.722,1,Agtron 65
40.912,53.761,42.761,69.711,86.597,97.688,77.371,91.755,1,Agtron 65
43.754,54.894,41.36,67.614,91.311,99.347,81.797,93.227,1,Agtron 65
43.614,55.038,42.326,68.598,90.576,98.836,80.943,92.733,1,Agtron 65
46.529,55.566,43.314,68.605,96.092,99.428,86.066,93.45,1,Agtron 65
43.704,54.769,41.924,67.502,91.307,99.111,81.551,92.726,1,Agtron 65
43.704,54.769,41.924,67.502,91.307,99.111,81.551,92.726,1,Agtron 65
43.375,55.111,41.74,67.908,91.839,99.346,81.947,93.012,1,Agtron 75
40.984,53.985,42.37,68.889,88.684,97.807,79.111,91.792,1,Agtron 75
46.108,55.564,42.152,67.24,97.532,99.707,87.211,93.481,1,Agtron 75
46.908,55.719,46.257,70.272,101.054,99.855,89.92,93.701,1,Agtron 75
30.128,43.262,22.668,46.633,67.093,67.79,62.192,64.592,1,Agtron 65
34.658,47.51,22.107,45.126,74.569,69.54,69.415,66.572,1,Agtron 65
28.292,42.768,22.031,46.462,65.993,68.213,61.162,64.92,1,Agtron 65
32.19,44.54,27.038,48.206,74.052,71.161,68.222,68.021,1,Agtron 65
28.226,43.13,26.476,48.607,65.009,68.622,59.403,64.997,1,Agtron 65
26.261,42.723,30.553,51.701,65.769,67.019,58.809,62.42,1,Agtron 65
29.626,43.361,23.9,46.354,64.848,67.532,59.9,64.387,1,Agtron 65
31.162,45.2,23.474,45.855,65.446,67.944,60.485,64.781,1,Agtron 65
29.7,44.023,23.598,45.537,64.048,68.343,59.084,65.006,1,Agtron 65
31.842,44.691,24.263,46.915,67.338,68.381,62.371,65.471,1,Agtron 65
28.419,42.268,23.588,48.113,69.264,69.394,64.145,66.294,1,Agtron 65
34.478,44.245,24.477,48.167,79.221,69.946,73.962,67.556,1,Agtron 65
29.164,43.983,24.1,48.884,67.848,69.055,62.55,65.703,1,Agtron 65
27.969,41.872,24.353,49.225,69.73,69.425,64.403,66.207,1,Agtron 65
28.446,43.371,24.794,49.894,67.021,68.396,61.685,65.171,1,Agtron 65
34.351,45.889,20.637,40.347,67.923,68.333,63.683,65.765,1,Agtron 65
32.317,45.187,20.461,40.966,65.879,68.209,61.67,65.555,1,Agtron 65
33.053,45.346,20.868,40.957,66.64,68.105,62.37,65.456,1,Agtron 65
30.964,44.463,21.251,41.83,64.046,67.79,59.731,65.036,1,Agtron 65
32.774,45.906,21.221,40.871,63.897,67.845,59.54,64.921,1,Agtron 65
31.858,44.659,21.629,40.487,65.682,68.203,61.308,65.668,1,Agtron 55
32.565,45.097,21.471,40.445,67.016,68.679,62.638,66.207,1,Agtron 55
32.469,44.847,22.303,41.571,64.284,67.003,59.967,64.492,1,Agtron 55
31.556,44.216,21.973,40.788,66.87,69.341,62.357,66.748,1,Agtron 55
30.264,43.99,21.269,41.9,61.0,66.445,56.797,63.814,1,Agtron 55
30.46,43.394,21.041,41.952,64.688,67.874,60.493,65.479,1,Agtron 55
31.699,44.279,21.696,42.987,68.071,68.546,63.672,66.281,1,Agtron 55
30.676,43.145,21.138,42.005,65.213,67.833,61.01,65.475,1,Agtron 55
31.931,45.087,23.654,43.692,64.25,67.304,59.405,64.265,1,Agtron 55
33.209,45.109,23.079,43.963,66.581,67.573,61.929,64.899,1,Agtron 55
31.863,44.227,23.184,43.384,65.372,67.772,60.649,64.876,1,Agtron 55
33.161,44.773,23.137,42.885,67.644,68.289,62.912,65.53,1,Agtron 55
31.344,45.107,24.127,45.094,68.119,69.933,62.971,66.95,1,Agtron 55
30.701,45.047,24.839,43.76,64.108,68.348,58.991,65.25,1,Agtron 55
31.575,44.417,25.599,44.15,67.921,69.6,62.673,66.663,1,Agtron 55
31.624,44.617,25.218,44.045,66.706,68.807,61.548,65.865,1,Agtron 55
30.431,44.376,26.071,45.569,66.613,69.113,61.176,66.013,1,Agtron 55
29.895,44.839,25.415,44.23,65.263,69.783,59.897,66.556,1,Agtron 55
32.77,44.954,25.48,44.954,70.078,69.729,64.779,66.935,1,Agtron 55
30.765,43.818,23.181,47.957,68.945,68.787,63.77,65.269,1,Agtron 75
24.539,40.162,23.677,49.946,63.282,67.592,58.047,63.638,1,Agtron 75
31.316,44.951,23.178,48.155,70.872,69.157,65.606,65.677,1,Agtron 75
28.895,44.064,22.972,48.285,66.394,68.467,61.178,64.699,1,Agtron 75
27.499,42.855,26.354,51.45,69.775,69.434,63.866,65.625,1,Agtron 75
26.863,42.023,25.738,50.314,67.56,69.157,61.787,65.265,1,Agtron 75
29.353,43.106,25.641,49.965,69.627,69.023,63.996,65.413,1,Agtron 75
28.38,42.115,26.459,50.771,70.532,69.612,64.6,65.738,1,Agtron 75
27.653,43.132,24.272,50.553,65.705,68.071,60.105,63.599,1,Agtron 75
40.988,48.536,25.094,49.674,95.424,83.482,89.116,80.766,1,Agtron 75
26.621,42.76,23.751,49.96,63.747,67.83,58.226,63.143,1,Agtron 75
28.598,42.675,25.065,50.894,70.076,70.037,64.189,65.497,1,Agtron 75
30.54,44.308,19.888,37.836,63.252,68.379,59.283,66.004,1,Agtron 45
32.246,45.001,20.753,38.153,65.403,68.445,61.341,66.202,1,Agtron 45
30.677,44.356,20.187,38.12,63.569,68.322,59.555,65.954,1,Agtron 45
32.382,45.611,19.775,37.453,64.202,67.559,60.279,65.3,1,Agtron 45
33.427,46.255,21.867,40.657,64.766,67.562,60.345,64.913,1,Agtron 45
34.105,45.989,22.573,40.548,67.812,69.168,63.226,66.545,1,Agtron 45
32.614,45.183,21.848,40.607,66.265,69.187,61.811,66.569,1,Agtron 45
35.053,46.643,22.065,40.374,69.477,69.644,64.929,67.172,1,Agtron 45
31.426,45.772,25.284,42.71,65.376,69.238,60.262,66.235,1,Agtron 45
30.962,45.001,24.584,42.031,64.525,68.959,59.661,66.047,1,Agtron 45
33.318,45.543,24.502,41.15,68.442,69.616,63.655,67.048,1,Agtron 45
29.76,44.632,25.213,42.844,63.196,68.477,58.188,65.445,1,Agtron 45
28.574,43.078,18.628,35.175,60.878,67.907,57.388,65.795,1,Agtron 35
28.333,43.97,17.924,34.34,58.887,67.559,55.399,65.26,1,Agtron 35
26.975,43.45,17.941,35.089,57.93,67.596,54.404,65.248,1,Agtron 35
27.174,43.356,18.026,34.7,58.322,67.54,54.91,65.384,1,Agtron 35
26.021,43.149,15.779,31.179,55.731,66.682,52.771,64.619,1,Agtron 35
25.567,42.813,15.921,31.305,55.217,66.373,52.238,64.276,1,Agtron 35
25.339,42.77,15.72,31.186,55.493,66.785,52.552,64.746,1,Agtron 35
29.5,45.728,16.421,31.651,60.412,67.375,57.314,65.457,1,Agtron 35
27.242,44.668,15.901,31.412,56.212,66.497,53.219,64.447,1,Agtron 35
26.389,42.82,17.572,34.337,56.545,66.48,53.241,64.304,1,Agtron 35
28.002,44.408,17.679,33.678,57.224,66.764,53.873,64.533,1,Agtron 35
26.919,42.823,17.319,33.659,56.856,66.755,53.606,64.59,1,Agtron 35
25.789,41.9,17.601,34.158,56.66,66.782,53.358,64.592,1,Agtron 35
27.891,43.486,17.994,34.186,57.845,66.482,54.5,64.328,1,Agtron 35
28.669,49.043,13.44,27.935,53.348,65.995,50.865,64.118,1,Agtron 25
26.899,48.201,13.053,27.565,53.63,66.522,51.204,64.713,1,Agtron 25
28.346,47.823,12.823,26.67,53.95,66.255,51.617,64.528,1,Agtron 25
28.038,48.572,13.324,27.755,53.554,66.095,51.107,64.302,1,Agtron 25
28.974,48.498,13.244,27.245,53.337,66.024,50.951,64.246,1,Agtron 25
32.245,52.063,9.983,24.137,51.179,66.059,49.181,64.226,1,Agtron 25
31.75,51.115,9.698,23.698,52.522,66.404,50.577,64.664,1,Agtron 25
31.98,52.755,9.886,24.206,51.707,66.21,49.728,64.407,1,Agtron 25
29.086,49.798,9.787,24.222,51.246,65.961,49.33,64.199,1,Agtron 25
26.539,45.679,13.822,27.777,53.017,65.892,50.539,64.074,1,Agtron 25
27.549,46.787,14.187,28.153,54.581,66.873,52.005,65.048,1,Agtron 25
25.804,45.18,14.21,28.604,54.815,66.67,52.288,64.934,1,Agtron 25
25.245,43.525,14.459,28.772,53.549,65.877,51.07,64.14,1,Agtron 25
27.523,46.548,13.937,27.808,54.038,66.406,51.558,64.636,1,Agtron 25
47.452,55.854,34.283,61.235,83.507,98.69,79.414,96.927,1,Agtron 25
46.517,54.81,33.977,61.749,83.812,97.944,79.979,96.468,1,Agtron 25
45.507,54.542,33.854,61.372,82.595,98.676,78.499,96.86,1,Agtron 25
46.256,55.083,35.485,62.733,83.472,99.275,79.373,97.564,1,Agtron 25
47.286,54.72,34.663,61.189,85.123,98.027,80.851,96.247,1,Agtron 25
34.321,44.998,36.601,68.039,68.923,69.669,64.41,69.155,1,Agtron 35
30.285,44.151,35.377,67.702,70.353,70.491,65.917,70.177,1,Agtron 35
31.173,44.087,36.535,68.652,69.631,69.821,65.14,69.493,1,Agtron 35
31.942,44.447,36.519,68.545,69.635,69.857,65.201,69.545,1,Agtron 35
44.123,51.121,35.732,63.683,87.384,94.871,82.431,93.625,1,Agtron 35
45.104,51.327,36.413,64.262,89.37,95.209,84.365,94.068,1,Agtron 35
35.117,44.734,36.388,66.211,68.663,70.604,64.617,70.133,1,Agtron 35
46.218,52.003,35.118,62.497,89.229,95.428,84.241,93.919,1,Agtron 35
30.978,46.01,41.472,72.429,72.223,71.919,66.848,71.576,1,Agtron 35
32.334,45.041,43.053,73.883,70.619,71.014,65.27,70.642,1,Agtron 35
43.523,52.007,42.29,72.619,92.031,95.507,85.85,94.907,1,Agtron 35
30.739,46.444,41.82,72.798,70.023,70.535,64.852,70.252,1,Agtron 35
27.227,41.986,43.538,74.952,75.323,71.104,68.514,70.226,1,Agtron 45
27.707,41.496,42.545,73.99,70.744,69.47,64.322,68.352,1,Agtron 45
28.053,43.711,42.284,73.826,71.026,69.257,64.738,68.321,1,Agtron 45
28.859,42.984,40.531,72.633,73.452,70.82,67.289,70.011,1,Agtron 45
45.378,53.728,37.97,70.096,92.466,94.01,86.17,93.141,1,Agtron 45
31.631,46.813,38.836,70.896,71.887,70.679,66.425,69.914,1,Agtron 45
29.409,44.793,39.146,71.456,70.16,70.634,64.899,69.951,1,Agtron 45
28.604,42.683,39.624,72.238,70.456,70.363,65.046,69.62,1,Agtron 45
29.67,44.017,38.983,71.93,72.703,69.124,66.445,67.676,1,Agtron 55
42.256,50.469,38.594,71.572,92.558,91.728,85.936,90.992,1,Agtron 55
27.527,41.705,38.908,72.089,71.161,68.783,65.009,67.338,1,Agtron 55
43.191,50.903,38.07,71.409,92.464,91.437,86.074,90.749,1,Agtron 55
26.231,41.233,43.014,74.8,71.999,69.553,65.1,68.208,1,Agtron 55
29.138,43.288,41.814,73.56,74.155,70.058,67.247,68.707,1,Agtron 55
29.402,42.654,42.459,73.874,73.674,69.457,66.799,68.22,1,Agtron 55
28.853,44.024,38.938,72.597,72.331,69.286,65.627,66.913,1,Agtron 65
27.696,44.347,39.209,72.508,72.208,69.218,65.395,66.581,1,Agtron 65
30.394,45.018,38.855,71.953,71.504,69.054,64.869,66.577,1,Agtron 65
29.556,46.412,38.97,72.038,72.454,69.192,65.737,66.736,1,Agtron 65
28.923,43.212,42.551,74.855,75.22,70.269,67.697,67.908,1,Agtron 65
30.122,44.021,41.939,74.29,74.523,70.146,67.122,67.743,1,Agtron 65
28.46,41.974,42.889,75.04,75.486,70.367,67.838,67.813,1,Agtron 65
30.824,43.4,41.876,73.768,75.082,70.195,67.575,67.516,1,Agtron 65
28.787,42.302,43.937,75.552,75.176,70.424,67.317,67.808,1,Agtron 65
29.977,42.193,43.797,75.509,75.696,70.352,67.889,67.807,1,Agtron 65
31.984,44.039,38.801,72.579,71.594,68.332,65.367,66.539,1,Agtron 65
28.81,44.91,39.638,73.609,72.479,68.845,65.999,67.05,1,Agtron 65
30.189,44.035,43.892,75.289,75.56,71.026,66.508,65.404,1,Agtron 75
26.965,42.75,44.249,75.72,76.422,70.408,67.666,65.831,1,Agtron 75
26.041,41.586,46.01,76.743,77.68,71.134,68.528,66.595,1,Agtron 75
26.842,42.684,43.927,75.156,76.253,70.678,67.513,65.928,1,Agtron 75
25.613,41.169,45.262,76.283,77.694,71.754,68.482,66.742,1,Agtron 75
29.064,41.395,45.91,76.059,77.37,70.851,68.172,65.99,1,Agtron 75
43.62,52.257,40.158,72.715,97.847,92.149,89.542,90.256,1,Agtron 75
40.151,68.665,15.648,33.0,79.492,90.596,76.936,89.112,1,Agtron 25
30.644,60.999,8.861,19.846,70.705,91.505,68.848,89.635,1,Agtron 25
39.433,67.41,20.32,43.071,84.545,87.473,81.107,86.184,1,Agtron 35
27.013,57.411,20.156,39.478,82.877,89.261,79.652,87.829,1,Agtron 35
38.764,66.934,23.026,49.551,82.283,85.566,78.01,83.901,1,Agtron 45
28.318,58.787,22.817,45.231,85.166,89.018,81.202,87.51,1,Agtron 45
33.241,63.82,24.332,50.945,85.331,85.901,80.497,83.876,1,Agtron 55
20.362,46.04,23.647,49.426,83.11,86.002,79.115,84.842,1,Agtron 55
31.951,62.55,25.674,53.628,86.578,85.208,81.268,82.862,1,Agtron 65
22.86,49.176,25.083,51.566,84.272,83.128,80.044,81.868,1,Agtron 65
30.796,61.585,27.08,56.406,78.07,75.194,72.599,72.128,1,Agtron 75
22.14,48.281,26.709,54.981,82.42,79.826,77.748,78.06,1,Agtron 75
4.794,10.721,13.592,31.01,33.433,65.546,31.986,64.086,0,Agtron 25
7.834,22.714,7.45,18.203,29.726,61.709,28.706,59.812,0,Agtron 25
4.951,8.492,19.548,43.819,36.623,66.321,34.409,64.476,0,Agtron 35
4.599,8.572,17.567,36.048,32.313,62.307,30.199,59.807,0,Agtron 35
4.965,8.337,22.045,49.247,38.907,67.704,35.938,65.05,0,Agtron 45
4.636,8.421,21.428,45.062,32.16,60.518,29.567,57.73,0,Agtron 45
4.886,8.129,22.116,49.803,39.99,68.45,36.848,65.615,0,Agtron 55
4.598,8.101,23.143,49.555,36.064,64.539,32.66,60.936,0,Agtron 55
5.216,8.234,24.505,54.023,44.305,70.448,40.564,67.131,0,Agtron 65
4.441,7.928,25.083,54.012,32.461,58.95,28.927,54.85,0,Agtron 65
4.953,8.316,25.45,53.876,41.808,68.954,37.545,64.304,0,Agtron 75
3.309,13.616,20.155,47.509,13.256,34.611,11.337,30.786,1,Agtron 25
10.2,31.719,11.99,34.515,11.721,33.14,10.895,31.231,1,Agtron 25
2.866,7.614,25.624,56.971,16.579,38.838,13.445,33.156,1,Agtron 35
3.036,9.496,22.258,50.152,15.669,36.92,13.294,32.873,1,Agtron 35
3.0,7.404,28.64,63.177,20.112,44.728,15.788,36.764,1,Agtron 45
3.339,8.556,27.623,58.67,19.91,44.01,16.333,37.827,1,Agtron 45
2.969,7.217,29.36,64.769,19.615,43.562,15.176,35.152,1,Agtron 55
3.491,8.168,30.613,64.748,22.383,47.021,17.792,39.205,1,Agtron 55
3.148,7.422,31.126,67.652,20.502,44.317,15.681,35.034,1,Agtron 65
3.816,8.468,32.473,67.332,22.669,45.832,17.903,37.551,1,Agtron 65
3.376,7.817,31.338,67.972,23.101,48.805,17.718,38.222,1,Agtron 75
3.842,8.447,32.98,68.354,23.819,47.943,18.607,38.436,1,Agtron 75
4.403,17.864,17.923,42.06,14.278,36.824,12.542,33.512,0,Agtron 25
11.133,33.004,11.451,33.347,13.884,37.421,13.003,35.519,0,Agtron 25
3.348,10.396,23.689,52.593,16.987,40.12,14.251,35.435,0,Agtron 35
3.828,13.37,21.045,46.722,17.325,40.901,15.02,36.974,0,Agtron 35
3.425,9.405,27.237,59.46,20.789,46.038,16.942,39.394,0,Agtron 45
3.602,11.028,25.504,54.633,19.95,44.922,16.673,39.306,0,Agtron 45
3.49,9.174,27.091,60.114,20.794,45.694,16.939,39.178,0,Agtron 55
3.589,9.147,29.086,61.639,23.426,49.377,19.006,42.141,0,Agtron 55
3.159,7.884,28.826,63.7,20.404,44.921,16.013,36.574,0,Agtron 65
4.074,9.557,30.816,64.249,25.239,50.733,20.561,43.193,0,Agtron 65
3.279,7.831,30.116,66.329,22.202,47.794,17.22,38.014,0,Agtron 75
3.638,8.56,31.753,66.12,25.366,51.157,20.019,41.699,0,Agtron 75
2.69,9.71,23.314,52.121,8.848,24.636,7.06,20.287,0,Agtron 25
23.57,46.044,22.81,52.416,66.35,74.626,64.055,74.36,0,Agtron 35
19.95,41.071,25.782,57.809,68.009,74.802,64.9,74.302,0,Agtron 45
12.677,29.974,27.165,59.284,59.58,69.895,55.978,68.756,0,Agtron 55
8.804,19.712,23.455,57.15,56.837,68.076,53.552,66.628,0,Agtron 75
13.972,36.005,21.985,52.629,57.552,68.632,54.292,66.93,0,Agtron 65
31.356,47.716,21.932,41.049,57.421,69.177,54.31,66.501,1,Agtron 25
31.855,48.858,21.302,45.218,62.607,68.991,59.733,67.41,1,Agtron 35
31.948,50.626,23.808,50.017,64.7,68.899,61.326,67.244,1,Agtron 45
33.477,51.808,24.425,51.512,64.842,68.979,61.101,67.091,1,Agtron 55
37.108,54.305,22.06,49.29,66.099,67.546,62.468,65.288,1,Agtron 75
32.825,51.744,20.345,46.695,59.399,65.162,56.281,63.048,1,Agtron 65
5.159,10.396,41.483,69.048,28.035,52.278,22.812,43.319,1,Agtron 25
5.279,12.864,28.083,52.943,28.731,55.923,24.75,48.952,1,Agtron 25
4.837,10.232,33.233,60.776,30.502,56.753,25.252,48.044,1,Agtron 35
5.072,11.652,31.77,60.619,29.112,54.383,24.14,46.395,1,Agtron 45
4.84,10.488,34.713,65.062,29.579,53.925,23.95,44.906,1,Agtron 55
4.243,9.311,30.794,62.328,24.6,47.647,19.954,39.461,1,Agtron 65
4.778,10.519,34.868,67.186,26.548,48.938,21.205,40.008,1,Agtron 75
9.329,26.315,17.605,40.596,24.851,53.765,21.954,47.066,1,Agtron 25
10.045,28.256,17.642,40.486,25.078,53.863,22.282,47.733,1,Agtron 25
5.496,14.499,26.515,50.441,28.594,55.782,24.869,49.5,0,Agtron 25
4.985,11.385,30.681,57.011,29.394,55.263,24.813,47.904,0,Agtron 35
23.217,34.258,31.651,56.606,82.841,89.421,77.561,86.978,0,Agtron 45
24.775,34.151,34.705,60.938,84.754,86.899,78.906,84.531,0,Agtron 55
19.315,31.805,30.413,58.438,74.918,82.127,70.047,79.801,0,Agtron 65
20.421,33.09,34.499,62.914,73.189,80.305,67.439,77.228,0,Agtron 75
22.476,43.284,21.877,48.307,75.699,80.706,72.464,79.746,1,Agtron 65
16.471,33.94,21.179,46.793,76.036,82.279,72.982,81.59,1,Agtron 55
23.041,46.755,19.657,44.259,73.99,82.208,71.197,81.388,1,Agtron 45
19.481,41.249,19.592,41.97,73.07,83.377,70.484,82.568,1,Agtron 35
16.982,38.664,15.847,32.647,72.072,88.312,70.031,87.335,1,Agtron 25
15.756,33.908,26.293,49.598,77.41,80.047,73.469,78.694,1,Agtron 75
5.821,10.216,24.406,50.45,37.478,62.568,34.023,58.736,0,Agtron 65
5.796,10.371,21.92,45.921,44.812,71.282,41.494,68.303,0,Agtron 55
5.695,10.423,20.712,43.26,38.402,65.421,35.551,62.393,0,Agtron 45
6.445,12.012,19.614,39.685,40.313,67.449,37.911,65.229,0,Agtron 35
7.15,14.576,16.293,30.663,42.782,70.09,40.81,68.094,0,Agtron 25
5.986,10.076,26.384,50.263,40.401,63.363,36.363,58.693,0,Agtron 75
4.825,13.519,27.851,50.549,26.076,50.555,22.145,43.221,0,Agtron 25
4.386,9.352,31.711,57.828,27.046,50.717,22.58,43.191,0,Agtron 35
4.356,9.486,32.434,60.278,27.704,52.006,22.93,44.124,0,Agtron 45
4.79,10.263,34.277,63.165,29.051,52.56,24.078,44.888,0,Agtron 55
4.865,10.378,34.903,64.293,29.411,52.522,24.098,43.966,0,Agtron 65
5.384,13.87,34.991,65.295,29.141,52.068,23.837,43.751,0,Agtron 75
4.929,10.138,39.036,65.52,19.235,37.441,15.376,29.811,1,Agtron 25
13.458,12.944,46.926,69.851,70.598,66.371,65.606,64.754,1,Agtron 35
13.426,13.323,48.727,72.266,70.54,66.144,65.009,64.339,1,Agtron 45
11.847,11.819,48.979,71.595,72.405,66.888,65.854,64.634,1,Agtron 55
12.921,12.381,49.071,72.874,71.406,65.607,65.239,63.235,1,Agtron 65
12.949,12.687,46.974,72.333,72.962,66.433,66.912,64.199,1,Agtron 75
